filling time,x(CH4) [ppb],dD VSMOW
03/11/2016 00:01,2072.227736,-85.69
03/11/2016 00:20,1962,-82.55
03/11/2016 01:12,1988.227736,-81.5
03/11/2016 01:30,2045,-85.72
03/11/2016 02:23,1910.227736,-73.01
03/11/2016 02:41,1943,-85.21
03/11/2016 03:33,1951.227736,-83.05
03/11/2016 03:50,1953,-85
03/11/2016 04:42,2004.227736,-113.21
03/11/2016 05:00,1991,-96.08
03/11/2016 05:51,1920.227736,-101.7
03/11/2016 06:09,1947,-85.1
03/11/2016 07:00,1918.227736,-81.12
03/11/2016 07:17,1940,-87.38
03/11/2016 08:09,2069.227736,-99.03
03/11/2016 08:26,1980,-82.72
03/11/2016 09:17,2028.227736,-109.76
03/11/2016 09:34,2079,-101.22
03/11/2016 10:25,2065.227736,-97.86
03/11/2016 10:42,2044,-91.52
03/11/2016 11:33,2015.227736,-98.81
03/11/2016 11:50,2006,-91.23
03/11/2016 12:41,1977.227736,-80.02
03/11/2016 12:58,1985,-86.03
03/11/2016 13:49,1979.227736,-89.87
03/11/2016 14:06,1970,-89.48
03/11/2016 14:57,1992.227736,-86.04
03/11/2016 15:14,2027,-97.02
03/11/2016 16:05,2023.227736,-99.75
03/11/2016 16:22,2053,-88.32
03/11/2016 17:13,2095.227736,-100.57
03/11/2016 17:30,2114,-98.8
03/11/2016 18:21,2162.227736,-113.23
03/11/2016 18:38,2097,-98.53
03/11/2016 19:29,2015.227736,-91.64
03/11/2016 19:46,2036,-95.03
03/11/2016 20:37,2052.227736,-98.75
03/11/2016 20:54,2084,-105.25
03/11/2016 21:45,2094.227736,-103.15
03/11/2016 22:02,2123,-104.06
03/11/2016 22:53,2118.227736,-98.81
03/11/2016 23:10,2117,-100.22
04/11/2016 00:01,2109.227736,-105.35
04/11/2016 00:17,2108,-95.91
04/11/2016 01:08,2090.227736,-100.07
04/11/2016 01:25,2102,-97.45
04/11/2016 02:16,2081.227736,-92.46
04/11/2016 02:33,2088,-98.3
04/11/2016 03:24,2112.227736,-96.65
04/11/2016 03:40,2131,-107.85
04/11/2016 04:31,2120.227736,-92.31
04/11/2016 04:48,2119,-98.28
04/11/2016 05:39,2114.227736,-104.52
04/11/2016 05:56,2119,-103.23
04/11/2016 06:47,2099.227736,-108.08
04/11/2016 07:03,2089,-96.89
04/11/2016 07:54,2119.227736,-100
04/11/2016 08:11,2130,-98.4
04/11/2016 09:02,2105.227736,-99.69
04/11/2016 09:19,2129,-99.82
04/11/2016 10:10,2116.227736,-106.49
04/11/2016 10:26,2123,-105.55
04/11/2016 11:17,2102.227736,-110.8
04/11/2016 11:34,2115,-103.07
04/11/2016 12:25,2103.227736,-107.86
04/11/2016 18:06,2173,-117.21
04/11/2016 18:50,2151,-111.75
04/11/2016 19:12,2145.312754,-109.77
04/11/2016 19:56,2164.312754,-111.36
04/11/2016 20:18,2210,-109.32
04/11/2016 21:02,2209,-109.59
04/11/2016 21:24,2177.312754,-108.92
04/11/2016 22:07,2184.312754,-112.63
04/11/2016 22:29,2242,-109.96
04/11/2016 23:35,2215.312754,-117.71
05/11/2016 00:19,2232.312754,-120.33
05/11/2016 00:41,2321,-121.82
05/11/2016 01:25,2330,-119.43
05/11/2016 10:51,2048.596575,-112.65
05/11/2016 11:35,2023.596575,-106.79
05/11/2016 11:57,2016,-89.73
05/11/2016 12:40,1966,-89.78
05/11/2016 13:02,1959.596575,-88.94
05/11/2016 13:46,1971.596575,-89.72
05/11/2016 14:08,1954,-92.29
05/11/2016 14:52,1948,-91.76
05/11/2016 15:14,1939.596575,-93.68
05/11/2016 15:58,1949.596575,-88.98
05/11/2016 16:20,1975,-88.43
05/11/2016 17:04,2035,-93.3
05/11/2016 17:26,2019.596575,-100.12
05/11/2016 18:10,2061.596575,-95.69
05/11/2016 18:32,2070,-93.85
05/11/2016 19:16,2085,-94.52
05/11/2016 19:38,2061.596575,-99.76
05/11/2016 20:21,2113.596575,-110.72
05/11/2016 20:43,2073,-95.01
05/11/2016 21:27,2004,-92.73
05/11/2016 21:49,2020.596575,-84.45
05/11/2016 22:33,2024.596575,-84.55
05/11/2016 22:55,2004,-90.48
05/11/2016 23:39,2021,-91.33
06/11/2016 00:01,2025.596575,-98.59
06/11/2016 00:45,2038.596575,-86.61
06/11/2016 01:07,2051,-95.15
06/11/2016 01:51,2069,-95.23
06/11/2016 02:13,2056.596575,-99.15
06/11/2016 02:56,2042.596575,-85.23
06/11/2016 03:18,2068,-99.6
06/11/2016 04:02,2026,-96.64
06/11/2016 04:24,1979.596575,-82.38
06/11/2016 05:08,2053.596575,-90.22
06/11/2016 05:30,2004,-90.35
06/11/2016 06:14,1975,-93.31
06/11/2016 06:36,1965.596575,-79.52
06/11/2016 07:20,2027.596575,-88.44
06/11/2016 07:42,2036,-89.42
06/11/2016 08:26,2120,-98.8
06/11/2016 08:48,2135.596575,-104.67
06/11/2016 09:32,2076.596575,-94.28
06/11/2016 09:54,2076,-97.31
06/11/2016 10:37,2091,-97.34
06/11/2016 10:59,2006.596575,-89.31
06/11/2016 11:43,2051.596575,-91.63
06/11/2016 12:05,1991,-82.46
06/11/2016 12:49,2012,-86.7
06/11/2016 13:11,1966.596575,-78.36
06/11/2016 13:55,2006.596575,-80.21
06/11/2016 14:17,2021,-93.23
06/11/2016 15:01,2050,-97.84
06/11/2016 15:23,2011.596575,-99.57
06/11/2016 16:07,2003.596575,-93.4
06/11/2016 16:29,2081,-99.53
06/11/2016 17:13,2047,-94.63
06/11/2016 17:35,2027.596575,-98.32
06/11/2016 18:18,1983.596575,-94.83
06/11/2016 18:40,1977,-88.41
06/11/2016 19:24,2002,-95.4
06/11/2016 19:46,1975.596575,-84.15
06/11/2016 20:30,2235.596575,-118.51
06/11/2016 20:52,2257,-113.92
06/11/2016 21:36,2179,-105.15
06/11/2016 21:58,2167.596575,-103.64
06/11/2016 22:42,2094.596575,-107.28
06/11/2016 23:04,2055,-91.59
06/11/2016 23:48,2114,-95.72
07/11/2016 00:10,2157.596575,-105.85
07/11/2016 00:54,2014.596575,-82.31
07/11/2016 01:15,2015,-87.37
07/11/2016 01:59,1997,-95.12
07/11/2016 02:21,1984.596575,-88.6
07/11/2016 03:05,1983.596575,-81.53
07/11/2016 03:27,1989,-81.53
07/11/2016 04:11,1987,-88.35
07/11/2016 04:33,1985.596575,-89.5
07/11/2016 05:17,1980.596575,-90.32
07/11/2016 05:39,1976,-92.17
07/11/2016 06:23,1975,-86.05
07/11/2016 06:45,1973.596575,-88.99
07/11/2016 07:29,1973.596575,-96.84
07/11/2016 07:51,1972,-89.04
07/11/2016 08:34,1982,-90.44
07/11/2016 08:56,1986.596575,-86.1
07/11/2016 09:40,1971.596575,-78.65
07/11/2016 10:02,1975,-93.05
07/11/2016 10:46,1982,-90.82
07/11/2016 11:08,1978.596575,-96.05
07/11/2016 11:52,1966.596575,-91.88
07/11/2016 12:14,1977,-84.45
07/11/2016 12:58,1977,-84
07/11/2016 13:20,1959.596575,-95.09
07/11/2016 14:04,1983.596575,-98.96
07/11/2016 14:26,1985,-85.98
07/11/2016 15:10,1991,-84.85
07/11/2016 15:32,1980.596575,-82.92
07/11/2016 16:15,1970.596575,-82.96
07/11/2016 16:37,1985,-84.8
07/11/2016 17:21,2012,-86.95
07/11/2016 17:43,2012.596575,-95.42
07/11/2016 18:27,1982.596575,-92.19
07/11/2016 18:49,2004,-89.69
07/11/2016 19:33,2004,-86.3
07/11/2016 19:55,1993.596575,-82.72
07/11/2016 20:39,2022.596575,-89.63
07/11/2016 23:26,2050.596575,-110.89
08/11/2016 00:10,2013.596575,-105.89
08/11/2016 00:32,2031,-97.87
08/11/2016 01:16,2020,-91.06
08/11/2016 01:38,2012.596575,-93.95
08/11/2016 02:22,1992.596575,-105
08/11/2016 02:44,1997,-94.86
08/11/2016 03:28,1994,-88.99
08/11/2016 03:50,1993.596575,-97.71
08/11/2016 04:34,2028.596575,-100.69
08/11/2016 04:56,2027,-90.31
08/11/2016 05:39,2090,-98.25
08/11/2016 06:02,2121.596575,-100.26
08/11/2016 06:45,2084.596575,-98.93
08/11/2016 07:07,2093,-102.38
08/11/2016 07:51,2070,-92.83
08/11/2016 08:13,2136.596575,-99.64
08/11/2016 08:57,2138.596575,-94.62
08/11/2016 09:19,2112,-99.01
08/11/2016 10:03,2063,-100.01
08/11/2016 10:25,2041.596575,-86.21
08/11/2016 11:09,2022.596575,-88.81
08/11/2016 11:31,2056,-94.64
08/11/2016 12:15,2019,-95.5
08/11/2016 12:37,2032.596575,-92.33
08/11/2016 13:21,2029.596575,-87.64
08/11/2016 13:42,2026,-91.04
08/11/2016 14:26,2045,-94.22
08/11/2016 14:48,2043.596575,-94.78
08/11/2016 15:32,2070.596575,-102.88
08/11/2016 15:54,2048,-93.28
08/11/2016 16:38,2046,-96.95
08/11/2016 17:00,2077.596575,-101.42
08/11/2016 17:44,2137.596575,-101.62
08/11/2016 18:06,2127,-102.04
08/11/2016 18:50,2124,-96.19
08/11/2016 19:12,2112.596575,-106.53
08/11/2016 19:56,2173.596575,-112.56
08/11/2016 20:18,2163,-103.95
08/11/2016 21:01,2120,-96.37
09/11/2016 02:53,,-110.03
09/11/2016 03:37,,-111.75
09/11/2016 03:59,,-118.15
09/11/2016 04:42,,-113.17
09/11/2016 05:04,,-114.77
09/11/2016 05:48,,-112.51
09/11/2016 06:10,,-116.14
09/11/2016 06:54,,-111.15
14/11/2016 08:58,2484.812359,-129.19
14/11/2016 09:32,2408.812359,-126.6
14/11/2016 10:40,2361.812359,-125.1
14/11/2016 11:14,2306.812359,-123.98
14/11/2016 12:21,2238.812359,-112.58
14/11/2016 12:55,2221.812359,-111.83
14/11/2016 14:03,2210.812359,-109.94
14/11/2016 14:37,2192.812359,-105.88
14/11/2016 15:44,2192.812359,-105.99
14/11/2016 16:18,2199.812359,-107.19
14/11/2016 17:26,2242.812359,-110.94
14/11/2016 21:43,2212.812359,-112.21
14/11/2016 22:17,2190.812359,-112.74
14/11/2016 23:24,2225.812359,-109.05
14/11/2016 23:58,2215.812359,-109.39
15/11/2016 01:06,2174.812359,-106.89
15/11/2016 01:39,2147.812359,-109.49
15/11/2016 02:47,2152.812359,-109.52
15/11/2016 03:21,2193.812359,-109.49
15/11/2016 04:29,2184.812359,-111.22
15/11/2016 05:02,2185.812359,-109.46
15/11/2016 06:10,2156.812359,-108.32
15/11/2016 06:44,2155.812359,-106.72
15/11/2016 07:51,2189.812359,-106.63
15/11/2016 08:25,2134.812359,-102.7
15/11/2016 09:33,2023.812359,-91.07
15/11/2016 10:07,1973.812359,-82.97
15/11/2016 14:41,1945.812359,-91.01
15/11/2016 15:15,1932.812359,-80.47
15/11/2016 16:23,1935.812359,-84.58
15/11/2016 16:56,1936.812359,-82.65
15/11/2016 18:04,1940.812359,-80.26
15/11/2016 18:38,1934.812359,-77.8
15/11/2016 19:45,1945.812359,-87.41
15/11/2016 20:19,1980.812359,-90.51
15/11/2016 21:27,1917.812359,-77.48
15/11/2016 22:01,1945.812359,-84.35
15/11/2016 23:08,2057.812359,-96.07
15/11/2016 23:42,2083.812359,-99.87
16/11/2016 00:50,2088.812359,-93.31
16/11/2016 01:24,2097.812359,-98.11
16/11/2016 02:31,1995.812359,-89.54
16/11/2016 03:05,1997.812359,-88.1
16/11/2016 04:13,2009.812359,-88.22
16/11/2016 04:47,2113.812359,-97.71
16/11/2016 05:54,2159.812359,-102.75
16/11/2016 06:28,2144.812359,-101.98
16/11/2016 07:36,2163.812359,-106.75
16/11/2016 08:09,2169.812359,-106.98
16/11/2016 10:56,1922.812359,-82.06
16/11/2016 11:29,1913.812359,-74.28
16/11/2016 12:37,1942.812359,-79.26
16/11/2016 13:11,1917.812359,-79.4
16/11/2016 14:18,1952.812359,-77.91
16/11/2016 14:52,1937.812359,-81.89
16/11/2016 16:00,1949.812359,-84.85
16/11/2016 16:34,1977.812359,-90.81
16/11/2016 17:41,1948.812359,-83.15
16/11/2016 18:15,1958.812359,-88.39
16/11/2016 19:23,2010.812359,-93.55
16/11/2016 19:57,1985.812359,-85.44
16/11/2016 21:04,1955.812359,-86.81
16/11/2016 21:38,1994.812359,-95.08
16/11/2016 22:46,2014.812359,-96.94
16/11/2016 23:20,1950.812359,-94.88
17/11/2016 00:27,1999.812359,-84.76
17/11/2016 01:01,1990.812359,-85.44
17/11/2016 02:09,1966.812359,-92.6
17/11/2016 02:43,2021.812359,-97.13
17/11/2016 03:50,2029.812359,-91.13
17/11/2016 04:24,2058.812359,-99.57
17/11/2016 05:32,2153.812359,-104.51
17/11/2016 06:05,2166.812359,-112.53
23/11/2016 17:20,2149,-94.02
23/11/2016 17:54,2255,-103.02
23/11/2016 19:02,2072,-96.57
23/11/2016 19:36,2028,-87.45
23/11/2016 20:44,1957,-88.74
23/11/2016 21:17,1950,-85.12
23/11/2016 22:25,1932,-87.51
23/11/2016 22:59,1945,-83.32
24/11/2016 00:07,1940,-77.62
24/11/2016 00:41,1936,-82.48
24/11/2016 01:48,1944,-77.48
24/11/2016 02:22,1937,-78.99
24/11/2016 03:30,1943,-78.69
24/11/2016 04:04,1937,-80.32
24/11/2016 05:12,1951,-80.83
24/11/2016 05:46,1947,-79.78
24/11/2016 06:53,1947,-80.29
24/11/2016 07:27,1955,-80.03
24/11/2016 08:35,1961,-77.87
24/11/2016 09:09,1933,-81.26
24/11/2016 21:23,1997,-91.01
24/11/2016 23:04,2015,-95.31
24/11/2016 23:38,2015,-90.69
25/11/2016 01:20,2016,-94.16
25/11/2016 04:10,1974,-88.26
25/11/2016 05:51,2012,-88.52
25/11/2016 06:26,1996,-90.37
25/11/2016 08:07,1984,-87.95
25/11/2016 10:57,2001,-89.86
25/11/2016 12:39,2025,-93.98
25/11/2016 16:44,2007,-88.76
25/11/2016 17:18,1987,-86.22
25/11/2016 19:34,2023,-92.85
25/11/2016 21:15,2027,-92.94
25/11/2016 23:31,2102,-99.81
26/11/2016 00:05,2073,-95.17
26/11/2016 02:21,2122,-105.78
26/11/2016 04:03,2151,-97.57
26/11/2016 06:18,2110,-106.73
26/11/2016 06:52,2100,-95.1
26/11/2016 09:08,1934,-88.18
26/11/2016 10:50,1949,-93.01
26/11/2016 13:06,2407,-119.47
26/11/2016 13:40,2333,-120.41
26/11/2016 15:56,2036,-91.26
26/11/2016 17:37,2083,-102.22
26/11/2016 19:53,2022,-92.1
26/11/2016 20:27,1968,-84.92
26/11/2016 22:43,1904,-69.98
27/11/2016 00:24,1920,-71.77
27/11/2016 02:40,1920,-82.01
27/11/2016 03:14,1923,-82.26
27/11/2016 05:30,1938,-78.68
27/11/2016 07:11,1939,-85.77
27/11/2016 09:27,1951,-86.66
27/11/2016 10:01,1943,-86.8
27/11/2016 12:17,1931,-83.46
27/11/2016 13:59,1940,-83.03
27/11/2016 16:14,1937,-86.7
27/11/2016 16:49,1932,-79.61
27/11/2016 19:04,1949,-84.14
27/11/2016 20:46,1970,-90.98
28/11/2016 01:58,1964.118795,-94.61
28/11/2016 02:33,1953.118795,-93.75
28/11/2016 04:48,1972.118795,-93.36
28/11/2016 06:30,1967.118795,-87.41
28/11/2016 08:46,1966.118795,-88.2
28/11/2016 09:20,1942.118795,-87.03
28/11/2016 11:36,1993.118795,-82.65
28/11/2016 13:17,2003.118795,-91.17
28/11/2016 15:33,1996.118795,-85.43
28/11/2016 16:07,1980.118795,-86.3
28/11/2016 18:23,1987.118795,-85.6
28/11/2016 20:05,1970.118795,-80.16
28/11/2016 22:21,1990.118795,-85.01
28/11/2016 22:55,1980.118795,-85.88
29/11/2016 01:11,1980.118795,-83.87
29/11/2016 02:52,1993.118795,-87.56
29/11/2016 05:08,2006.118795,-84.5
29/11/2016 05:42,2017.118795,-90.25
29/11/2016 07:58,1995.118795,-89.79
29/11/2016 09:39,2117.118795,-91.73
29/11/2016 11:55,2328.118795,-113.61
29/11/2016 12:29,2215.118795,-109.61
29/11/2016 14:45,2360.118795,-115.13
29/11/2016 16:27,2424.118795,-122.75
29/11/2016 18:43,2366.118795,-119.66
29/11/2016 19:17,2284.118795,-115.65
29/11/2016 21:33,2327.118795,-116.1
29/11/2016 23:14,2253.118795,-102.79
30/11/2016 01:30,2246.118795,-101.33
30/11/2016 02:04,2236.118795,-106.33
30/11/2016 04:20,2245.118795,-108.32
30/11/2016 06:02,2236.118795,-106.54
30/11/2016 18:27,1954,-89.84
30/11/2016 19:01,1909,-88.6
30/11/2016 21:17,1907,-86.32
30/11/2016 23:33,1926,-89.64
01/12/2016 01:14,1987,-93.71
01/12/2016 03:30,1973,-89.9
01/12/2016 04:04,1929,-91.62
01/12/2016 06:20,1934,-89.8
01/12/2016 08:36,1933,-89.19
01/12/2016 10:17,1968,-91.23
01/12/2016 12:33,2005,-83.94
01/12/2016 13:07,1955,-83.6
01/12/2016 18:17,1986,-93.34
01/12/2016 18:51,1917,-78.91
01/12/2016 21:07,1912,-88.45
01/12/2016 23:23,1903,-81.66
02/12/2016 01:04,1954,-78.1
02/12/2016 03:20,1947,-83.94
02/12/2016 03:54,1900,-83.22
02/12/2016 06:10,1899,-82.13
02/12/2016 08:26,1905,-82.46
02/12/2016 10:08,1956,-89.28
02/12/2016 12:23,1962,-79.94
02/12/2016 12:58,1911,-84.73
02/12/2016 15:13,1909,-84.72
02/12/2016 17:29,1906,-85.96
02/12/2016 19:11,1950,-75.48
02/12/2016 21:27,1953,-77.68
02/12/2016 22:01,1905,-82.59
03/12/2016 00:17,1919,-84.36
03/12/2016 02:32,1909,-90.22
03/12/2016 04:14,1957,-87.92
03/12/2016 06:30,1964,-81.74
03/12/2016 07:04,1915,-86.51
03/12/2016 09:20,1911,-87.09
03/12/2016 11:35,1904,-90.09
03/12/2016 13:17,1963,-84.22
03/12/2016 15:33,1956,-90.65
03/12/2016 16:07,1910,-83.91
03/12/2016 18:23,1914,-85.02
03/12/2016 20:39,1958,-92.09
03/12/2016 22:20,2005,-87.76
04/12/2016 00:36,2015,-94.82
04/12/2016 01:10,2052,-103.03
04/12/2016 03:26,2063,-99.93
04/12/2016 05:42,1920,-89.83
04/12/2016 07:23,1977,-85.54
04/12/2016 09:39,1985,-85.79
04/12/2016 10:13,1940,-92.36
04/12/2016 12:29,2795,-146.37
04/12/2016 17:51,2313,-115.36
04/12/2016 18:25,2267,-112.19
04/12/2016 20:41,2382,-123.32
04/12/2016 22:57,2248,-113.24
05/12/2016 00:39,2341,-115.21
05/12/2016 02:54,2224,-107.31
05/12/2016 03:29,2213,-108.62
05/12/2016 05:44,2203,-109.82
05/12/2016 08:00,2143,-101.78
05/12/2016 09:42,2200,-108.99
05/12/2016 11:58,2341,-113.8
05/12/2016 12:32,2718,-143.68
05/12/2016 14:48,2625,-132.43
05/12/2016 17:03,2409,-120.2
05/12/2016 18:45,2320,-104.46
05/12/2016 21:01,2196,-97.07
05/12/2016 21:35,2139,-100.92
05/12/2016 23:51,2104,-90.94
06/12/2016 02:07,2711,-139.06
06/12/2016 03:48,2549,-120.64
06/12/2016 06:04,2817,-145.94
06/12/2016 06:38,2740,-145.67
06/12/2016 08:54,2572,-133.83
06/12/2016 11:10,2828,-141.48
06/12/2016 12:51,2876,-138.1
06/12/2016 15:07,2639,-126.17
06/12/2016 15:41,2759,-137.52
06/12/2016 17:57,2756,-141.73
06/12/2016 20:13,2662,-135.82
06/12/2016 21:55,2657,-129.89
07/12/2016 00:10,2642,-131.12
07/12/2016 00:45,2633,-135.84
07/12/2016 03:00,2681,-141.05
07/12/2016 05:16,2723,-142.73
07/12/2016 06:58,2555,-131.05
07/12/2016 09:13,2473,-119.94
07/12/2016 09:48,2419,-121.01
07/12/2016 12:03,2357,-122.36
07/12/2016 14:19,2267,-112.33
07/12/2016 16:01,2274,-114.03
07/12/2016 18:17,2229,-108.13
07/12/2016 18:51,2199,-109.62
07/12/2016 21:07,2171,-109.27
07/12/2016 23:22,2165,-109.15
08/12/2016 01:04,2204,-109.37
08/12/2016 03:20,2214,-106.68
08/12/2016 03:54,2207,-110.64
08/12/2016 06:10,2129,-104.85
08/12/2016 21:21,2144,-96.57
08/12/2016 21:56,2176,-98.91
08/12/2016 22:30,2190,-101.05
08/12/2016 23:39,2179,-107.49
09/12/2016 00:13,2132,-105.4
09/12/2016 01:22,2051,-91.29
09/12/2016 01:56,2015,-85.17
09/12/2016 03:05,1971,-85.89
09/12/2016 03:40,1975,-84.75
09/12/2016 04:48,1970,-84.69
09/12/2016 05:23,1996,-90.57
09/12/2016 06:31,1997,-92.78
09/12/2016 07:06,2015,-96.53
09/12/2016 08:15,1998,-84.88
09/12/2016 08:49,1993,-87.7
09/12/2016 09:58,1968,-79.04
09/12/2016 10:32,1989,-87.82
09/12/2016 11:41,2056,-92.7
09/12/2016 12:15,2152,-106.92
09/12/2016 13:24,2250,-111.68
09/12/2016 13:59,2258,-109.61
09/12/2016 15:07,2206,-115.61
09/12/2016 15:42,2204,-113.06
09/12/2016 16:50,2194,-116.24
09/12/2016 17:25,2200,-117.09
09/12/2016 18:34,2138,-98.56
09/12/2016 19:08,2126,-102.83
09/12/2016 20:17,2108,-107.77
09/12/2016 20:51,2139,-107.08
09/12/2016 22:00,2165,-113.11
09/12/2016 22:34,2170,-110.1
09/12/2016 23:43,2199,-100.5
10/12/2016 00:18,2144,-108.17
10/12/2016 01:26,2179,-111.67
10/12/2016 02:01,2213,-106.79
10/12/2016 03:09,2193,-96.91
10/12/2016 03:44,2189,-94.63
10/12/2016 04:53,2222,-108.11
10/12/2016 05:27,2157,-104
10/12/2016 06:36,2220,-106.71
10/12/2016 07:10,2202,-110.19
10/12/2016 08:19,2201,-101
10/12/2016 08:53,2223,-110.28
10/12/2016 10:02,2221,-105.52
10/12/2016 10:37,2192,-104.13
10/12/2016 11:45,2192,-110.32
10/12/2016 12:20,2145,-107.4
10/12/2016 13:28,2192,-104.05
10/12/2016 14:03,2224,-110.9
10/12/2016 15:12,2109,-98.79
10/12/2016 15:46,2190,-109.22
10/12/2016 16:55,2215,-105.52
10/12/2016 17:29,2263,-110.23
10/12/2016 18:38,2256,-99.78
11/12/2016 10:04,1955,-91.67
11/12/2016 11:13,1946,-79.65
11/12/2016 11:47,1931,-85.62
11/12/2016 12:56,1936,-89.24
11/12/2016 13:30,1936,-85.66
11/12/2016 14:39,1951,-81.67
11/12/2016 15:13,1947,-76.23
11/12/2016 16:22,1944,-76.68
11/12/2016 16:56,1898,-63.87
11/12/2016 18:05,1907,-78.63
11/12/2016 18:40,1938,-77.87
11/12/2016 19:48,1937,-75.7
11/12/2016 20:23,1927,-72.12
11/12/2016 21:32,1921,-82.05
11/12/2016 22:06,1931,-74.24
11/12/2016 23:15,1926,-88.68
11/12/2016 23:49,1907,-80.44
12/12/2016 00:58,1921,-89.46
12/12/2016 01:32,1937,-81.36
12/12/2016 02:41,1897,-90.98
12/12/2016 03:15,1919,-93.16
12/12/2016 04:24,1887,-91.91
12/12/2016 04:59,1927,-93.58
12/12/2016 06:07,1964,-86.03
12/12/2016 06:42,1952,-88.37
12/12/2016 07:51,1931,-84.56
12/12/2016 08:25,1928,-88.92
12/12/2016 09:34,1941,-86.62
12/12/2016 10:08,1967,-83.39
12/12/2016 11:17,2035,-96.28
12/12/2016 11:51,2064,-101.6
12/12/2016 13:00,2123,-102.36
12/12/2016 13:34,2101,-105.71
12/12/2016 17:13,2215,-95.09
12/12/2016 18:22,2318,-113
12/12/2016 18:56,2282,-120.28
12/12/2016 20:05,2246,-114.24
12/12/2016 20:39,2237,-109.68
12/12/2016 21:48,2242,-113.31
12/12/2016 22:23,2267,-120.59
12/12/2016 23:31,2318,-116.31
13/12/2016 00:06,2373,-122.19
13/12/2016 01:15,2332,-127.61
13/12/2016 01:49,2320,-130.29
13/12/2016 02:58,2286,-122.02
13/12/2016 03:32,2219,-122.39
13/12/2016 04:41,2226,-113.35
13/12/2016 05:15,2269,-117.5
13/12/2016 06:24,2254,-117.24
13/12/2016 06:58,2310,-111.82
13/12/2016 08:07,2288,-109.82
15/12/2016 23:26,2149.990877,-98.95
16/12/2016 00:35,2085.990877,-99.13
16/12/2016 01:09,2132.990877,-107.8
16/12/2016 02:18,2173.990877,-111.82
16/12/2016 02:52,2167.990877,-109.57
16/12/2016 04:01,2157.990877,-113.83
16/12/2016 04:36,2189.990877,-117.82
16/12/2016 05:44,2174.990877,-105.1
16/12/2016 06:19,2169.990877,-113.45
16/12/2016 07:28,2189.990877,-110.53
16/12/2016 08:02,2154.990877,-121.63
16/12/2016 09:13,2202.990877,-111.77
16/12/2016 10:22,2251.990877,-115.33
16/12/2016 10:56,2221.990877,-114.32
16/12/2016 12:05,2179.990877,-107.63
16/12/2016 12:40,2150.990877,-111.31
16/12/2016 13:48,2220.990877,-115.64
16/12/2016 14:23,2203.990877,-115.76
16/12/2016 15:32,2223.990877,-110.69
16/12/2016 16:06,2237.990877,-105.45
16/12/2016 17:15,2217.990877,-108.85
16/12/2016 17:49,2297.990877,-121.31
16/12/2016 18:58,2329.990877,-124.64
16/12/2016 19:32,2268.990877,-115.05
16/12/2016 20:41,2397.990877,-125.05
16/12/2016 21:15,2371.990877,-129.12
16/12/2016 22:24,2410.990877,-124.11
16/12/2016 22:59,2455.990877,-129.64
17/12/2016 00:07,2463.990877,-126.97
17/12/2016 00:42,2471.990877,-129.37
17/12/2016 01:51,2414.990877,-134.52
17/12/2016 02:25,2389.990877,-121.9
17/12/2016 03:34,2439.990877,-126.04
17/12/2016 04:08,2445.990877,-129.26
17/12/2016 05:17,2534.990877,-144.2
17/12/2016 05:51,2573.990877,-137.49
17/12/2016 07:00,2571.990877,-138.81
17/12/2016 07:34,2569.990877,-141.94
17/12/2016 08:43,2580.990877,-145.64
17/12/2016 09:18,2588.990877,-141.22
17/12/2016 10:26,2556.990877,-140.85
17/12/2016 11:01,2513.990877,-139.89
17/12/2016 12:10,2592.990877,-142.83
17/12/2016 12:44,2574.990877,-136.62
17/12/2016 13:53,2619.990877,-140.69
17/12/2016 14:27,2625.990877,-144.39
17/12/2016 15:36,2095.990877,-107.99
17/12/2016 16:10,1952.990877,-92.9
17/12/2016 17:55,2062.990877,-101.61
17/12/2016 18:29,2094.990877,-97.67
17/12/2016 19:37,2100.990877,-103.65
17/12/2016 20:12,2076.990877,-99.32
17/12/2016 21:20,1968.990877,-89.77
17/12/2016 21:55,1980.990877,-98.36
17/12/2016 23:04,2063.990877,-97.13
17/12/2016 23:38,2087.990877,-100.24
18/12/2016 00:47,2020.990877,-96.4
18/12/2016 01:21,2016.990877,-95.49
18/12/2016 02:30,2081.990877,-104.85
18/12/2016 03:04,2059.990877,-101.36
18/12/2016 04:13,2086.990877,-100.47
18/12/2016 04:47,2067.990877,-99.99
18/12/2016 05:56,2058.990877,-93.68
18/12/2016 06:31,2024.990877,-86.62
18/12/2016 07:39,2069.990877,-102.67
18/12/2016 08:14,2063.990877,-101.43
18/12/2016 09:23,1978.990877,-92.22
18/12/2016 09:57,2054.990877,-90.88
18/12/2016 11:06,2044.990877,-102.84
18/12/2016 11:40,1997.990877,-91.2
18/12/2016 12:49,1932.990877,-84.88
18/12/2016 13:23,1949.990877,-84.6
18/12/2016 14:32,1939.990877,-85.42
18/12/2016 15:06,1911.990877,-80.96
18/12/2016 16:15,1943.990877,-81.58
18/12/2016 16:51,1947.990877,-87.82
18/12/2016 17:25,1975.990877,-103.15
18/12/2016 18:34,1985.990877,-82.25
18/12/2016 19:08,1972.990877,-93.51
18/12/2016 20:17,2026.990877,-96.15
18/12/2016 20:51,2009.990877,-91.74
18/12/2016 22:00,2026.990877,-92.06
18/12/2016 22:35,2067.990877,-98.55
18/12/2016 23:43,2015.990877,-90.95
19/12/2016 00:18,2155.990877,-110.39
19/12/2016 01:27,2271.990877,-112.44
19/12/2016 02:01,2445.990877,-122.48
19/12/2016 03:10,2102.990877,-101.83
19/12/2016 03:44,2005.990877,-94.19
19/12/2016 04:53,2037.990877,-100.02
19/12/2016 05:27,2334.990877,-122.62
19/12/2016 06:36,2534.990877,-137.14
19/12/2016 07:10,2343.990877,-122
19/12/2016 08:19,2136.990877,-97.64
19/12/2016 08:54,2007.990877,-89.65
19/12/2016 10:02,2185.990877,-108.23
19/12/2016 10:37,2201.990877,-109.12
19/12/2016 11:45,2608.990877,-136.56
19/12/2016 12:20,2480.990877,-127.23
19/12/2016 13:29,2553.990877,-140.22
19/12/2016 14:03,2339.990877,-120.19
19/12/2016 15:12,2065.990877,-98.84
19/12/2016 15:46,2016.990877,-89.55
19/12/2016 16:55,2032.990877,-91.17
19/12/2016 17:29,2220.990877,-112.28
19/12/2016 18:38,2336.990877,-124.37
19/12/2016 19:12,2179.990877,-114.4
19/12/2016 20:21,2140.990877,-105.66
19/12/2016 20:56,2118.990877,-109.15
19/12/2016 22:04,2068.990877,-102.86
19/12/2016 22:39,2062.990877,-102.58
19/12/2016 23:48,2071.990877,-94.76
20/12/2016 00:22,2063.990877,-98.96
20/12/2016 01:31,2066.990877,-93.78
20/12/2016 02:05,2082.990877,-99.83
20/12/2016 03:14,2074.990877,-94.57
20/12/2016 03:48,2089.990877,-103.16
20/12/2016 04:57,2105.990877,-108.74
20/12/2016 05:31,2126.990877,-111.13
20/12/2016 06:40,2115.990877,-104.46
20/12/2016 07:15,2105.990877,-110.76
20/12/2016 08:23,2097.990877,-105.58
20/12/2016 08:58,2089.990877,-104.04
20/12/2016 10:07,2073.990877,-108.28
20/12/2016 10:41,2089.990877,-101.42
20/12/2016 11:50,2077.990877,-97.27
20/12/2016 12:24,2084.990877,-96.26
20/12/2016 13:33,2089.990877,-101.65
20/12/2016 14:07,2082.990877,-103.54
20/12/2016 15:16,2075.990877,-96.77
20/12/2016 15:50,2118.990877,-99.87
20/12/2016 21:13,2182.805824,-95.46
20/12/2016 21:47,2143.805824,-101.44
20/12/2016 22:56,2198.805824,-102.81
20/12/2016 23:31,2199.805824,-108.02
21/12/2016 00:39,2261.805824,-107.2
21/12/2016 01:14,2308.805824,-113.98
21/12/2016 02:23,2408.805824,-123.63
21/12/2016 02:57,2449.805824,-118.72
21/12/2016 04:06,2440.805824,-120.73
21/12/2016 04:40,2379.805824,-122.88
21/12/2016 05:49,2407.805824,-122.55
21/12/2016 06:24,2398.805824,-110.44
21/12/2016 07:32,2323.805824,-114.29
21/12/2016 08:07,2314.805824,-111.53
21/12/2016 09:16,2252.805824,-111.87
21/12/2016 09:55,2145.805824,-108.02
21/12/2016 10:29,2177.805824,-108.71
21/12/2016 11:38,2137.805824,-101.59
21/12/2016 12:12,2137.805824,-103.51
21/12/2016 12:47,1902.805824,-90.23
21/12/2016 13:22,2059.805824,-98.07
21/12/2016 14:30,2090.805824,-109.89
21/12/2016 15:05,2095.805824,-97.72
21/12/2016 16:14,2093.805824,-98.05
21/12/2016 16:48,2099.805824,-110.31
21/12/2016 17:57,2123.805824,-101.81
21/12/2016 18:31,2097.805824,-97.57
21/12/2016 19:40,2091.805824,-104.87
21/12/2016 20:14,2100.805824,-83.61
21/12/2016 21:23,2120.805824,-114.91
21/12/2016 21:58,2118.805824,-98.72
21/12/2016 23:07,2126.805824,-104.19
21/12/2016 23:41,2126.805824,-97.83
22/12/2016 00:50,2113.805824,-91.89
22/12/2016 01:24,2130.805824,-103.94
22/12/2016 02:33,2124.805824,-104.49
22/12/2016 03:07,2122.805824,-99.2
22/12/2016 04:16,2109.805824,-93.35
22/12/2016 04:51,2138.805824,-85.93
22/12/2016 05:59,2127.805824,-99.64
22/12/2016 06:34,2137.805824,-107.83
22/12/2016 07:43,2159.805824,-105.21
22/12/2016 08:17,2142.805824,-99.16
22/12/2016 09:26,2158.805824,-109.09
22/12/2016 10:00,2130.805824,-109.43
22/12/2016 13:31,2185.805824,-97.1
22/12/2016 14:40,2079.805824,-96.34
22/12/2016 15:15,2066.805824,-94.62
22/12/2016 16:23,2200.805824,-113.58
22/12/2016 16:58,2176.805824,-100.37
22/12/2016 18:07,2173.805824,-107.17
22/12/2016 18:41,2127.805824,-95.15
22/12/2016 19:50,2133.805824,-98.88
22/12/2016 20:24,2129.805824,-105.97
22/12/2016 21:33,2130.805824,-97.09
22/12/2016 22:07,2118.805824,-87.17
22/12/2016 23:16,2101.805824,-94.58
22/12/2016 23:50,2107.805824,-99.88
23/12/2016 00:59,2093.805824,-97.28
23/12/2016 01:34,2070.805824,-101.48
23/12/2016 02:42,2108.805824,-105.21
23/12/2016 03:17,2117.805824,-102.93
23/12/2016 04:26,2136.805824,-105.39
23/12/2016 05:00,2134.805824,-106.9
23/12/2016 06:09,2155.805824,-105.72
23/12/2016 06:43,2128.805824,-110.05
23/12/2016 07:52,2153.805824,-99.58
23/12/2016 09:06,2145.805824,-110.99
23/12/2016 10:14,2126.805824,-100.8
23/12/2016 10:49,2104.805824,-100.11
23/12/2016 11:58,2143.805824,-106.77
23/12/2016 12:32,2097.805824,-97.16
23/12/2016 13:41,2071.805824,-94.55
23/12/2016 14:15,2078.805824,-95.25
23/12/2016 15:24,2057.805824,-104.35
23/12/2016 15:58,2073.805824,-94.2
23/12/2016 17:07,2081.805824,-100.55
23/12/2016 17:41,2041.805824,-97.72
23/12/2016 18:50,2029.805824,-100.57
23/12/2016 19:25,2011.805824,-96.91
23/12/2016 20:33,2004.805824,-95.3
23/12/2016 21:08,1997.805824,-97.69
23/12/2016 22:17,1996.805824,-94.73
23/12/2016 22:51,2000.805824,-96.88
24/12/2016 00:00,2014.805824,-96.33
24/12/2016 00:34,2015.805824,-97.09
24/12/2016 01:43,1998.805824,-90.75
24/12/2016 02:17,1988.805824,-88.7
24/12/2016 03:26,1998.805824,-88.58
24/12/2016 04:00,1960.805824,-90.57
24/12/2016 05:09,1936.805824,-81.15
24/12/2016 05:44,1943.805824,-84.19
24/12/2016 06:52,1948.805824,-88.86
24/12/2016 07:27,1962.805824,-79.96
24/12/2016 08:36,1976.805824,-91.42
24/12/2016 09:10,1968.805824,-93.05
24/12/2016 10:19,1971.805824,-81.51
24/12/2016 10:53,1965.805824,-84.7
24/12/2016 12:02,1950.805824,-86.55
24/12/2016 15:14,1913.805824,-83.31
24/12/2016 16:22,1927.805824,-72.03
24/12/2016 16:57,1952.805824,-79.55
24/12/2016 18:06,1959.805824,-76.85
24/12/2016 18:40,1952.805824,-79.85
24/12/2016 19:49,1934.805824,-80.86
24/12/2016 20:23,1939.805824,-79.21
24/12/2016 21:32,1942.805824,-92.17
24/12/2016 22:06,1944.805824,-90.04
24/12/2016 23:15,1957.805824,-78.71
24/12/2016 23:49,1966.805824,-87.6
25/12/2016 00:58,1948.805824,-75.38
25/12/2016 01:33,1958.805824,-87.7
25/12/2016 02:41,1952.805824,-84.91
25/12/2016 03:16,1961.805824,-76.66
25/12/2016 04:25,1976.805824,-81.8
25/12/2016 04:59,1978.805824,-76.51
25/12/2016 06:08,1929.805824,-93.75
25/12/2016 06:42,1930.805824,-90.54
25/12/2016 07:51,1914.805824,-86.38
25/12/2016 08:25,1932.805824,-80.2
25/12/2016 09:34,1965.805824,-87.04
25/12/2016 10:08,1943.805824,-81.21
25/12/2016 11:17,1949.805824,-76.48
25/12/2016 11:52,1938.805824,-88.63
25/12/2016 13:00,1940.805824,-87.57
25/12/2016 13:35,1934.805824,-91.55
25/12/2016 14:43,1958.805824,-88.58
25/12/2016 15:18,1963.805824,-87.98
25/12/2016 16:27,1948.805824,-78.15
25/12/2016 17:01,1944.805824,-90.21
25/12/2016 18:10,1937.805824,-82.39
25/12/2016 18:44,1948.805824,-85.82
25/12/2016 19:53,1957.805824,-82.83
25/12/2016 20:27,1936.805824,-82.33
25/12/2016 21:36,1941.805824,-77.24
25/12/2016 22:10,1921.805824,-77.17
25/12/2016 23:19,1955.805824,-80.66
25/12/2016 23:54,1959.805824,-75.11
26/12/2016 01:02,1954.805824,-80.11
26/12/2016 01:37,1940.805824,-77.62
26/12/2016 02:46,1929.805824,-88.82
26/12/2016 03:20,1938.805824,-81.58
26/12/2016 04:29,1936.805824,-89.98
26/12/2016 05:03,1936.805824,-92.25
26/12/2016 06:12,1941.805824,-81.95
26/12/2016 06:46,1932.805824,-84.38
26/12/2016 07:55,1974.805824,-80.15
26/12/2016 08:29,1953.805824,-86.01
26/12/2016 09:38,1966.805824,-81.66
26/12/2016 10:13,1953.805824,-79.82
26/12/2016 11:21,1949.805824,-81.54
26/12/2016 11:56,1966.805824,-83.86
26/12/2016 13:05,1953.805824,-94.61
26/12/2016 13:39,1938.805824,-84.98
27/12/2016 11:24,1943,-84.66
27/12/2016 11:59,1945,-78.67
27/12/2016 13:08,1946,-78.34
27/12/2016 13:42,1951,-85.2
27/12/2016 14:51,1939,-83.79
27/12/2016 15:25,1952,-88.52
27/12/2016 16:34,1965,-95.38
27/12/2016 17:08,1977,-97.45
27/12/2016 18:17,1959,-101.13
27/12/2016 18:52,1951,-88.15
27/12/2016 20:00,1956,-77.65
27/12/2016 20:35,1959,-92.03
27/12/2016 21:43,1962,-90.69
27/12/2016 22:18,1965,-85.14
27/12/2016 23:27,1996,-83.5
28/12/2016 00:01,2003,-94.55
28/12/2016 01:10,1998,-82.21
28/12/2016 01:44,1971,-80.85
28/12/2016 02:53,1958,-79.6
28/12/2016 03:27,1982,-76.59
28/12/2016 04:36,1933,-82.01
28/12/2016 05:11,1933,-86
28/12/2016 06:19,1935,-82.56
28/12/2016 06:54,1943,-86.82
28/12/2016 08:02,1948,-90.38
28/12/2016 08:37,1952,-95.4
28/12/2016 09:46,1952,-88.85
28/12/2016 10:20,1946,-81.33
28/12/2016 11:29,1947,-83.41
28/12/2016 12:03,1997,-91.81
28/12/2016 13:12,1982,-89.49
28/12/2016 13:46,1982,-94.7
28/12/2016 14:55,1957,-90.2
28/12/2016 15:30,1958,-86.57
28/12/2016 16:38,1949,-84.88
28/12/2016 17:13,1949,-87.89
28/12/2016 18:21,2481,-121.78
28/12/2016 18:56,2321,-118.83
28/12/2016 20:05,2300,-114.62
28/12/2016 20:39,2248,-99.99
28/12/2016 21:48,2083,-94.87
28/12/2016 22:22,2170,-98.98
28/12/2016 23:31,2174,-107.18
29/12/2016 00:05,2138,-93.06
29/12/2016 01:14,2131,-103.66
29/12/2016 01:49,2154,-105.22
29/12/2016 02:57,2153,-106.89
29/12/2016 03:32,2171,-108.09
29/12/2016 04:40,2115,-107.12
29/12/2016 05:15,2138,-104.19
29/12/2016 06:24,2131,-105.22
29/12/2016 06:58,2135,-100.34
29/12/2016 10:18,2161,-90.48
29/12/2016 11:09,2356.392385,-116.34
29/12/2016 11:26,2310,-115.23
29/12/2016 11:43,2273.392385,-110.58
29/12/2016 11:59,2191,-100.56
29/12/2016 12:50,2253.392385,-112.34
29/12/2016 13:07,2209,-106.84
29/12/2016 13:24,2207.392385,-102.41
29/12/2016 13:41,2228,-102.52
29/12/2016 14:32,2203.392385,-108.25
29/12/2016 14:49,2257,-110.79
29/12/2016 15:06,2251.392385,-109.91
29/12/2016 15:23,2273,-111.46
29/12/2016 16:13,2377.392385,-126.28
29/12/2016 16:30,2357,-121.14
29/12/2016 16:47,2399.392385,-127.11
29/12/2016 17:04,2418,-119.9
29/12/2016 17:55,2464.392385,-130.68
29/12/2016 18:12,2521,-131.74
29/12/2016 18:29,2551.392385,-138.5
29/12/2016 18:46,2592,-130.34
29/12/2016 19:37,2598.392385,-136.57
29/12/2016 19:54,2648,-139.94
29/12/2016 20:11,2580.392385,-129.53
29/12/2016 20:27,2633,-139.73
29/12/2016 21:18,2544.392385,-126.26
29/12/2016 21:35,2533,-128.43
29/12/2016 21:52,2466.392385,-126.91
29/12/2016 22:09,2450,-116.02
29/12/2016 23:00,2360.392385,-121.77
29/12/2016 23:17,2352,-118.43
29/12/2016 23:34,2356.392385,-121.58
29/12/2016 23:51,2362,-125.84
30/12/2016 00:42,2379.392385,-118.72
30/12/2016 00:58,2378,-122.4
30/12/2016 01:15,2379.392385,-122.42
30/12/2016 01:32,2370,-114.38
30/12/2016 02:23,2420.392385,-127.46
30/12/2016 02:40,2464,-127.49
30/12/2016 02:57,2459.392385,-130.66
30/12/2016 03:14,2483,-122.31
30/12/2016 04:05,2560.392385,-136.81
30/12/2016 04:22,2591,-138.47
30/12/2016 04:39,2612.392385,-134.41
30/12/2016 04:55,2635,-123.32
30/12/2016 05:46,2651.392385,-141.7
30/12/2016 06:03,2672,-132.44
30/12/2016 06:20,2664.392385,-134.27
30/12/2016 06:37,2699,-143.01
30/12/2016 07:28,2671.392385,-139.05
30/12/2016 07:45,2658,-125.61
30/12/2016 08:02,2641.392385,-131.4
30/12/2016 08:19,2649,-134.79
30/12/2016 09:10,2391.392385,-123.38
30/12/2016 09:26,2349,-106.57
30/12/2016 09:43,2314.392385,-117.04
30/12/2016 10:00,2312,-108.13
30/12/2016 10:51,2319.392385,-117.68
30/12/2016 11:08,2309,-114.73
30/12/2016 11:25,2304.392385,-115.35
30/12/2016 11:42,2300,-111.72
30/12/2016 12:33,2276.392385,-111.42
30/12/2016 12:50,2306,-116.91
30/12/2016 13:07,2286.392385,-117.65
30/12/2016 13:24,2332,-118.44
30/12/2016 14:14,2298.392385,-118.6
30/12/2016 14:31,2339,-114.67
30/12/2016 14:48,2297.392385,-111.5
30/12/2016 15:05,2336,-123.53
30/12/2016 15:56,2315.392385,-121.07
30/12/2016 16:13,2317,-118.05
30/12/2016 16:30,2297.392385,-114.39
30/12/2016 16:47,2333,-116.57
30/12/2016 17:38,2289.392385,-117.4
30/12/2016 17:54,2324,-110.5
30/12/2016 18:11,2306.392385,-116.84
30/12/2016 18:28,2329,-113.85
30/12/2016 19:19,2370.392385,-115.84
30/12/2016 19:36,2378,-113.05
30/12/2016 19:53,2342.392385,-117.98
30/12/2016 20:10,2346,-120.85
30/12/2016 21:01,2342.392385,-121.68
30/12/2016 21:18,2308,-119.98
30/12/2016 21:35,2261.392385,-113.45
30/12/2016 21:52,2286,-114.69
30/12/2016 22:42,2251.392385,-112.14
30/12/2016 22:59,2214,-111.2
30/12/2016 23:16,2118.392385,-103.92
30/12/2016 23:33,2109,-100.18
31/12/2016 00:24,2204.392385,-110.03
31/12/2016 00:41,2239,-113.03
31/12/2016 00:58,2210.392385,-111.53
31/12/2016 01:15,2231,-114.76
31/12/2016 02:06,2166.392385,-108
31/12/2016 02:23,2193,-110.49
31/12/2016 02:40,2148.392385,-103.85
31/12/2016 02:56,2197,-113.23
31/12/2016 03:47,2197.392385,-109.33
31/12/2016 04:04,2246,-112.21
31/12/2016 04:21,2227.392385,-103.45
31/12/2016 04:38,2243,-115.01
31/12/2016 05:29,2206.392385,-109.16
31/12/2016 05:46,2271,-112.28
31/12/2016 06:03,2186.392385,-109.19
31/12/2016 06:20,2269,-101.19
31/12/2016 07:10,2242.392385,-114.59
02/01/2017 11:47,1966.603659,-84.8
02/01/2017 12:04,1954.285159,-79.3
02/01/2017 12:21,1949.603659,-82.45
02/01/2017 12:38,1926.285159,-77.82
02/01/2017 13:29,1955.603659,-90.02
02/01/2017 13:45,1943.285159,-81.77
02/01/2017 14:02,1950.603659,-79
02/01/2017 14:19,1941.285159,-75.56
02/01/2017 15:10,1954.603659,-94.16
02/01/2017 15:27,1950.285159,-75.67
02/01/2017 15:44,1954.603659,-90.57
02/01/2017 16:01,1939.285159,-82.98
02/01/2017 16:52,1953.603659,-83.97
02/01/2017 17:09,1945.285159,-90.67
02/01/2017 17:26,1947.603659,-83.33
02/01/2017 17:42,1953.285159,-92.58
02/01/2017 18:33,1941.603659,-88.14
02/01/2017 18:50,1956.285159,-89.71
02/01/2017 19:07,1940.603659,-92.3
02/01/2017 19:24,1944.285159,-96.55
02/01/2017 20:15,1947.603659,-93.43
02/01/2017 20:32,1943.285159,-91.62
02/01/2017 20:49,1944.603659,-89.67
02/01/2017 21:06,1943.285159,-98.72
02/01/2017 21:57,1953.603659,-89.52
02/01/2017 22:13,1952.285159,-87.49
02/01/2017 22:30,1954.603659,-92.79
02/01/2017 22:47,1931.285159,-90.87
02/01/2017 23:38,2006.603659,-98.66
02/01/2017 23:55,2009.285159,-95.8
03/01/2017 00:12,1982.603659,-94.46
03/01/2017 00:29,1978.285159,-83.04
03/01/2017 01:20,1929.603659,-94.62
03/01/2017 01:37,1930.285159,-85.52
03/01/2017 01:54,1937.603659,-91.4
03/01/2017 02:11,1943.285159,-88.25
03/01/2017 03:01,1947.603659,-92.46
03/01/2017 03:18,1947.285159,-76
03/01/2017 03:35,1939.603659,-95.2
03/01/2017 03:52,1937.285159,-84.27
03/01/2017 04:43,1920.603659,-84.88
03/01/2017 05:00,1942.285159,-71.67
03/01/2017 05:17,1926.603659,-92.53
03/01/2017 05:34,1933.285159,-70.13
03/01/2017 06:25,1958.603659,-92.28
03/01/2017 06:41,1944.285159,-77.23
03/01/2017 06:58,1956.603659,-87.29
03/01/2017 07:15,1975.285159,-73.65
03/01/2017 08:06,1956.603659,-81.58
03/01/2017 08:23,1955.285159,-70.82
03/01/2017 08:40,1954.603659,-85.91
03/01/2017 08:57,1943.285159,-80.81
03/01/2017 09:48,1954.603659,-87.03
03/01/2017 10:05,1962.285159,-77.47
03/01/2017 10:22,1961.603659,-76.73
03/01/2017 10:39,1968.285159,-88.22
03/01/2017 11:29,1964.603659,-85.66
03/01/2017 11:46,1962.285159,-90.17
03/01/2017 12:03,1968.603659,-90.63
03/01/2017 12:20,1955.285159,-81.94
03/01/2017 13:11,1961.603659,-83.8
03/01/2017 13:28,1957.285159,-76.18
03/01/2017 13:45,1964.603659,-77.91
03/01/2017 14:02,1945.285159,-77.7
03/01/2017 14:53,1958.603659,-80.85
03/01/2017 15:10,1968.285159,-80.21
03/01/2017 15:26,1969.603659,-76.36
03/01/2017 15:43,1971.285159,-91.32
03/01/2017 16:34,1977.603659,-80.83
03/01/2017 16:51,1952.285159,-84.31
03/01/2017 17:08,1956.603659,-77.11
03/01/2017 17:25,1945.285159,-84.88
03/01/2017 18:16,1960.603659,-74.42
03/01/2017 18:33,1953.285159,-88.83
03/01/2017 18:50,1955.603659,-83.76
03/01/2017 19:07,1960.285159,-93.94
03/01/2017 19:57,1943.603659,-79.15
03/01/2017 20:14,1952.285159,-89.79
03/01/2017 20:31,1945.603659,-80.08
03/01/2017 20:48,1962.285159,-83.69
03/01/2017 21:39,1946.603659,-82.29
03/01/2017 21:56,1965.285159,-84.35
03/01/2017 22:13,1949.603659,-87.66
03/01/2017 22:30,1947.285159,-81.98
03/01/2017 23:21,1933.603659,-85.02
03/01/2017 23:38,1924.285159,-89.25
03/01/2017 23:55,1926.603659,-82.65
04/01/2017 00:11,1938.285159,-79.56
04/01/2017 01:02,1922.603659,-91.77
04/01/2017 01:19,1935.285159,-84.91
04/01/2017 01:36,1924.603659,-88.28
04/01/2017 01:53,1937.285159,-82.02
04/01/2017 02:44,1933.603659,-90.43
04/01/2017 03:01,1947.285159,-81.26
04/01/2017 03:18,1929.603659,-80.46
04/01/2017 03:35,1943.285159,-74.62
04/01/2017 04:26,1922.603659,-92.55
04/01/2017 04:42,1924.285159,-89.21
04/01/2017 04:59,1928.603659,-82.55
04/01/2017 05:16,1914.285159,-87.29
04/01/2017 06:07,1946.603659,-90.12
04/01/2017 06:24,1932.285159,-92.86
04/01/2017 06:41,1930.603659,-90.73
04/01/2017 06:58,1941.285159,-87.97
04/01/2017 07:49,1940.603659,-95.24
04/01/2017 08:06,1944.285159,-96.57
04/01/2017 11:08,1912.603659,-87.05
04/01/2017 11:24,1934.285159,-79.89
04/01/2017 11:41,1929.603659,-86.76
04/01/2017 11:58,1939.285159,-87.36
04/01/2017 12:49,1941.603659,-89.77
04/01/2017 13:06,1930.285159,-85.42
04/01/2017 13:23,1928.603659,-84.79
04/01/2017 13:40,1926.285159,-81.2
04/01/2017 14:31,1936.603659,-90.13
04/01/2017 14:48,1932.285159,-85.34
04/01/2017 15:05,1932.603659,-84.1
04/01/2017 15:22,1931.285159,-82.17
04/01/2017 16:12,1925.603659,-87.39
04/01/2017 16:29,1930.285159,-81.73
04/01/2017 16:46,1923.603659,-82.09
04/01/2017 17:03,1925.285159,-80.48
04/01/2017 17:54,1933.603659,-81.42
04/01/2017 18:11,1918.285159,-81.73
04/01/2017 18:28,1931.603659,-81.5
04/01/2017 18:45,1938.285159,-81.16
04/01/2017 19:36,1935.603659,-80.37
04/01/2017 19:52,1921.285159,-83.67
04/01/2017 20:09,1937.603659,-84.24
04/01/2017 20:26,1938.285159,-84.79
04/01/2017 21:17,1933.603659,-81.16
04/01/2017 21:34,1935.285159,-78.85
04/01/2017 21:51,1930.603659,-83.04
04/01/2017 22:08,1926.285159,-76.17
04/01/2017 22:59,1934.603659,-79.04
04/01/2017 23:16,1929.285159,-91.06
04/01/2017 23:33,1926.603659,-80.51
04/01/2017 23:50,1935.285159,-80.55
05/01/2017 00:40,1934.603659,-85.07
05/01/2017 00:57,1940.285159,-86.86
05/01/2017 01:14,1941.603659,-79.63
05/01/2017 01:31,1947.285159,-82.45
05/01/2017 02:22,1947.603659,-88.27
05/01/2017 02:39,1941.285159,-96.3
05/01/2017 02:56,1948.603659,-84.49
05/01/2017 03:13,1949.285159,-90.97
05/01/2017 04:04,1952.603659,-80.62
05/01/2017 04:21,1957.285159,-92.47
05/01/2017 04:38,1957.603659,-91.25
05/01/2017 04:54,1937.285159,-88.55
05/01/2017 05:45,1955.603659,-82.2
05/01/2017 06:02,1947.285159,-96.78
05/01/2017 06:19,1955.603659,-89.97
05/01/2017 06:36,1957.285159,-86.25
05/01/2017 07:27,1951.603659,-77.8
05/01/2017 07:44,1973.285159,-88.59
05/01/2017 08:01,1962.603659,-88.52
05/01/2017 08:18,1972.285159,-84.7
05/01/2017 09:08,1965.603659,-85.69
05/01/2017 09:25,1972.285159,-82.2
05/01/2017 09:42,1972.603659,-83.94
05/01/2017 09:59,1969.285159,-83.25
05/01/2017 10:50,1972.603659,-95.29
05/01/2017 11:07,1971.285159,-80.88
05/01/2017 11:24,1979.603659,-85.99
05/01/2017 11:41,1974.285159,-83.56
05/01/2017 12:32,1963.603659,-83.4
05/01/2017 12:49,1956.285159,-82.33
05/01/2017 13:06,1953.603659,-86.5
05/01/2017 13:22,1944.285159,-83.9
05/01/2017 14:13,1968.603659,-84.67
05/01/2017 14:30,1957.285159,-94.79
05/01/2017 14:47,1960.603659,-84.37
05/01/2017 15:04,1943.285159,-90.27
05/01/2017 15:55,1951.603659,-84.53
05/01/2017 16:12,1961.285159,-88.92
05/01/2017 16:29,1951.603659,-86.52
05/01/2017 16:46,1959.285159,-83.13
05/01/2017 17:36,1953.603659,-87.45
05/01/2017 17:53,1965.285159,-94.67
05/01/2017 18:10,1966.603659,-85
05/01/2017 18:27,1990.285159,-86.39
05/01/2017 19:18,2020.603659,-88.6
05/01/2017 19:35,2053.285159,-97.85
05/01/2017 19:52,2044.603659,-96.44
05/01/2017 20:09,1998.285159,-91.71
05/01/2017 21:00,1992.603659,-92.02
05/01/2017 21:17,1977.285159,-88.58
05/01/2017 21:34,2002.603659,-91.54
05/01/2017 21:50,2000.285159,-91.8
05/01/2017 22:41,2107.603659,-103.48
05/01/2017 22:58,2190.285159,-98.68
05/01/2017 23:15,2194.603659,-115.79
05/01/2017 23:32,2125.285159,-98.64
06/01/2017 00:23,2210.603659,-112.99
06/01/2017 00:40,2211.285159,-104.53
06/01/2017 00:57,2223.603659,-101.65
06/01/2017 01:14,2187.285159,-105.77
06/01/2017 02:05,2167.603659,-101.77
06/01/2017 02:21,2186.285159,-111.21
06/01/2017 02:38,2185.603659,-105.85
06/01/2017 02:55,2159.285159,-108.9
06/01/2017 03:46,2158.603659,-101.79
06/01/2017 04:03,2154.285159,-105.49
06/01/2017 04:20,2181.603659,-104.71
06/01/2017 04:37,2181.285159,-106.01
06/01/2017 05:28,2182.603659,-100.86
06/01/2017 05:45,2164.285159,-107.16
06/01/2017 06:02,2133.603659,-100.4
06/01/2017 06:19,2162.285159,-105.27
06/01/2017 07:09,2179.603659,-103.98
06/01/2017 07:26,2192.285159,-108.22
06/01/2017 07:43,2192.603659,-112.66
06/01/2017 08:00,2186.285159,-110.17
06/01/2017 08:51,2288.603659,-121.61
06/01/2017 09:08,2334.285159,-121.68
07/01/2017 09:51,2129,-99.45
07/01/2017 10:08,2124,-122.28
07/01/2017 10:25,2135,-100.89
07/01/2017 10:42,2112,-109.32
07/01/2017 11:33,2148,-98.46
07/01/2017 11:50,2124,-93.52
07/01/2017 12:07,2155,-104.73
07/01/2017 12:24,2128,-101.6
07/01/2017 13:15,2173,-105.7
07/01/2017 13:31,2131,-105.61
07/01/2017 13:48,2180,-104.72
07/01/2017 14:05,2125,-99.31
07/01/2017 14:56,2217,-103.74
07/01/2017 15:13,2195,-105.92
07/01/2017 15:30,2205,-104.34
07/01/2017 15:47,2167,-104.01
07/01/2017 16:38,2104,-99.51
07/01/2017 16:55,2125,-101.39
07/01/2017 17:12,2058,-92.75
07/01/2017 17:29,1983,-87.29
07/01/2017 18:19,1931,-84.51
07/01/2017 18:36,1936,-91.65
07/01/2017 18:53,1931,-88.17
07/01/2017 19:10,1925,-87.08
07/01/2017 20:01,1927,-89.82
07/01/2017 20:18,1930,-85.47
07/01/2017 20:35,1930,-93.75
07/01/2017 20:52,1917,-82.07
07/01/2017 21:43,1927,-92.85
07/01/2017 21:59,1932,-84.24
07/01/2017 22:16,1931,-84.56
07/01/2017 22:33,1944,-91.76
07/01/2017 23:24,1933,-92.97
07/01/2017 23:41,1929,-80.64
07/01/2017 23:58,1933,-88.17
08/01/2017 00:15,1920,-84.77
08/01/2017 01:06,1921,-81.78
08/01/2017 01:23,1937,-80.65
08/01/2017 01:40,1929,-80.86
08/01/2017 01:56,1918,-75.45
08/01/2017 02:47,1924,-83.78
08/01/2017 03:04,1925,-84.31
08/01/2017 03:21,1926,-76.13
08/01/2017 03:38,1928,-79.3
08/01/2017 04:29,1922,-85.75
08/01/2017 04:46,1922,-85.42
08/01/2017 05:03,1925,-77.43
08/01/2017 05:20,1929,-88.4
08/01/2017 06:11,1924,-86.26
08/01/2017 06:27,1928,-82.29
08/01/2017 06:44,1925,-87.22
08/01/2017 07:01,1928,-76.67
08/01/2017 07:52,1942,-81.71
08/01/2017 08:09,1935,-73.37
08/01/2017 08:26,1941,-86.24
08/01/2017 08:43,1938,-76.33
08/01/2017 09:34,1941,-80.98
08/01/2017 09:51,1930,-76.47
08/01/2017 10:08,1940,-78.58
08/01/2017 10:24,1947,-87.69
08/01/2017 11:15,1934,-72.68
08/01/2017 11:32,1971,-82.84
08/01/2017 11:49,1965,-90.93
08/01/2017 12:06,1964,-85.72
08/01/2017 12:57,1994,-89.73
08/01/2017 13:14,2059,-94.02
08/01/2017 13:31,2031,-95.68
08/01/2017 13:48,2244,-117.27
08/01/2017 14:39,2222,-110.56
08/01/2017 14:55,2621,-141.98
08/01/2017 15:12,2482,-129.9
08/01/2017 15:29,2229,-110.36
08/01/2017 16:20,2413,-131.9
08/01/2017 16:37,2398,-123.87
08/01/2017 16:54,2395,-123.28
08/01/2017 17:11,2209,-104.91
08/01/2017 18:02,2155,-107.84
08/01/2017 18:19,2273,-105.39
08/01/2017 18:36,1998,-86.16
08/01/2017 18:53,2098,-91.86
08/01/2017 19:43,2294,-126.38
08/01/2017 20:00,2492,-124.55
08/01/2017 20:17,2406,-132.7
08/01/2017 20:34,2603,-130.29
08/01/2017 21:25,2509,-133.65
08/01/2017 21:42,2474,-133.42
08/01/2017 21:59,2260,-117.59
08/01/2017 22:16,2213,-113.71
08/01/2017 23:07,2505,-138.29
08/01/2017 23:23,2518,-137.42
08/01/2017 23:40,2496,-140.01
08/01/2017 23:57,2431,-123.74
09/01/2017 00:48,1994,-88.68
09/01/2017 01:05,2155,-106.33
09/01/2017 01:22,2410,-127.16
09/01/2017 01:39,2456,-130.12
09/01/2017 02:30,2340,-116.52
09/01/2017 02:47,2429,-126.15
09/01/2017 03:04,2370,-119.57
09/01/2017 03:21,2482,-127.16
09/01/2017 04:11,2684,-141.97
09/01/2017 04:28,2726,-147.15
09/01/2017 04:45,2666,-135.58
09/01/2017 05:02,2629,-128.08
09/01/2017 05:53,2320,-111.12
09/01/2017 17:32,2318.494921,-117.25
09/01/2017 17:48,2290.662331,-116.05
09/01/2017 18:05,2286.494921,-116.38
09/01/2017 18:22,2265.662331,-116.44
09/01/2017 19:13,2185.494921,-106.69
09/01/2017 19:30,2187.662331,-112.04
09/01/2017 19:47,2181.494921,-99.63
09/01/2017 20:04,2169.662331,-111.47
09/01/2017 20:55,2160.494921,-101.97
09/01/2017 21:12,2143.662331,-98.63
09/01/2017 21:29,2157.494921,-107.21
09/01/2017 21:45,2130.662331,-101.14
09/01/2017 22:36,2157.494921,-103.21
09/01/2017 22:53,2157.662331,-109.79
09/01/2017 23:10,2163.494921,-100.18
09/01/2017 23:27,2144.662331,-108.26
10/01/2017 00:18,2137.494921,-97.82
10/01/2017 00:35,2120.662331,-105.49
10/01/2017 00:52,2128.494921,-98.13
10/01/2017 01:09,2096.662331,-105.23
10/01/2017 02:00,2135.494921,-97.18
10/01/2017 02:16,2111.662331,-101.73
10/01/2017 02:33,2136.494921,-107.68
10/01/2017 02:50,2114.662331,-105.74
10/01/2017 03:41,2132.494921,-97.22
10/01/2017 03:58,2126.662331,-113.39
10/01/2017 04:15,2080.494921,-102.09
10/01/2017 04:32,2079.662331,-103.44
10/01/2017 05:23,2050.494921,-99.12
10/01/2017 05:40,2052.662331,-99.71
10/01/2017 05:57,2059.494921,-92.44
10/01/2017 06:14,2089.662331,-109.58
10/01/2017 07:04,1978.494921,-88.34
24/01/2017 05:04,2443.826964,-128.48
24/01/2017 06:13,2505.826964,-127.24
24/01/2017 06:47,2478.826964,-127.42
24/01/2017 07:56,2409.826964,-123.38
24/01/2017 08:30,2444.826964,-128.5
24/01/2017 09:39,2374.826964,-123.02
24/01/2017 10:14,2313.826964,-116.32
24/01/2017 11:22,2335.826964,-119.99
24/01/2017 11:57,2351.826964,-122.27
24/01/2017 13:06,2347.826964,-115.8
24/01/2017 13:40,2290.826964,-118.71
24/01/2017 14:49,2241.826964,-113.69
24/01/2017 15:23,2255.826964,-119.77
24/01/2017 16:32,2230.826964,-113.3
24/01/2017 17:06,2254.826964,-114.36
24/01/2017 18:15,2234.826964,-106.24
24/01/2017 18:49,2195.826964,-108.72
24/01/2017 19:58,2183.826964,-108.09
24/01/2017 20:33,2220.826964,-110.93
24/01/2017 21:41,2228.826964,-110.17
24/01/2017 22:16,2250.826964,-112.48
24/01/2017 23:25,2327.826964,-118.98
24/01/2017 23:59,2375.826964,-121.71
25/01/2017 01:08,2317.826964,-116.69
25/01/2017 01:42,2318.826964,-119.04
25/01/2017 02:51,2273.826964,-113.81
25/01/2017 03:25,2201.826964,-112.01
25/01/2017 04:34,2206.826964,-109.09
25/01/2017 05:08,2210.826964,-113.46
25/01/2017 06:17,2218.826964,-113.2
25/01/2017 06:52,2240.826964,-113.44
25/01/2017 08:00,2248.826964,-114.7
25/01/2017 08:35,2226.826964,-114.37
25/01/2017 09:44,2263.826964,-113.74
25/01/2017 10:58,2331.826964,-116.49
25/01/2017 12:07,2337.826964,-118.55
25/01/2017 12:42,2297.826964,-118.29
25/01/2017 13:50,2263.826964,-112.04
25/01/2017 14:25,2249.826964,-113.41
25/01/2017 15:33,2171.826964,-104.93
25/01/2017 16:08,2156.826964,-101.7
25/01/2017 17:17,2202.826964,-103.97
25/01/2017 17:51,2253.826964,-110.56
25/01/2017 19:00,2198.826964,-109.91
25/01/2017 19:34,2191.826964,-106.64
25/01/2017 20:43,2076.826964,-96.71
25/01/2017 21:17,2055.826964,-94.06
25/01/2017 22:26,2056.826964,-92.45
25/01/2017 23:01,2046.826964,-92.27
26/01/2017 00:09,2110.826964,-98.35
26/01/2017 00:44,2061.826964,-101.5
26/01/2017 01:52,2089.826964,-99.39
26/01/2017 02:27,2260.826964,-113.02
26/01/2017 03:36,2240.826964,-111.44
26/01/2017 04:10,2201.826964,-109.42
26/01/2017 05:19,2320.826964,-120.85
26/01/2017 05:53,2349.826964,-122.31
26/01/2017 07:02,2330.826964,-122.9
26/01/2017 07:36,2346.826964,-118.5
26/01/2017 08:45,2348.826964,-123.75
26/01/2017 09:32,2331.826964,-119.03
26/01/2017 10:41,2320.826964,-117.37
26/01/2017 11:15,2267.826964,-110.69
26/01/2017 12:24,2193.826964,-109.01
26/01/2017 12:59,2171.826964,-109.06
26/01/2017 14:07,2171.826964,-103.61
26/01/2017 14:42,2167.826964,-107
26/01/2017 15:51,2184.826964,-111.83
26/01/2017 16:25,2163.826964,-108.58
26/01/2017 17:34,2183.826964,-105.22
26/01/2017 18:08,2175.826964,-114.19
26/01/2017 19:17,2199.826964,-108.59
26/01/2017 19:51,2195.826964,-111.31
26/01/2017 21:00,2220.826964,-112.35
26/01/2017 21:34,2213.826964,-107.16
26/01/2017 22:43,2220.826964,-110.84
26/01/2017 23:18,2238.826964,-110.72
27/01/2017 00:26,2245.826964,-115.52
27/01/2017 01:01,2247.826964,-112.54
27/01/2017 02:10,2277.826964,-118.13
27/01/2017 02:44,2233.826964,-111.92
27/01/2017 03:53,2245.826964,-110.89
27/01/2017 04:27,2294.826964,-113.89
27/01/2017 05:36,2317.826964,-117.1
27/01/2017 06:10,2282.826964,-115.8
27/01/2017 07:19,2273.826964,-116.39
27/01/2017 07:53,2254.826964,-114.99
27/01/2017 09:02,2250.826964,-116.25
27/01/2017 09:37,2242.826964,-113.9
27/01/2017 10:45,2216.826964,-105.49
27/01/2017 11:20,2164.826964,-108.2
27/01/2017 12:29,2188.826964,-111.19
27/01/2017 13:03,2180.826964,-109.08
27/01/2017 14:12,2191.826964,-107.81
27/01/2017 14:46,2199.826964,-111
27/01/2017 15:55,2231.826964,-115.31
27/01/2017 16:29,2256.826964,-116.87
27/01/2017 17:38,2283.826964,-116.19
27/01/2017 18:12,2248.826964,-105.7
27/01/2017 19:21,2220.826964,-106.01
27/01/2017 19:56,2242.826964,-106.78
27/01/2017 21:04,2225.826964,-111.07
27/01/2017 21:39,2289.826964,-113.91
27/01/2017 22:47,2336.826964,-119.64
27/01/2017 23:22,2285.826964,-112.74
28/01/2017 00:31,2317.826964,-114.03
28/01/2017 01:05,2322.826964,-118.23
28/01/2017 02:14,2300.826964,-112.06
28/01/2017 02:48,2306.826964,-111.01
28/01/2017 03:57,2271.826964,-112.65
28/01/2017 04:31,2241.826964,-113.35
28/01/2017 05:40,2217.826964,-110.03
28/01/2017 06:15,2196.826964,-102.29
28/01/2017 07:23,2217.826964,-111.34
28/01/2017 07:58,2248.826964,-117.76
28/01/2017 09:06,2241.826964,-114.2
28/01/2017 09:41,2233.826964,-112.46
28/01/2017 10:50,2132.826964,-101.71
28/01/2017 11:24,2119.826964,-101.37
28/01/2017 12:33,2132.826964,-104.95
28/01/2017 13:07,2165.826964,-103.12
28/01/2017 14:16,2209.826964,-107.79
28/01/2017 14:50,2222.826964,-109.69
28/01/2017 15:59,2181.826964,-106.64
28/01/2017 16:33,2256.826964,-111.41
28/01/2017 17:42,2281.826964,-116.89
28/01/2017 18:17,2244.826964,-118.1
28/01/2017 19:25,2206.826964,-108.27
28/01/2017 20:00,2205.826964,-110.67
28/01/2017 21:09,2233.826964,-112.71
28/01/2017 21:43,2221.826964,-110.65
28/01/2017 22:52,2261.826964,-115.59
28/01/2017 23:26,2298.826964,-114.84
29/01/2017 00:35,2222.826964,-109.79
29/01/2017 01:09,2176.826964,-109.85
29/01/2017 02:18,2137.826964,-108.85
29/01/2017 02:52,2136.826964,-104.52
29/01/2017 04:01,2153.826964,-106.29
29/01/2017 04:35,2141.826964,-103.79
29/01/2017 05:44,2141.826964,-108.24
29/01/2017 06:19,2174.826964,-103.52
29/01/2017 07:27,2224.826964,-107.98
29/01/2017 08:02,2213.826964,-105.89
29/01/2017 09:11,2143.826964,-100.39
29/01/2017 09:45,2130.826964,-99.3
29/01/2017 10:54,2105.826964,-101.35
29/01/2017 11:28,2077.826964,-99.69
29/01/2017 12:37,2066.826964,-97.13
29/01/2017 13:11,2053.826964,-95.73
29/01/2017 14:20,2038.826964,-95.02
29/01/2017 14:54,2032.826964,-96.68
29/01/2017 16:03,2021.826964,-90.19
29/01/2017 16:38,2044.826964,-95.07
29/01/2017 17:46,2079.826964,-93.08
29/01/2017 18:21,2080.826964,-96.09
29/01/2017 19:30,2175.826964,-103.87
29/01/2017 20:04,2209.826964,-112.87
29/01/2017 21:13,2174.826964,-104.95
29/01/2017 21:47,2165.826964,-108.22
29/01/2017 22:56,2111.826964,-103.62
29/01/2017 23:30,2118.826964,-103.17
30/01/2017 00:39,2109.826964,-99.25
30/01/2017 01:13,2106.826964,-98.79
30/01/2017 02:22,2101.826964,-97.54
30/01/2017 02:57,2072.826964,-96.63
30/01/2017 04:05,2084.826964,-97.64
30/01/2017 04:40,2120.826964,-101.33
30/01/2017 05:48,2124.826964,-102.13
30/01/2017 06:23,2121.826964,-102.32
30/01/2017 07:32,2155.826964,-102.53
30/01/2017 08:06,2170.826964,-105.86
30/01/2017 09:15,2168.826964,-100.05
30/01/2017 09:49,2145.826964,-101.64
30/01/2017 10:58,2115.826964,-100.32
30/01/2017 11:32,2098.826964,-100.86
30/01/2017 12:41,2084.826964,-101.18
30/01/2017 13:16,2098.826964,-97.67
30/01/2017 14:24,2068.826964,-90.92
30/01/2017 14:59,2049.826964,-99.7
30/01/2017 16:07,2057.826964,-94.72
30/01/2017 16:42,2046.826964,-91.59
30/01/2017 17:51,2016.826964,-88.82
30/01/2017 18:25,2013.826964,-92.74
30/01/2017 19:34,2006.826964,-92.92
30/01/2017 20:08,1980.826964,-89.65
30/01/2017 21:17,1967.826964,-81.65
30/01/2017 21:51,1973.826964,-92.83
30/01/2017 23:00,2014.826964,-90.62
30/01/2017 23:34,2014.826964,-85.3
31/01/2017 08:58,2097.44602,-100.82
31/01/2017 09:32,2097.44602,-98.48
31/01/2017 10:40,2073.44602,-91.69
31/01/2017 11:14,2071.44602,-91.25
31/01/2017 12:21,2087.44602,-99.92
31/01/2017 12:55,2115.44602,-103.27
31/01/2017 14:03,2122.44602,-101.72
31/01/2017 14:37,2129.44602,-109.79
31/01/2017 15:45,2154.44602,-109.71
31/01/2017 16:18,2218.44602,-106.95
31/01/2017 17:26,2195.44602,-103.83
31/01/2017 18:00,2281.44602,-108.78
31/01/2017 19:08,2291.44602,-113.76
31/01/2017 19:42,2242.44602,-104.63
31/01/2017 20:49,2275.44602,-111.06
31/01/2017 21:23,2181.44602,-108.92
31/01/2017 22:31,2161.44602,-105.78
31/01/2017 23:05,2097.44602,-96.55
01/02/2017 00:13,2127.44602,-104.16
01/02/2017 00:46,2137.44602,-101.99
01/02/2017 01:54,2179.44602,-104.95
01/02/2017 02:28,2209.44602,-111.65
01/02/2017 03:36,2236.44602,-107.79
01/02/2017 04:10,2225.44602,-104.05
01/02/2017 05:17,2212.44602,-109.79
01/02/2017 05:51,2226.44602,-109.55
01/02/2017 06:59,2127.44602,-96.56
01/02/2017 07:33,2166.44602,-101.66
01/02/2017 10:08,2127.313995,-98.95
01/02/2017 10:42,2119.313995,-96.77
01/02/2017 11:51,2106.313995,-100.75
01/02/2017 12:25,2095.313995,-101.27
01/02/2017 13:34,2116.313995,-98.46
01/02/2017 14:08,2107.313995,-98.29
01/02/2017 15:17,2119.313995,-99.41
01/02/2017 15:52,2110.313995,-98.85
01/02/2017 17:00,2141.313995,-101.69
01/02/2017 17:35,2163.313995,-105.85
01/02/2017 18:44,2210.313995,-107.6
01/02/2017 19:18,2191.313995,-108.3
01/02/2017 20:27,2181.313995,-111.99
01/02/2017 21:01,2211.313995,-110.16
01/02/2017 22:10,2201.313995,-111.29
01/02/2017 22:44,2213.313995,-115.2
01/02/2017 23:53,2214.313995,-112.34
02/02/2017 00:27,2178.313995,-111.41
02/02/2017 01:36,2172.313995,-104.72
02/02/2017 02:11,2161.313995,-108.98
02/02/2017 03:19,2193.313995,-106.08
02/02/2017 03:54,2201.313995,-111.55
02/02/2017 05:03,2236.313995,-114.08
02/02/2017 05:37,2221.313995,-111.21
02/02/2017 06:46,2230.313995,-109.14
02/02/2017 07:20,2198.313995,-107.22
02/02/2017 08:29,2270.313995,-117.86
02/02/2017 09:17,2168.313995,-90.86
02/02/2017 09:51,2185.313995,-105.52
02/02/2017 11:00,2175.313995,-107.3
02/02/2017 11:35,2147.313995,-99.13
02/02/2017 12:43,2243.313995,-112.15
02/02/2017 13:18,2170.313995,-98.34
02/02/2017 14:27,2199.313995,-111.19
02/02/2017 15:01,2125.313995,-103.68
02/02/2017 16:10,2158.313995,-111.24
02/02/2017 16:44,2141.313995,-107.1
02/02/2017 17:53,2169.313995,-109
02/02/2017 18:27,2200.313995,-104.64
02/02/2017 19:36,2262.313995,-107.69
02/02/2017 20:10,2210.313995,-105.78
02/02/2017 21:19,2173.313995,-99.83
02/02/2017 21:54,2167.313995,-103.91
02/02/2017 23:02,2210.313995,-107.03
02/02/2017 23:37,2250.313995,-113.37
03/02/2017 00:46,2313.313995,-116.9
03/02/2017 01:20,2249.313995,-106.3
03/02/2017 02:29,2248.313995,-118.37
03/02/2017 03:03,2240.313995,-119.16
03/02/2017 04:12,2264.313995,-117.82
03/02/2017 04:46,2249.313995,-114.33
03/02/2017 05:55,2337.313995,-122.26
03/02/2017 06:29,2293.313995,-119.25
03/02/2017 07:38,2359.313995,-124.88
03/02/2017 08:13,2352.313995,-124.77
03/02/2017 09:21,2402.313995,-126.15
03/02/2017 09:56,2337.313995,-120.97
03/02/2017 11:04,2410.313995,-126.42
03/02/2017 11:39,2343.313995,-122.67
03/02/2017 12:48,2316.313995,-119.93
03/02/2017 13:22,2309.313995,-116.39
03/02/2017 14:31,2201.313995,-114.31
03/02/2017 15:05,2176.313995,-108.64
03/02/2017 16:14,2287.313995,-120.82
03/02/2017 16:48,2252.313995,-118.56
03/02/2017 17:57,2206.313995,-115.41
03/02/2017 18:32,2269.313995,-118.02
03/02/2017 19:40,2260.313995,-112.07
03/02/2017 20:15,2297.313995,-120.26
03/02/2017 21:23,2363.313995,-120.12
03/02/2017 21:58,2263.313995,-111.77
03/02/2017 23:07,2167.313995,-105.75
03/02/2017 23:41,2128.313995,-96.33
04/02/2017 00:50,2154.313995,-107.68
04/02/2017 01:24,2183.313995,-112.34
04/02/2017 02:33,2205.313995,-112.62
04/02/2017 03:07,2140.313995,-108.98
04/02/2017 04:16,2120.313995,-106.83
04/02/2017 04:50,2115.313995,-105.77
04/02/2017 05:59,2140.313995,-108.08
04/02/2017 06:34,2113.313995,-107.69
04/02/2017 12:40,2238.405583,-116.06
04/02/2017 13:49,2025.405583,-97.1
04/02/2017 14:23,2019.405583,-94.42
04/02/2017 15:32,2078.405583,-101.13
04/02/2017 16:06,2073.405583,-100.6
04/02/2017 17:15,2081.405583,-97.93
07/02/2017 10:58,2013,-84.69
07/02/2017 12:06,2006,-90.86
07/02/2017 13:47,2012,-90.9
07/02/2017 15:29,2015,-85.51
07/02/2017 16:37,2031,-94.1
07/02/2017 18:19,1989,-93.98
07/02/2017 20:01,1986,-83.81
07/02/2017 21:09,1984,-82.95
07/02/2017 22:50,1980,-90.45
08/02/2017 00:32,2019,-91.05
08/02/2017 01:40,2031,-87.71
08/02/2017 03:22,2021,-95.92
08/02/2017 05:04,2090,-98.21
08/02/2017 06:12,2027,-94.11
08/02/2017 07:53,2007,-95.88
08/02/2017 09:36,2002,-91.38
08/02/2017 10:43,2012,-92.85
08/02/2017 12:25,2005,-93.87
08/02/2017 14:07,2017,-93.64
08/02/2017 15:15,2021,-97.81
08/02/2017 16:57,2010,-99.43
08/02/2017 18:39,2046,-92.23
08/02/2017 19:47,2013,-91.35
08/02/2017 21:28,1999,-98.58
08/02/2017 23:10,2024,-80.54
09/02/2017 00:18,2021,-89.79
09/02/2017 02:00,1986,-95.81
09/02/2017 03:42,2000,-92.34
09/02/2017 04:50,2014,-96.93
09/02/2017 06:31,1986,-93.07
09/02/2017 08:13,2010,-96.51
09/02/2017 09:21,2018,-92.18
09/02/2017 11:03,2010,-99.41
09/02/2017 12:45,2026,-87.06
09/02/2017 13:53,2048,-98.21
09/02/2017 15:34,2040,-99.07
09/02/2017 17:17,2042,-97
09/02/2017 18:24,2097,-101.36
09/02/2017 20:06,2052,-103.28
09/02/2017 21:48,2112,-100.53
09/02/2017 22:56,2105,-105.86
10/02/2017 00:38,2093,-105.57
10/02/2017 02:20,2100,-94.26
10/02/2017 03:28,2096,-104.98
10/02/2017 05:09,2109,-94.32
10/02/2017 06:51,2073,-89.77
10/02/2017 07:59,2077,-91.21
10/02/2017 09:41,2080,-98.34
10/02/2017 11:23,2120,-95.17
10/02/2017 12:31,2102,-94.53
10/02/2017 14:12,2090,-101.92
10/02/2017 15:54,2110,-93.48
10/02/2017 17:02,2119,-97.82
10/02/2017 18:44,2103,-103.83
10/02/2017 23:03,2115,-99.58
11/02/2017 00:45,2128,-92.54
11/02/2017 01:53,2159,-101.55
11/02/2017 03:35,2155,-94.97
11/02/2017 05:17,2152,-99.47
11/02/2017 06:25,2162,-106.23
11/02/2017 08:06,2147,-102.29
11/02/2017 09:48,2155,-98.94
11/02/2017 10:56,2185,-100.02
11/02/2017 12:38,2130,-100.33
11/02/2017 14:20,2134,-97.84
11/02/2017 15:28,2137,-95.76
11/02/2017 17:10,2095,-92.69
11/02/2017 18:52,2097,-88.69
11/02/2017 19:59,2068,-94.29
11/02/2017 21:41,2069,-82.51
11/02/2017 23:23,2072,-95.35
12/02/2017 00:31,2062,-94.46
12/02/2017 02:13,2048,-94.36
12/02/2017 03:55,2053,-87.66
12/02/2017 05:03,2068,-96.83
12/02/2017 06:44,2063,-97.16
12/02/2017 08:26,2071,-88.49
12/02/2017 09:34,2057,-87.66
12/02/2017 11:16,2031,-88.47
12/02/2017 12:58,2054,-85.43
12/02/2017 14:06,2057,-82.6
12/02/2017 15:47,2043,-89.79
12/02/2017 17:29,2063,-83.81
12/02/2017 18:37,2072,-85.01
12/02/2017 20:19,2113,-94.05
12/02/2017 22:01,2112,-90.72
12/02/2017 23:09,2092,-94.9
13/02/2017 00:50,2123,-98.55
13/02/2017 02:33,2150,-96.28
13/02/2017 03:40,2138,-101.35
13/02/2017 05:22,2131,-106.46
13/02/2017 07:04,2161,-99.67
13/02/2017 08:12,2146,-92.39
13/02/2017 09:54,2133,-105.88
13/02/2017 11:36,2129,-104.31
13/02/2017 12:44,2107,-105.6
13/02/2017 14:25,2091,-102.2
13/02/2017 16:07,2085,-98.11
13/02/2017 17:15,2105,-106.54
13/02/2017 18:57,2137,-113.26
13/02/2017 20:39,2161,-102.58
13/02/2017 21:47,2129,-103.62
13/02/2017 23:28,2113,-102.15
14/02/2017 01:10,2127,-98.44
14/02/2017 02:18,2104,-98.66
14/02/2017 04:00,2091,-102.57
14/02/2017 05:42,2117,-95.41
14/02/2017 06:50,2128,-95.73
14/02/2017 08:31,2121,-95.97
14/02/2017 10:14,2136,-92.14
14/02/2017 11:21,2164,-100.46
14/02/2017 13:03,2133,-97.65
14/02/2017 14:45,2155,-105.7
14/02/2017 15:53,2199,-110.01
14/02/2017 17:35,2158,-102.62
14/02/2017 19:17,2244,-104.55
14/02/2017 22:51,2278,-112.24
15/02/2017 00:33,2358,-115
15/02/2017 01:41,2297,-110.02
15/02/2017 03:22,2223,-115.93
15/02/2017 05:04,2222,-109.05
15/02/2017 06:12,2464,-128.49
15/02/2017 07:54,2398,-127.54
15/02/2017 09:36,2080,-96.69
15/02/2017 10:44,2712,-143.9
15/02/2017 12:26,2711,-141.18
15/02/2017 14:08,2340,-116.63
15/02/2017 15:15,2276,-113.42
15/02/2017 16:57,2582,-134.75
15/02/2017 18:39,2686,-147.42
15/02/2017 19:47,2611,-129.07
15/02/2017 21:29,2577,-136.11
15/02/2017 23:11,2407,-125.63
16/02/2017 00:19,2208,-112.13
16/02/2017 02:00,2121,-99.19
16/02/2017 03:42,2086,-101.69
16/02/2017 04:50,2051,-95.48
16/02/2017 06:32,2054,-98.49
16/02/2017 08:14,2052,-93.95
16/02/2017 09:22,2055,-94.39
16/02/2017 11:03,2068,-102.01
16/02/2017 12:45,2069,-98.71
16/02/2017 13:53,2027,-88.5
16/02/2017 15:35,2023,-101.17
16/02/2017 17:17,2050,-97.3
16/02/2017 18:25,2063,-96.23
16/02/2017 20:07,2051,-98.51
16/02/2017 21:49,2061,-98.53
16/02/2017 22:56,2080,-96.15
17/02/2017 00:38,2030,-93.22
17/02/2017 02:20,1987,-87.32
17/02/2017 03:28,1994,-79.77
17/02/2017 05:10,1968,-87.27
17/02/2017 06:52,1991,-82.9
17/02/2017 08:00,1976,-89.1
17/02/2017 09:41,1957,-76.49
17/02/2017 11:23,1964,-91.23
17/02/2017 12:31,1966,-89.1
17/02/2017 14:13,1951,-82.91
17/02/2017 15:55,1972,-85.78
17/02/2017 17:03,1993,-94.44
17/02/2017 18:44,2000,-93.59
17/02/2017 20:26,2011,-87.14
17/02/2017 21:34,2005,-90.32
17/02/2017 23:16,1990,-85.31
18/02/2017 00:58,1983,-82.66
18/02/2017 02:06,1982,-80.74
18/02/2017 03:47,1964,-82.04
18/02/2017 05:30,1986,-87.67
18/02/2017 06:37,1997,-86.73
18/02/2017 08:19,2020,-93.37
18/02/2017 10:01,2013,-85.77
18/02/2017 11:09,2040,-89.8
18/02/2017 15:09,2076,-103.45
18/02/2017 16:17,2175,-108.2
18/02/2017 17:58,2205,-109.67
18/02/2017 19:40,2282,-106
18/02/2017 20:48,2295,-118.17
18/02/2017 22:30,2445,-126.44
19/02/2017 00:12,2542,-125.37
19/02/2017 01:20,2426,-125.59
19/02/2017 03:01,2267,-108.65
19/02/2017 04:43,2240,-112.38
19/02/2017 05:51,2197,-105.16
19/02/2017 07:33,2138,-104.2
19/02/2017 09:15,2093,-95.75
19/02/2017 10:23,2081,-87.75
19/02/2017 12:04,2051,-94.97
19/02/2017 13:46,2020,-81.08
19/02/2017 14:54,1998,-90.41
19/02/2017 16:36,1971,-86.85
19/02/2017 18:18,1976,-83.59
19/02/2017 19:26,2010,-88.06
19/02/2017 21:07,2017,-89.6
19/02/2017 22:50,2077,-102.49
19/02/2017 23:57,2083,-108.66
20/02/2017 01:39,2109,-99.73
20/02/2017 03:21,2093,-101.2
20/02/2017 04:29,2041,-103.94
20/02/2017 06:11,2028,-93.4
20/02/2017 07:53,2065,-87.58
20/02/2017 09:01,2053,-94.69
20/02/2017 10:42,2011,-91.32
20/02/2017 12:24,2001,-91.38
20/02/2017 13:32,1971,-85.91
20/02/2017 15:14,1948,-90.39
20/02/2017 16:56,1936,-83.32
20/02/2017 18:04,1944,-86.74
20/02/2017 19:45,1916,-80.08
24/02/2017 02:06,1929.098629,-79.1
24/02/2017 02:40,1931.098629,-84.28
24/02/2017 03:49,1919.098629,-80.1
24/02/2017 04:23,1922.098629,-84.08
24/02/2017 05:32,1928.098629,-78.84
24/02/2017 06:07,1938.098629,-81.48
24/02/2017 07:15,1933.098629,-84.23
24/02/2017 07:50,1943.098629,-87.69
24/02/2017 08:59,1955.098629,-80.97
24/02/2017 09:33,1948.098629,-88.2
24/02/2017 10:42,1934.098629,-85.49
24/02/2017 11:16,1943.098629,-83.84
24/02/2017 12:25,1940.098629,-87.02
24/02/2017 12:59,1939.098629,-89.12
24/02/2017 14:08,1929.098629,-81.24
24/02/2017 14:42,1950.098629,-85.43
24/02/2017 15:51,1959.098629,-87.38
24/02/2017 16:26,1960.098629,-88.83
24/02/2017 17:34,1947.098629,-82.41
24/02/2017 18:09,1942.098629,-87.43
24/02/2017 19:18,1936.098629,-84.45
24/02/2017 19:52,1940.098629,-87.57
24/02/2017 21:01,1949.098629,-87.95
24/02/2017 21:35,1995.098629,-92.24
24/02/2017 22:44,2064.098629,-95.04
24/02/2017 23:18,2054.098629,-96.16
25/02/2017 00:27,2112.098629,-94.15
25/02/2017 01:01,2091.098629,-98.2
25/02/2017 02:10,2135.098629,-101.15
25/02/2017 02:45,2172.098629,-104.68
25/02/2017 03:53,2168.098629,-100.16
25/02/2017 04:28,2148.098629,-104.02
25/02/2017 05:37,2188.098629,-107.6
25/02/2017 06:11,2159.098629,-101.9
25/02/2017 07:20,2139.098629,-104.13
25/02/2017 07:54,2116.098629,-107.16
25/02/2017 09:03,2167.098629,-107.58
25/02/2017 09:37,2159.098629,-107.23
25/02/2017 10:46,2130.098629,-108.73
25/02/2017 11:20,2075.098629,-101.83
26/02/2017 14:40,1950,-91.43
26/02/2017 15:48,2034,-89.77
26/02/2017 16:23,2053,-94.29
26/02/2017 17:32,2044,-97.91
26/02/2017 18:06,2037,-97.17
26/02/2017 19:15,2030,-97.13
26/02/2017 19:49,1989,-98.45
26/02/2017 20:58,2012,-92.12
26/02/2017 21:32,1972,-87.37
26/02/2017 22:41,1970,-90.31
26/02/2017 23:15,1965,-84.22
27/02/2017 00:24,1971,-84.62
27/02/2017 00:59,1980,-81.43
27/02/2017 02:07,1997,-91.3
27/02/2017 02:42,2006,-90.99
27/02/2017 03:51,2030,-94.9
27/02/2017 04:25,2030,-92.23
27/02/2017 05:34,2056,-92.5
27/02/2017 06:08,2056,-104.09
27/02/2017 07:17,2035,-92.75
27/02/2017 07:51,2010,-92.58
27/02/2017 09:00,2018,-95.19
27/02/2017 09:34,2005,-93.68
27/02/2017 10:43,1982,-89.98
27/02/2017 11:18,1970,-89.44
27/02/2017 12:26,1986,-98.67
27/02/2017 13:01,1982,-92.57
27/02/2017 14:10,2002,-95.96
27/02/2017 14:44,1980,-88.14
27/02/2017 15:53,2008,-96.35
27/02/2017 16:27,1988,-92.1
27/02/2017 17:36,1949,-84.93
27/02/2017 18:10,1967,-87.01
27/02/2017 21:02,1984,-86.81
27/02/2017 21:37,1959,-84.33
27/02/2017 22:45,1966,-82.84
27/02/2017 23:20,1965,-83.21
28/02/2017 00:29,1981,-86.51
28/02/2017 02:46,1984,-89.26
28/02/2017 03:55,1971,-83.61
28/02/2017 04:29,1988,-83.09
28/02/2017 05:38,1978,-79.4
28/02/2017 06:12,1983,-85.58
28/02/2017 07:21,1976,-82.16
28/02/2017 07:56,1982,-76.79
28/02/2017 09:04,2009,-85.24
28/02/2017 09:39,2032,-83.76
28/02/2017 10:47,1992,-92.96
28/02/2017 11:22,1968,-87.44
28/02/2017 12:50,1940,-92.28
28/02/2017 13:59,1963,-87.52
28/02/2017 14:33,1977,-91.48
28/02/2017 15:42,1952,-87.5
28/02/2017 16:16,1953,-85.54
28/02/2017 17:25,1966,-81.47
28/02/2017 17:59,1961,-85.67
28/02/2017 19:08,1986,-90.02
28/02/2017 19:43,2000,-89.67
28/02/2017 20:51,1991,-86.08
28/02/2017 21:26,2025,-86.61
28/02/2017 22:34,2047,-88.81
01/03/2017 13:35,2002,-81.55
01/03/2017 14:44,1955,-83.1
01/03/2017 15:18,1961,-87.17
01/03/2017 16:27,1964,-86.79
01/03/2017 17:02,1982,-92.57
01/03/2017 18:10,2009,-89.29
01/03/2017 18:45,2041,-95.22
01/03/2017 19:54,2051,-88.86
01/03/2017 20:28,2115,-95.21
01/03/2017 21:37,2164,-105.92
01/03/2017 22:11,2135,-95.64
01/03/2017 23:20,2203,-104.93
01/03/2017 23:54,2217,-109.97
02/03/2017 01:03,2104,-106.13
02/03/2017 01:37,2038,-91.79
02/03/2017 02:46,2013,-87.2
02/03/2017 03:21,2012,-88.62
02/03/2017 04:29,2023,-87.34
02/03/2017 05:04,2019,-94.3
02/03/2017 06:13,1950,-81.82
02/03/2017 06:47,1987,-84.95
02/03/2017 07:56,1970,-82.93
02/03/2017 08:30,1967,-86.54
02/03/2017 09:39,1963,-86.59
02/03/2017 10:13,1960,-75.14
02/03/2017 11:22,1962,-85.6
02/03/2017 11:56,1965,-84.51
04/03/2017 10:30,2171.92511,-109.4
04/03/2017 11:39,2191.92511,-108.97
04/03/2017 12:13,2186.92511,-106.45
04/03/2017 13:22,2130.92511,-97.16
04/03/2017 13:56,2091.92511,-100.63
04/03/2017 15:05,2049.92511,-91.66
04/03/2017 15:40,2091.92511,-103.46
04/03/2017 16:48,2099.92511,-101.34
04/03/2017 17:23,2105.92511,-98.42
04/03/2017 18:31,2063.92511,-98.1
04/03/2017 19:06,2133.92511,-100.45
04/03/2017 20:15,2149.92511,-107.4
04/03/2017 20:49,2222.92511,-113.96
04/03/2017 21:58,2217.92511,-111.9
04/03/2017 22:32,2377.92511,-120.47
04/03/2017 23:41,1976.92511,-85.22
05/03/2017 00:15,2062.92511,-92.26
05/03/2017 01:24,2011.92511,-91.93
05/03/2017 01:58,1977.92511,-86.27
05/03/2017 03:07,1933.92511,-86.77
05/03/2017 03:41,1955.92511,-75.9
05/03/2017 04:50,2030.92511,-94.04
05/03/2017 05:25,2025.92511,-90.74
05/03/2017 06:33,2127.92511,-106.06
05/03/2017 07:08,2075.92511,-96.49
05/03/2017 08:17,2054.92511,-100.24
05/03/2017 08:51,2030.92511,-94.73
05/03/2017 10:00,2020.92511,-92.78
05/03/2017 10:34,2002.92511,-92.32
05/03/2017 11:43,1974.92511,-92.37
05/03/2017 12:17,1987.92511,-88.8
05/03/2017 13:26,1971.92511,-91.97
05/03/2017 14:00,1970.92511,-84.68
05/03/2017 15:09,1981.92511,-88.59
05/03/2017 15:44,1965.92511,-93.95
05/03/2017 16:52,2003.92511,-92.66
05/03/2017 17:27,2000.92511,-89.42
05/03/2017 18:36,1971.92511,-87.66
05/03/2017 19:10,1990.92511,-92.43
05/03/2017 20:19,1986.92511,-86.42
05/03/2017 20:53,1995.92511,-87.88
05/03/2017 22:02,2011.92511,-89.02
05/03/2017 22:36,2013.92511,-81.2
05/03/2017 23:45,2019.92511,-92.98
06/03/2017 00:19,2056.92511,-91.14
06/03/2017 01:28,2085.92511,-99.04
06/03/2017 02:03,2064.92511,-90.16
06/03/2017 03:11,2100.92511,-101.71
06/03/2017 03:46,2079.92511,-96.85
06/03/2017 04:54,2113.92511,-96.59
06/03/2017 05:29,2122.92511,-98.29
06/03/2017 06:38,2162.92511,-98.26
06/03/2017 07:12,2231.92511,-110.62
06/03/2017 10:57,2059.92511,-108.9
06/03/2017 12:06,2117.92511,-102.32
06/03/2017 12:41,2097.92511,-108.26
06/03/2017 13:49,2140.92511,-106.97
06/03/2017 14:24,2114.92511,-105.45
06/03/2017 15:32,2067.92511,-99.32
06/03/2017 16:07,2069.92511,-103.17
06/03/2017 17:16,2042.92511,-96.43
06/03/2017 17:50,2019.92511,-85.8
06/03/2017 18:59,2000.92511,-94.16
06/03/2017 19:33,1993.92511,-94.05
06/03/2017 20:42,1994.92511,-89.95
06/03/2017 21:16,1996.92511,-87.86
06/03/2017 22:25,2010.92511,-96.03
06/03/2017 22:59,2022.92511,-96.98
07/03/2017 00:08,2029.92511,-96.33
07/03/2017 00:43,2032.92511,-97.12
07/03/2017 01:51,2011.92511,-93.45
07/03/2017 02:26,2015.92511,-93.45
07/03/2017 03:35,2069.92511,-92.37
07/03/2017 04:09,2052.92511,-94.24
07/03/2017 05:18,2016.92511,-85.14
07/03/2017 05:52,2005.92511,-84.3
07/03/2017 07:01,2012.92511,-88.51
07/03/2017 07:35,2022.92511,-92.17
07/03/2017 08:44,2010.92511,-89.83
07/03/2017 09:18,2020.92511,-81.41
07/03/2017 10:27,2004.92511,-88.64
07/03/2017 11:02,2009.92511,-88.93
07/03/2017 12:10,2014.92511,-92.74
07/03/2017 12:45,2010.92511,-88.97
07/03/2017 13:54,2001.92511,-85.07
07/03/2017 14:28,2000.92511,-86.09
07/03/2017 15:37,1990.92511,-84.54
07/03/2017 16:11,1989.92511,-85.52
07/03/2017 17:20,2003.92511,-87.4
07/03/2017 17:54,2014.92511,-88.9
07/03/2017 19:03,2067.92511,-91.26
07/03/2017 19:37,2064.92511,-103.75
07/03/2017 20:46,2089.92511,-94.67
07/03/2017 21:21,2112.92511,-99.44
07/03/2017 22:29,2143.92511,-103.45
07/03/2017 23:04,2171.92511,-107.24
08/03/2017 00:13,2189.92511,-103.73
08/03/2017 00:47,2231.92511,-111.77
08/03/2017 01:56,2285.92511,-113.4
08/03/2017 02:30,2273.92511,-110.62
08/03/2017 03:39,2220.92511,-106.95
08/03/2017 04:13,2246.92511,-108.96
08/03/2017 05:22,2267.92511,-110.53
08/03/2017 05:56,2235.92511,-111.07
08/03/2017 07:05,2197.92511,-107.46
08/03/2017 07:40,2194.92511,-99.01
08/03/2017 08:59,2204.92511,-108.65
08/03/2017 10:08,2100.92511,-98.08
08/03/2017 10:43,2058.92511,-95.26
08/03/2017 11:51,2021.92511,-87.17
08/03/2017 12:26,2025.92511,-89.87
08/03/2017 13:35,2044.92511,-92.15
08/03/2017 14:09,2060.92511,-90.99
08/03/2017 15:18,2074.92511,-95.05
08/03/2017 15:52,2087.92511,-95.6
08/03/2017 17:01,1988.92511,-89.12
08/03/2017 17:35,1982.92511,-90.63
08/03/2017 18:44,1974.92511,-90.24
08/03/2017 19:18,1968.92511,-86.76
08/03/2017 20:27,1960.92511,-83.1
08/03/2017 21:02,1968.92511,-90.66
08/03/2017 22:10,1982.92511,-88.21
08/03/2017 22:45,2007.92511,-90.12
08/03/2017 23:54,2041.92511,-100.07
09/03/2017 00:28,2086.92511,-104.22
09/03/2017 01:37,2222.92511,-112.73
09/03/2017 02:11,2195.92511,-113.24
09/03/2017 03:20,2221.92511,-109.35
09/03/2017 03:54,2218.92511,-108.48
09/03/2017 05:03,2219.92511,-110.07
09/03/2017 05:37,2244.92511,-110.45
09/03/2017 06:46,2254.92511,-110.9
09/03/2017 07:21,2223.92511,-101.97
09/03/2017 08:29,2211.92511,-105.87
09/03/2017 09:04,2257.92511,-109.28
09/03/2017 10:12,2201.92511,-106.96
09/03/2017 10:47,2204.92511,-108.09
09/03/2017 11:56,2176.92511,-112.99
09/03/2017 12:30,2167.92511,-109.75
09/03/2017 13:39,1980.92511,-92.94
09/03/2017 14:13,1978.92511,-91.96
09/03/2017 15:22,1968.92511,-93.14
09/03/2017 15:56,1972.92511,-88.05
09/03/2017 17:05,1949.92511,-81.61
09/03/2017 17:39,1943.92511,-84.57
09/03/2017 18:48,1944.92511,-84.23
09/03/2017 19:23,1942.92511,-78.87
09/03/2017 20:31,1948.92511,-85.54
09/03/2017 21:06,1942.92511,-82.94
09/03/2017 22:15,1937.92511,-85
09/03/2017 22:49,1946.92511,-83.47
09/03/2017 23:58,1944.92511,-81.72
10/03/2017 00:32,1945.92511,-86.65
10/03/2017 01:41,1946.92511,-84.97
10/03/2017 02:15,1948.92511,-85.24
10/03/2017 03:24,1939.92511,-79.7
10/03/2017 03:58,1937.92511,-84.71
10/03/2017 05:07,1943.92511,-88.77
10/03/2017 05:42,1947.92511,-79.03
10/03/2017 11:39,1952,-81.56
10/03/2017 12:14,1952,-85.82
10/03/2017 13:22,1955,-85.52
10/03/2017 13:57,1948,-86.73
10/03/2017 15:05,1944,-80.13
10/03/2017 15:40,1938,-80.31
10/03/2017 16:49,1941,-75.92
10/03/2017 17:23,1967,-77.47
10/03/2017 18:32,1973,-82.16
10/03/2017 19:06,1968,-81.46
10/03/2017 20:15,1957,-77.62
10/03/2017 20:49,1975,-81.99
10/03/2017 21:58,1946,-80.6
10/03/2017 22:32,2052,-96.76
10/03/2017 23:41,2092,-101.03
11/03/2017 00:16,2090,-95.42
11/03/2017 01:24,2116,-97.15
11/03/2017 01:59,2129,-100.58
11/03/2017 03:08,2186,-100.6
11/03/2017 03:42,2188,-111.86
11/03/2017 04:51,2221,-109.4
11/03/2017 05:25,2183,-104.56
11/03/2017 06:34,2211,-111.1
11/03/2017 07:08,2322,-119.55
11/03/2017 08:17,2314,-111.56
11/03/2017 08:51,2303,-116.97
11/03/2017 10:00,2355,-120.89
11/03/2017 10:35,2254,-114.72
11/03/2017 11:43,2124,-101.84
11/03/2017 12:18,2084,-101
11/03/2017 13:27,2079,-90.72
11/03/2017 14:01,2062,-97.13
11/03/2017 15:10,2083,-95.02
11/03/2017 15:44,2089,-103.83
11/03/2017 16:53,2072,-103.16
11/03/2017 17:27,2095,-101.58
11/03/2017 18:36,2095,-95.34
11/03/2017 19:10,2196,-108.81
11/03/2017 20:19,2215,-111.59
11/03/2017 20:54,2170,-109.73
11/03/2017 22:02,2147,-103.8
11/03/2017 22:37,2148,-107.03
11/03/2017 23:46,2160,-105.92
12/03/2017 00:20,2177,-109.17
12/03/2017 01:29,2129,-103.34
12/03/2017 02:03,2135,-105.56
12/03/2017 03:12,2120,-104.93
12/03/2017 03:46,2133,-101.43
12/03/2017 04:55,2134,-105.35
12/03/2017 05:29,2148,-110.33
12/03/2017 06:38,2145,-101.19
12/03/2017 07:12,2160,-107.16
12/03/2017 13:19,2078,-95.94
12/03/2017 14:28,2056,-96.38
12/03/2017 15:02,2028,-92.82
12/03/2017 16:11,2026,-85.99
12/03/2017 17:49,2077.031677,-92.71
12/03/2017 18:23,2078.031677,-92.57
12/03/2017 19:31,2062.031677,-98.94
12/03/2017 20:04,2092.031677,-100.11
12/03/2017 21:12,2102.031677,-102.66
12/03/2017 21:46,2126.031677,-98.13
12/03/2017 22:54,2104.031677,-92.95
12/03/2017 23:28,2105.031677,-98.24
13/03/2017 00:35,2116.031677,-107.26
13/03/2017 01:09,2137.031677,-101.01
13/03/2017 02:17,2155.031677,-105.04
13/03/2017 02:51,2163.031677,-106.47
13/03/2017 03:59,2147.031677,-101.66
13/03/2017 04:32,2163.031677,-109.55
13/03/2017 05:40,2190.031677,-105.76
13/03/2017 06:14,2206.031677,-109.76
13/03/2017 07:22,2252.031677,-115.7
13/03/2017 07:56,2264.031677,-119.98
13/03/2017 09:03,2353.031677,-118.45
13/03/2017 09:37,2364.031677,-117.74
13/03/2017 10:45,2347.031677,-119.68
13/03/2017 11:19,2201.031677,-109.5
13/03/2017 12:27,2119.031677,-106.35
13/03/2017 13:01,2142.031677,-102.41
13/03/2017 14:08,2081.031677,-103.61
13/03/2017 14:42,2041.031677,-100.94
13/03/2017 15:50,1986.031677,-81.89
13/03/2017 16:24,1983.031677,-83.69
13/03/2017 17:31,1939.031677,-82.36
13/03/2017 18:05,1941.031677,-84.64
13/03/2017 19:13,1948.031677,-89.14
13/03/2017 19:47,1951.031677,-85.6
13/03/2017 20:55,1969.031677,-88.09
13/03/2017 21:29,2019.031677,-86.24
13/03/2017 22:36,2040.031677,-93.51
13/03/2017 23:10,2054.031677,-97.27
14/03/2017 00:18,2077.031677,-89.3
14/03/2017 00:52,2138.031677,-97.52
14/03/2017 02:00,2148.031677,-96.8
14/03/2017 02:33,2141.031677,-91.15
14/03/2017 03:41,2127.031677,-98.95
14/03/2017 04:15,2142.031677,-103.51
14/03/2017 05:23,2164.031677,-106.91
14/03/2017 05:57,2237.031677,-113.86
14/03/2017 07:04,2179.031677,-101.57
14/03/2017 07:38,2175.031677,-94.92
14/03/2017 08:46,2087.031677,-92.36
14/03/2017 09:20,2069.031677,-102.82
14/03/2017 10:28,2045.031677,-95.52
14/03/2017 11:01,2006.031677,-92.95
14/03/2017 12:09,1992.031677,-92.96
14/03/2017 12:43,1984.031677,-86.46
14/03/2017 16:36,2043.031677,-98.14
14/03/2017 17:10,2060.031677,-96.96
14/03/2017 18:18,2039.031677,-84.27
14/03/2017 18:52,2036.031677,-92.55
14/03/2017 19:59,2007.031677,-88.66
14/03/2017 20:33,2023.031677,-92.5
14/03/2017 21:41,2031.031677,-86.91
14/03/2017 22:15,2022.031677,-93.13
14/03/2017 23:22,2037.031677,-95.48
14/03/2017 23:56,2029.031677,-95.79
15/03/2017 01:04,1997.031677,-90.11
15/03/2017 01:38,1971.031677,-79.93
15/03/2017 02:46,1963.031677,-85.49
15/03/2017 03:20,1955.031677,-84.15
15/03/2017 04:27,1951.031677,-86.91
15/03/2017 05:01,1950.031677,-89.92
15/03/2017 06:09,1949.031677,-81.21
15/03/2017 06:43,1949.031677,-91.49
15/03/2017 07:51,1944.031677,-89.59
15/03/2017 08:24,1938.031677,-78.76
15/03/2017 09:32,1939.031677,-78.78
15/03/2017 10:06,1939.031677,-83.49
15/03/2017 11:14,1945.031677,-89.51
15/03/2017 11:48,1945.031677,-91.02
15/03/2017 12:55,1946.031677,-78.51
15/03/2017 13:29,1949.031677,-87.51
15/03/2017 14:37,1947.031677,-85.56
15/03/2017 15:11,1952.031677,-80.76
15/03/2017 16:19,1949.031677,-72.95
15/03/2017 16:52,1956.031677,-77.64
15/03/2017 18:00,1964.031677,-73.47
15/03/2017 18:34,1957.031677,-75.85
18/03/2017 03:12,,-83.44
18/03/2017 08:52,1926.936572,-84.08
18/03/2017 10:00,1927.936572,-85.66
18/03/2017 13:24,1929.936572,-87.92
18/03/2017 14:32,1932.936572,-82.48
18/03/2017 15:40,1931.936572,-81.11
18/03/2017 17:22,1927.936572,-84.71
18/03/2017 19:04,1934.936572,-83.57
18/03/2017 20:12,1933.936572,-83.69
18/03/2017 21:20,1938.936572,-79.88
19/03/2017 00:44,2303.936572,-114.71
19/03/2017 01:52,2179.936572,-108.71
19/03/2017 03:00,2114.936572,-98.77
19/03/2017 06:24,1994.936572,-86.98
19/03/2017 07:32,1978.936572,-83.69
19/03/2017 08:40,1957.936572,-80.92
19/03/2017 12:04,1944.936572,-84.45
19/03/2017 13:12,1941.936572,-79.95
19/03/2017 14:20,1945.936572,-84.78
19/03/2017 19:16,1941.936572,-83.15
19/03/2017 20:24,1948.936572,-74.59
19/03/2017 21:32,1953.936572,-81.3
19/03/2017 23:13,1960.936572,-85.36
20/03/2017 00:56,1944.936572,-87.66
20/03/2017 02:04,1943.936572,-85.01
20/03/2017 03:12,1954.936572,-86.23
20/03/2017 04:54,1973.936572,-86.91
20/03/2017 06:36,1975.936572,-89.81
20/03/2017 07:44,2000.936572,-88.77
20/03/2017 08:52,1975.936572,-85.43
20/03/2017 10:34,1967.936572,-85.72
20/03/2017 12:16,1970.936572,-87.92
20/03/2017 13:24,1976.936572,-78.84
20/03/2017 14:32,1967.936572,-89.33
20/03/2017 16:14,1954.936572,-87.25
20/03/2017 17:56,1942.936572,-80.06
20/03/2017 19:04,1948.936572,-82.44
20/03/2017 20:12,1942.936572,-79.64
20/03/2017 21:54,1975.936572,-84.25
20/03/2017 23:36,1953.936572,-77.81
21/03/2017 00:44,1968.936572,-69.55
21/03/2017 01:52,2011.936572,-87.96
21/03/2017 03:34,2064.936572,-91.24
21/03/2017 05:16,2033.936572,-89.51
21/03/2017 06:24,2044.936572,-90.3
21/03/2017 07:32,2016.936572,-83.57
21/03/2017 09:14,1964.936572,-81.83
21/03/2017 10:56,1949.936572,-80.62
21/03/2017 12:04,1963.936572,-79.04
22/03/2017 22:39,2053.086481,-95.76
23/03/2017 00:21,2083.086481,-95.1
23/03/2017 01:29,2074.086481,-95.18
23/03/2017 02:37,2087.086481,-99.87
23/03/2017 04:19,2061.086481,-95.18
23/03/2017 06:01,2046.086481,-85.23
23/03/2017 07:09,2057.086481,-86.35
23/03/2017 08:17,2068.086481,-91.87
23/03/2017 09:59,2023.086481,-83.98
23/03/2017 11:41,2025.086481,-89.47
23/03/2017 12:49,2026.086481,-90.91
23/03/2017 13:57,2008.086481,-85.08
23/03/2017 15:39,1989.086481,-90.43
23/03/2017 17:21,1964.086481,-83.13
23/03/2017 18:29,1963.086481,-84.26
23/03/2017 19:37,1962.086481,-79.18
23/03/2017 21:19,1974.086481,-88.04
23/03/2017 23:01,1961.086481,-84.52
24/03/2017 00:09,1972.086481,-85.17
24/03/2017 01:17,2095.086481,-90.74
24/03/2017 02:59,2024.086481,-91.16
24/03/2017 04:41,2000.086481,-90
24/03/2017 05:49,1976.086481,-86.21
24/03/2017 06:57,1998.086481,-92.83
24/03/2017 08:39,1975.086481,-89.97
24/03/2017 10:21,2002.086481,-88.55
24/03/2017 11:29,1983.086481,-86.3
24/03/2017 12:37,1993.086481,-89.48
24/03/2017 14:19,1995.086481,-86.57
24/03/2017 16:01,1977.086481,-90.83
24/03/2017 17:09,1970.086481,-90.52
24/03/2017 18:17,1984.086481,-85.95
24/03/2017 19:59,1992.086481,-93.03
24/03/2017 21:41,1971.086481,-83.9
24/03/2017 22:49,1953.086481,-84.41
24/03/2017 23:57,1947.086481,-86.18
25/03/2017 01:39,1936.086481,-86.62
25/03/2017 03:21,1951.086481,-86.01
25/03/2017 04:29,1934.086481,-81.74
25/03/2017 05:37,1932.086481,-85.73
25/03/2017 07:19,1932.086481,-82.95
25/03/2017 09:01,1942.086481,-84.25
25/03/2017 10:09,1935.086481,-82.93
25/03/2017 11:17,1934.086481,-81.74
25/03/2017 12:59,1934.086481,-84.69
25/03/2017 16:16,1945.086481,-86.54
25/03/2017 17:58,1937.086481,-79.74
25/03/2017 19:06,1938.086481,-84.23
25/03/2017 20:14,1949.086481,-91.37
25/03/2017 21:56,1947.086481,-88.08
25/03/2017 23:38,1952.086481,-88.1
26/03/2017 00:46,1953.086481,-85.29
26/03/2017 01:54,1961.086481,-83.74
26/03/2017 03:36,1972.086481,-88.13
26/03/2017 05:18,1960.086481,-83.48
26/03/2017 06:26,1959.086481,-80.35
26/03/2017 07:34,1967.086481,-85.08
26/03/2017 09:16,2118.086481,-104.54
26/03/2017 10:58,2065.086481,-95.06
26/03/2017 12:06,1976.086481,-85.48
26/03/2017 13:14,1958.086481,-84.44
26/03/2017 14:56,1946.086481,-84.1
26/03/2017 16:38,1955.086481,-82.19
26/03/2017 17:46,1949.086481,-86.17
26/03/2017 18:54,1950.086481,-85.39
26/03/2017 20:36,1942.086481,-90.74
26/03/2017 22:18,1966.086481,-91.17
26/03/2017 23:26,1952.086481,-88.02
27/03/2017 00:34,1954.086481,-92.28
27/03/2017 02:16,1976.086481,-90.05
27/03/2017 03:58,2126.086481,-94.48
27/03/2017 05:06,2077.086481,-97.48
27/03/2017 06:14,2089.086481,-96.23
27/03/2017 07:56,2210.086481,-112.65
27/03/2017 09:38,2290.086481,-115.26
27/03/2017 10:46,2157.086481,-108.1
27/03/2017 11:54,2126.086481,-104.18
27/03/2017 13:36,2089.086481,-97.02
27/03/2017 15:18,2142.086481,-106.13
27/03/2017 16:26,2140.086481,-101.11
27/03/2017 17:34,2167.086481,-103.95
27/03/2017 19:16,2057.086481,-93.04
27/03/2017 20:58,2028.086481,-96.14
27/03/2017 22:06,2006.086481,-91.32
27/03/2017 23:14,2055.086481,-93.23
28/03/2017 00:56,2114.086481,-109.96
28/03/2017 02:38,2199.086481,-106.15
28/03/2017 03:46,2194.086481,-104.18
28/03/2017 04:54,2191.086481,-112.89
28/03/2017 06:36,2214.086481,-116.57
28/03/2017 08:18,2744.086481,-147.37
28/03/2017 09:26,2679.086481,-146.72
28/03/2017 10:34,2416.086481,-127.39
28/03/2017 12:16,2091.086481,-95.62
28/03/2017 13:58,2153.086481,-105.8
28/03/2017 15:06,2248.086481,-115.56
28/03/2017 16:14,2120.086481,-104.64
28/03/2017 17:56,2133.086481,-101.34
28/03/2017 19:38,2140.086481,-103.59
28/03/2017 21:20,2173.086481,-110.26
28/03/2017 23:02,2086.086481,-102.67
29/03/2017 00:10,2048.086481,-94.75
29/03/2017 01:18,2059.086481,-94.26
29/03/2017 03:00,2022.086481,-100.06
29/03/2017 04:42,2005.086481,-87.87
29/03/2017 05:50,1988.086481,-86.77
29/03/2017 06:58,1979.086481,-87.78
29/03/2017 08:40,2036.086481,-88.3
29/03/2017 10:22,1999.086481,-86.09
29/03/2017 11:30,1986.086481,-85.99
29/03/2017 12:38,1976.086481,-81.57
29/03/2017 14:20,1965.086481,-83.97
29/03/2017 16:02,1982.086481,-87.3
29/03/2017 17:10,2000.086481,-91.84
29/03/2017 18:18,1997.086481,-88.83
29/03/2017 20:00,2015.086481,-92.58
29/03/2017 21:42,2055.086481,-94.75
29/03/2017 22:50,2120.086481,-93.87
29/03/2017 23:58,2109.086481,-95.34
30/03/2017 01:40,2062.086481,-92.93
30/03/2017 03:22,2047.086481,-96.46
30/03/2017 04:30,2072.086481,-90.66
30/03/2017 05:38,2132.086481,-95.86
30/03/2017 07:20,2170.086481,-103.37
30/03/2017 09:02,2203.086481,-104.39
30/03/2017 10:10,2155.086481,-100.19
30/03/2017 11:18,2088.086481,-96.68
30/03/2017 13:00,2029.086481,-85.54
30/03/2017 14:42,1974.086481,-86.96
30/03/2017 15:50,1950.086481,-83.37
30/03/2017 16:58,1978.086481,-92.29