filling time,MR dD,dD SMOW
03/11/2016 00:01,2072.227736,-85.69
03/11/2016 00:20,1962,-82.55
03/11/2016 01:12,1988.227736,-81.5
03/11/2016 01:30,2045,-85.72
03/11/2016 02:23,1910.227736,-73.01
03/11/2016 02:41,1943,-85.21
03/11/2016 03:33,1951.227736,-83.05
03/11/2016 03:50,1953,-85
03/11/2016 04:42,2004.227736,-113.21
03/11/2016 05:00,1991,-96.08
03/11/2016 05:51,1920.227736,-101.7
03/11/2016 06:09,1947,-85.1
03/11/2016 07:00,1918.227736,-81.12
03/11/2016 07:17,1940,-87.38
03/11/2016 08:09,2069.227736,-99.03
03/11/2016 08:26,1980,-82.72
03/11/2016 09:17,2028.227736,-109.76
03/11/2016 09:34,2079,-101.22
03/11/2016 10:25,2065.227736,-97.86
03/11/2016 10:42,2044,-91.52
03/11/2016 11:33,2015.227736,-98.81
03/11/2016 11:50,2006,-91.23
03/11/2016 12:41,1977.227736,-80.02
03/11/2016 12:58,1985,-86.03
03/11/2016 13:49,1979.227736,-89.87
03/11/2016 14:06,1970,-89.48
03/11/2016 14:57,1992.227736,-86.04
03/11/2016 15:14,2027,-97.02
03/11/2016 16:05,2023.227736,-99.75
03/11/2016 16:22,2053,-88.32
03/11/2016 17:13,2095.227736,-100.57
03/11/2016 17:30,2114,-98.8
03/11/2016 18:21,2162.227736,-113.23
03/11/2016 18:38,2097,-98.53
03/11/2016 19:29,2015.227736,-91.64
03/11/2016 19:46,2036,-95.03
03/11/2016 20:37,2052.227736,-98.75
03/11/2016 20:54,2084,-105.25
03/11/2016 21:45,2094.227736,-103.15
03/11/2016 22:02,2123,-104.06
03/11/2016 22:53,2118.227736,-98.81
03/11/2016 23:10,2117,-100.22
04/11/2016 00:01,2109.227736,-105.35
04/11/2016 00:17,2108,-95.91
04/11/2016 01:08,2090.227736,-100.07
04/11/2016 01:25,2102,-97.45
04/11/2016 02:16,2081.227736,-92.46
04/11/2016 02:33,2088,-98.3
04/11/2016 03:24,2112.227736,-96.65
04/11/2016 03:40,2131,-107.85
04/11/2016 04:31,2120.227736,-92.31
04/11/2016 04:48,2119,-98.28
04/11/2016 05:39,2114.227736,-104.52
04/11/2016 05:56,2119,-103.23
04/11/2016 06:47,2099.227736,-108.08
04/11/2016 07:03,2089,-96.89
04/11/2016 07:54,2119.227736,-100
04/11/2016 08:11,2130,-98.4
04/11/2016 09:02,2105.227736,-99.69
04/11/2016 09:19,2129,-99.82
04/11/2016 10:10,2116.227736,-106.49
04/11/2016 10:26,2123,-105.55
04/11/2016 11:17,2102.227736,-110.8
04/11/2016 11:34,2115,-103.07
04/11/2016 12:25,2103.227736,-107.86
04/11/2016 18:06,2156.196964,-117.21
04/11/2016 18:50,2134.196964,-111.75
04/11/2016 19:12,2156.041809,-109.77
04/11/2016 19:56,2175.041809,-111.36
04/11/2016 20:18,2193.196964,-109.32
04/11/2016 21:02,2192.196964,-109.59
04/11/2016 21:24,2188.041809,-108.92
04/11/2016 22:07,2195.041809,-112.63
04/11/2016 22:29,2225.196964,-109.96
04/11/2016 23:35,2226.041809,-117.71
05/11/2016 00:19,2243.041809,-120.33
05/11/2016 00:41,2304.196964,-121.82
05/11/2016 01:25,2313.196964,-119.43
05/11/2016 10:51,2048.596575,-112.65
05/11/2016 11:35,2023.596575,-106.79
05/11/2016 11:57,2016,-89.73
05/11/2016 12:40,1966,-89.78
05/11/2016 13:02,1959.596575,-88.94
05/11/2016 13:46,1971.596575,-89.72
05/11/2016 14:08,1954,-92.29
05/11/2016 14:52,1948,-91.76
05/11/2016 15:14,1939.596575,-93.68
05/11/2016 15:58,1949.596575,-88.98
05/11/2016 16:20,1975,-88.43
05/11/2016 17:04,2035,-93.3
05/11/2016 17:26,2019.596575,-100.12
05/11/2016 18:10,2061.596575,-95.69
05/11/2016 18:32,2070,-93.85
05/11/2016 19:16,2085,-94.52
05/11/2016 19:38,2061.596575,-99.76
05/11/2016 20:21,2113.596575,-110.72
05/11/2016 20:43,2073,-95.01
05/11/2016 21:27,2004,-92.73
05/11/2016 21:49,2020.596575,-84.45
05/11/2016 22:33,2024.596575,-84.55
05/11/2016 22:55,2004,-90.48
05/11/2016 23:39,2021,-91.33
06/11/2016 00:01,2025.596575,-98.59
06/11/2016 00:45,2038.596575,-86.61
06/11/2016 01:07,2051,-95.15
06/11/2016 01:51,2069,-95.23
06/11/2016 02:13,2056.596575,-99.15
06/11/2016 02:56,2042.596575,-85.23
06/11/2016 03:18,2068,-99.6
06/11/2016 04:02,2026,-96.64
06/11/2016 04:24,1979.596575,-82.38
06/11/2016 05:08,2053.596575,-90.22
06/11/2016 05:30,2004,-90.35
06/11/2016 06:14,1975,-93.31
06/11/2016 06:36,1965.596575,-79.52
06/11/2016 07:20,2027.596575,-88.44
06/11/2016 07:42,2036,-89.42
06/11/2016 08:26,2120,-98.8
06/11/2016 08:48,2135.596575,-104.67
06/11/2016 09:32,2076.596575,-94.28
06/11/2016 09:54,2076,-97.31
06/11/2016 10:37,2091,-97.34
06/11/2016 10:59,2006.596575,-89.31
06/11/2016 11:43,2051.596575,-91.63
06/11/2016 12:05,1991,-82.46
06/11/2016 12:49,2012,-86.7
06/11/2016 13:11,1966.596575,-78.36
06/11/2016 13:55,2006.596575,-80.21
06/11/2016 14:17,2021,-93.23
06/11/2016 15:01,2050,-97.84
06/11/2016 15:23,2011.596575,-99.57
06/11/2016 16:07,2003.596575,-93.4
06/11/2016 16:29,2081,-99.53
06/11/2016 17:13,2047,-94.63
06/11/2016 17:35,2027.596575,-98.32
06/11/2016 18:18,1983.596575,-94.83
06/11/2016 18:40,1977,-88.41
06/11/2016 19:24,2002,-95.4
06/11/2016 19:46,1975.596575,-84.15
06/11/2016 20:30,2235.596575,-118.51
06/11/2016 20:52,2257,-113.92
06/11/2016 21:36,2179,-105.15
06/11/2016 21:58,2167.596575,-103.64
06/11/2016 22:42,2094.596575,-107.28
06/11/2016 23:04,2055,-91.59
06/11/2016 23:48,2114,-95.72
07/11/2016 00:10,2157.596575,-105.85
07/11/2016 00:54,2014.596575,-82.31
07/11/2016 01:15,2015,-87.37
07/11/2016 01:59,1997,-95.12
07/11/2016 02:21,1984.596575,-88.6
07/11/2016 03:05,1983.596575,-81.53
07/11/2016 03:27,1989,-81.53
07/11/2016 04:11,1987,-88.35
07/11/2016 04:33,1985.596575,-89.5
07/11/2016 05:17,1980.596575,-90.32
07/11/2016 05:39,1976,-92.17
07/11/2016 06:23,1975,-86.05
07/11/2016 06:45,1973.596575,-88.99
07/11/2016 07:29,1973.596575,-96.84
07/11/2016 07:51,1972,-89.04
07/11/2016 08:34,1982,-90.44
07/11/2016 08:56,1986.596575,-86.1
07/11/2016 09:40,1971.596575,-78.65
07/11/2016 10:02,1975,-93.05
07/11/2016 10:46,1982,-90.82
07/11/2016 11:08,1978.596575,-96.05
07/11/2016 11:52,1966.596575,-91.88
07/11/2016 12:14,1977,-84.45
07/11/2016 12:58,1977,-84
07/11/2016 13:20,1959.596575,-95.09
07/11/2016 14:04,1983.596575,-98.96
07/11/2016 14:26,1985,-85.98
07/11/2016 15:10,1991,-84.85
07/11/2016 15:32,1980.596575,-82.92
07/11/2016 16:15,1970.596575,-82.96
07/11/2016 16:37,1985,-84.8
07/11/2016 17:21,2012,-86.95
07/11/2016 17:43,2012.596575,-95.42
07/11/2016 18:27,1982.596575,-92.19
07/11/2016 18:49,2004,-89.69
07/11/2016 19:33,2004,-86.3
07/11/2016 19:55,1993.596575,-82.72
07/11/2016 20:39,2022.596575,-89.63
07/11/2016 23:26,2050.596575,-110.89
08/11/2016 00:10,2013.596575,-105.89
08/11/2016 00:32,2031,-97.87
08/11/2016 01:16,2020,-91.06
08/11/2016 01:38,2012.596575,-93.95
08/11/2016 02:22,1992.596575,-105
08/11/2016 02:44,1997,-94.86
08/11/2016 03:28,1994,-88.99
08/11/2016 03:50,1993.596575,-97.71
08/11/2016 04:34,2028.596575,-100.69
08/11/2016 04:56,2027,-90.31
08/11/2016 05:39,2090,-98.25
08/11/2016 06:02,2121.596575,-100.26
08/11/2016 06:45,2084.596575,-98.93
08/11/2016 07:07,2093,-102.38
08/11/2016 07:51,2070,-92.83
08/11/2016 08:13,2136.596575,-99.64
08/11/2016 08:57,2138.596575,-94.62
08/11/2016 09:19,2112,-99.01
08/11/2016 10:03,2063,-100.01
08/11/2016 10:25,2041.596575,-86.21
08/11/2016 11:09,2022.596575,-88.81
08/11/2016 11:31,2056,-94.64
08/11/2016 12:15,2019,-95.5
08/11/2016 12:37,2032.596575,-92.33
08/11/2016 13:21,2029.596575,-87.64
08/11/2016 13:42,2026,-91.04
08/11/2016 14:26,2045,-94.22
08/11/2016 14:48,2043.596575,-94.78
08/11/2016 15:32,2070.596575,-102.88
08/11/2016 15:54,2048,-93.28
08/11/2016 16:38,2046,-96.95
08/11/2016 17:00,2077.596575,-101.42
08/11/2016 17:44,2137.596575,-101.62
08/11/2016 18:06,2127,-102.04
08/11/2016 18:50,2124,-96.19
08/11/2016 19:12,2112.596575,-106.53
08/11/2016 19:56,2173.596575,-112.56
08/11/2016 20:18,2163,-103.95
08/11/2016 21:01,2120,-96.37
09/11/2016 02:53,2235,-110.03
09/11/2016 03:37,2198,-111.75
09/11/2016 03:59,2217,-118.15
09/11/2016 04:42,2228,-113.17
09/11/2016 05:04,2219,-114.77
09/11/2016 05:48,2233,-112.51
09/11/2016 06:10,2305,-116.14
09/11/2016 06:54,2307,-111.15
14/11/2016 08:58,2490,-129.19
14/11/2016 09:32,2414,-126.6
14/11/2016 10:40,2367,-125.1
14/11/2016 11:14,2312,-123.98
14/11/2016 12:21,2244,-112.58
14/11/2016 12:55,2227,-111.83
14/11/2016 14:03,2216,-109.94
14/11/2016 14:37,2198,-105.88
14/11/2016 15:44,2198,-105.99
14/11/2016 16:18,2205,-107.19
14/11/2016 17:26,2248,-110.94
14/11/2016 21:43,2218,-112.21
14/11/2016 22:17,2196,-112.74
14/11/2016 23:24,2231,-109.05
14/11/2016 23:58,2221,-109.39
15/11/2016 01:06,2180,-106.89
15/11/2016 01:39,2153,-109.49
15/11/2016 02:47,2158,-109.52
15/11/2016 03:21,2199,-109.49
15/11/2016 04:29,2190,-111.22
15/11/2016 05:02,2191,-109.46
15/11/2016 06:10,2162,-108.32
15/11/2016 06:44,2161,-106.72
15/11/2016 07:51,2195,-106.63
15/11/2016 08:25,2140,-102.7
15/11/2016 09:33,2029,-91.07
15/11/2016 10:07,1979,-82.97
15/11/2016 14:41,1951,-91.01
15/11/2016 15:15,1938,-80.47
15/11/2016 16:23,1941,-84.58
15/11/2016 16:56,1942,-82.65
15/11/2016 18:04,1946,-80.26
15/11/2016 18:38,1940,-77.8
15/11/2016 19:45,1951,-87.41
15/11/2016 20:19,1986,-90.51
15/11/2016 21:27,1923,-77.48
15/11/2016 22:01,1951,-84.35
15/11/2016 23:08,2063,-96.07
15/11/2016 23:42,2089,-99.87
16/11/2016 00:50,2094,-93.31
16/11/2016 01:24,2103,-98.11
16/11/2016 02:31,2001,-89.54
16/11/2016 03:05,2003,-88.1
16/11/2016 04:13,2015,-88.22
16/11/2016 04:47,2119,-97.71
16/11/2016 05:54,2165,-102.75
16/11/2016 06:28,2150,-101.98
16/11/2016 07:36,2169,-106.75
16/11/2016 08:09,2175,-106.98
16/11/2016 10:56,1928,-82.06
16/11/2016 11:29,1919,-74.28
16/11/2016 12:37,1948,-79.26
16/11/2016 13:11,1923,-79.4
16/11/2016 14:18,1958,-77.91
16/11/2016 14:52,1943,-81.89
16/11/2016 16:00,1955,-84.85
16/11/2016 16:34,1983,-90.81
16/11/2016 17:41,1954,-83.15
16/11/2016 18:15,1964,-88.39
16/11/2016 19:23,2016,-93.55
16/11/2016 19:57,1991,-85.44
16/11/2016 21:04,1961,-86.81
16/11/2016 21:38,2000,-95.08
16/11/2016 22:46,2020,-96.94
16/11/2016 23:20,1956,-94.88
17/11/2016 00:27,2005,-84.76
17/11/2016 01:01,1996,-85.44
17/11/2016 02:09,1972,-92.6
17/11/2016 02:43,2027,-97.13
17/11/2016 03:50,2035,-91.13
17/11/2016 04:24,2064,-99.57
17/11/2016 05:32,2159,-104.51
17/11/2016 06:05,2172,-112.53
23/11/2016 17:20,2149,-94.02
23/11/2016 17:54,2255,-103.02
23/11/2016 19:02,2072,-96.57
23/11/2016 19:36,2028,-87.45
23/11/2016 20:44,1957,-88.74
23/11/2016 21:17,1950,-85.12
23/11/2016 22:25,1932,-87.51
23/11/2016 22:59,1945,-83.32
24/11/2016 00:07,1940,-77.62
24/11/2016 00:41,1936,-82.48
24/11/2016 01:48,1944,-77.48
24/11/2016 02:22,1937,-78.99
24/11/2016 03:30,1943,-78.69
24/11/2016 04:04,1937,-80.32
24/11/2016 05:12,1951,-80.83
24/11/2016 05:46,1947,-79.78
24/11/2016 06:53,1947,-80.29
24/11/2016 07:27,1955,-80.03
24/11/2016 08:35,1961,-77.87
24/11/2016 09:09,1933,-81.26
24/11/2016 21:23,1997,-91.01
24/11/2016 23:04,2015,-95.31
24/11/2016 23:38,2015,-90.69
25/11/2016 01:20,2016,-94.16
25/11/2016 04:10,1974,-88.26
25/11/2016 05:51,2012,-88.52
25/11/2016 06:26,1996,-90.37
25/11/2016 08:07,1984,-87.95
25/11/2016 10:57,2001,-89.86
25/11/2016 12:39,2025,-93.98
25/11/2016 16:44,2007,-88.76
25/11/2016 17:18,1987,-86.22
25/11/2016 19:34,2023,-92.85
25/11/2016 21:15,2027,-92.94
25/11/2016 23:31,2102,-99.81
26/11/2016 00:05,2073,-95.17
26/11/2016 02:21,2122,-105.78
26/11/2016 04:03,2151,-97.57
26/11/2016 06:18,2110,-106.73
26/11/2016 06:52,2100,-95.1
26/11/2016 09:08,1934,-88.18
26/11/2016 10:50,1949,-93.01
26/11/2016 13:06,2407,-119.47
26/11/2016 13:40,2333,-120.41
26/11/2016 15:56,2036,-91.26
26/11/2016 17:37,2083,-102.22
26/11/2016 19:53,2022,-92.1
26/11/2016 20:27,1968,-84.92
26/11/2016 22:43,1904,-69.98
27/11/2016 00:24,1920,-71.77
27/11/2016 02:40,1920,-82.01
27/11/2016 03:14,1923,-82.26
27/11/2016 05:30,1938,-78.68
27/11/2016 07:11,1939,-85.77
27/11/2016 09:27,1951,-86.66
27/11/2016 10:01,1943,-86.8
27/11/2016 12:17,1931,-83.46
27/11/2016 13:59,1940,-83.03
27/11/2016 16:14,1937,-86.7
27/11/2016 16:49,1932,-79.61
27/11/2016 19:04,1949,-84.14
27/11/2016 20:46,1970,-90.98
28/11/2016 01:58,1953,-94.61
28/11/2016 02:33,1942,-93.75
28/11/2016 04:48,1961,-93.36
28/11/2016 06:30,1956,-87.41
28/11/2016 08:46,1955,-88.2
28/11/2016 09:20,1931,-87.03
28/11/2016 11:36,1982,-82.65
28/11/2016 13:17,1992,-91.17
28/11/2016 15:33,1985,-85.43
28/11/2016 16:07,1969,-86.3
28/11/2016 18:23,1976,-85.6
28/11/2016 20:05,1959,-80.16
28/11/2016 22:21,1979,-85.01
28/11/2016 22:55,1969,-85.88
29/11/2016 01:11,1969,-83.87
29/11/2016 02:52,1982,-87.56
29/11/2016 05:08,1995,-84.5
29/11/2016 05:42,2006,-90.25
29/11/2016 07:58,1984,-89.79
29/11/2016 09:39,2106,-91.73
29/11/2016 11:55,2317,-113.61
29/11/2016 12:29,2204,-109.61
29/11/2016 14:45,2349,-115.13
29/11/2016 16:27,2413,-122.75
29/11/2016 18:43,2355,-119.66
29/11/2016 19:17,2273,-115.65
29/11/2016 21:33,2316,-116.1
29/11/2016 23:14,2242,-102.79
30/11/2016 01:30,2235,-101.33
30/11/2016 02:04,2225,-106.33
30/11/2016 04:20,2234,-108.32
30/11/2016 06:02,2225,-106.54
30/11/2016 18:27,1954,-89.84
30/11/2016 19:01,1909,-88.6
30/11/2016 21:17,1907,-86.32
30/11/2016 23:33,1926,-89.64
01/12/2016 01:14,1987,-93.71
01/12/2016 03:30,1973,-89.9
01/12/2016 04:04,1929,-91.62
01/12/2016 06:20,1934,-89.8
01/12/2016 08:36,1933,-89.19
01/12/2016 10:17,1968,-91.23
01/12/2016 12:33,2005,-83.94
01/12/2016 13:07,1955,-83.6
01/12/2016 18:17,1986,-93.34
01/12/2016 18:51,1917,-78.91
01/12/2016 21:07,1912,-88.45
01/12/2016 23:23,1903,-81.66
02/12/2016 01:04,1954,-78.1
02/12/2016 03:20,1947,-83.94
02/12/2016 03:54,1900,-83.22
02/12/2016 06:10,1899,-82.13
02/12/2016 08:26,1905,-82.46
02/12/2016 10:08,1956,-89.28
02/12/2016 12:23,1962,-79.94
02/12/2016 12:58,1911,-84.73
02/12/2016 15:13,1909,-84.72
02/12/2016 17:29,1906,-85.96
02/12/2016 19:11,1950,-75.48
02/12/2016 21:27,1953,-77.68
02/12/2016 22:01,1905,-82.59
03/12/2016 00:17,1919,-84.36
03/12/2016 02:32,1909,-90.22
03/12/2016 04:14,1957,-87.92
03/12/2016 06:30,1964,-81.74
03/12/2016 07:04,1915,-86.51
03/12/2016 09:20,1911,-87.09
03/12/2016 11:35,1904,-90.09
03/12/2016 13:17,1963,-84.22
03/12/2016 15:33,1956,-90.65
03/12/2016 16:07,1910,-83.91
03/12/2016 18:23,1914,-85.02
03/12/2016 20:39,1958,-92.09
03/12/2016 22:20,2005,-87.76
04/12/2016 00:36,2015,-94.82
04/12/2016 01:10,2052,-103.03
04/12/2016 03:26,2063,-99.93
04/12/2016 05:42,1920,-89.83
04/12/2016 07:23,1977,-85.54
04/12/2016 09:39,1985,-85.79
04/12/2016 10:13,1940,-92.36
04/12/2016 12:29,2795,-146.37
04/12/2016 17:51,2313,-115.36
04/12/2016 18:25,2267,-112.19
04/12/2016 20:41,2382,-123.32
04/12/2016 22:57,2248,-113.24
05/12/2016 00:39,2341,-115.21
05/12/2016 02:54,2224,-107.31
05/12/2016 03:29,2213,-108.62
05/12/2016 05:44,2203,-109.82
05/12/2016 08:00,2143,-101.78
05/12/2016 09:42,2200,-108.99
05/12/2016 11:58,2341,-113.8
05/12/2016 12:32,2718,-143.68
05/12/2016 14:48,2625,-132.43
05/12/2016 17:03,2409,-120.2
05/12/2016 18:45,2320,-104.46
05/12/2016 21:01,2196,-97.07
05/12/2016 21:35,2139,-100.92
05/12/2016 23:51,2104,-90.94
06/12/2016 02:07,2711,-139.06
06/12/2016 03:48,2549,-120.64
06/12/2016 06:04,2817,-145.94
06/12/2016 06:38,2740,-145.67
06/12/2016 08:54,2572,-133.83
06/12/2016 11:10,2828,-141.48
06/12/2016 12:51,2876,-138.1
06/12/2016 15:07,2639,-126.17
06/12/2016 15:41,2759,-137.52
06/12/2016 17:57,2756,-141.73
06/12/2016 20:13,2662,-135.82
06/12/2016 21:55,2657,-129.89
07/12/2016 00:10,2642,-131.12
07/12/2016 00:45,2633,-135.84
07/12/2016 03:00,2681,-141.05
07/12/2016 05:16,2723,-142.73
07/12/2016 06:58,2555,-131.05
07/12/2016 09:13,2473,-119.94
07/12/2016 09:48,2419,-121.01
07/12/2016 12:03,2357,-122.36
07/12/2016 14:19,2267,-112.33
07/12/2016 16:01,2274,-114.03
07/12/2016 18:17,2229,-108.13
07/12/2016 18:51,2199,-109.62
07/12/2016 21:07,2171,-109.27
07/12/2016 23:22,2165,-109.15
08/12/2016 01:04,2204,-109.37
08/12/2016 03:20,2214,-106.68
08/12/2016 03:54,2207,-110.64
08/12/2016 06:10,2129,-104.85
08/12/2016 21:21,2144,-96.57
08/12/2016 21:56,2176,-98.91
08/12/2016 22:30,2190,-101.05
08/12/2016 23:39,2179,-107.49
09/12/2016 00:13,2132,-105.4
09/12/2016 01:22,2051,-91.29
09/12/2016 01:56,2015,-85.17
09/12/2016 03:05,1971,-85.89
09/12/2016 03:40,1975,-84.75
09/12/2016 04:48,1970,-84.69
09/12/2016 05:23,1996,-90.57
09/12/2016 06:31,1997,-92.78
09/12/2016 07:06,2015,-96.53
09/12/2016 08:15,1998,-84.88
09/12/2016 08:49,1993,-87.7
09/12/2016 09:58,1968,-79.04
09/12/2016 10:32,1989,-87.82
09/12/2016 11:41,2056,-92.7
09/12/2016 12:15,2152,-106.92
09/12/2016 13:24,2250,-111.68
09/12/2016 13:59,2258,-109.61
09/12/2016 15:07,2206,-115.61
09/12/2016 15:42,2204,-113.06
09/12/2016 16:50,2194,-116.24
09/12/2016 17:25,2200,-117.09
09/12/2016 18:34,2138,-98.56
09/12/2016 19:08,2126,-102.83
09/12/2016 20:17,2108,-107.77
09/12/2016 20:51,2139,-107.08
09/12/2016 22:00,2165,-113.11
09/12/2016 22:34,2170,-110.1
09/12/2016 23:43,2199,-100.5
10/12/2016 00:18,2144,-108.17
10/12/2016 01:26,2179,-111.67
10/12/2016 02:01,2213,-106.79
10/12/2016 03:09,2193,-96.91
10/12/2016 03:44,2189,-94.63
10/12/2016 04:53,2222,-108.11
10/12/2016 05:27,2157,-104
10/12/2016 06:36,2220,-106.71
10/12/2016 07:10,2202,-110.19
10/12/2016 08:19,2201,-101
10/12/2016 08:53,2223,-110.28
10/12/2016 10:02,2221,-105.52
10/12/2016 10:37,2192,-104.13
10/12/2016 11:45,2192,-110.32
10/12/2016 12:20,2145,-107.4
10/12/2016 13:28,2192,-104.05
10/12/2016 14:03,2224,-110.9
10/12/2016 15:12,2109,-98.79
10/12/2016 15:46,2190,-109.22
10/12/2016 16:55,2215,-105.52
10/12/2016 17:29,2263,-110.23
10/12/2016 18:38,2256,-99.78
11/12/2016 10:04,1955,-91.67
11/12/2016 11:13,1946,-79.65
11/12/2016 11:47,1931,-85.62
11/12/2016 12:56,1936,-89.24
11/12/2016 13:30,1936,-85.66
11/12/2016 14:39,1951,-81.67
11/12/2016 15:13,1947,-76.23
11/12/2016 16:22,1944,-76.68
11/12/2016 16:56,1898,-63.87
11/12/2016 18:05,1907,-78.63
11/12/2016 18:40,1938,-77.87
11/12/2016 19:48,1937,-75.7
11/12/2016 20:23,1927,-72.12
11/12/2016 21:32,1921,-82.05
11/12/2016 22:06,1931,-74.24
11/12/2016 23:15,1926,-88.68
11/12/2016 23:49,1907,-80.44
12/12/2016 00:58,1921,-89.46
12/12/2016 01:32,1937,-81.36
12/12/2016 02:41,1897,-90.98
12/12/2016 03:15,1919,-93.16
12/12/2016 04:24,1887,-91.91
12/12/2016 04:59,1927,-93.58
12/12/2016 06:07,1964,-86.03
12/12/2016 06:42,1952,-88.37
12/12/2016 07:51,1931,-84.56
12/12/2016 08:25,1928,-88.92
12/12/2016 09:34,1941,-86.62
12/12/2016 10:08,1967,-83.39
12/12/2016 11:17,2035,-96.28
12/12/2016 11:51,2064,-101.6
12/12/2016 13:00,2123,-102.36
12/12/2016 13:34,2101,-105.71
12/12/2016 17:13,2215,-95.09
12/12/2016 18:22,2318,-113
12/12/2016 18:56,2282,-120.28
12/12/2016 20:05,2246,-114.24
12/12/2016 20:39,2237,-109.68
12/12/2016 21:48,2242,-113.31
12/12/2016 22:23,2267,-120.59
12/12/2016 23:31,2318,-116.31
13/12/2016 00:06,2373,-122.19
13/12/2016 01:15,2332,-127.61
13/12/2016 01:49,2320,-130.29
13/12/2016 02:58,2286,-122.02
13/12/2016 03:32,2219,-122.39
13/12/2016 04:41,2226,-113.35
13/12/2016 05:15,2269,-117.5
13/12/2016 06:24,2254,-117.24
13/12/2016 06:58,2310,-111.82
13/12/2016 08:07,2288,-109.82
15/12/2016 23:26,2158,-98.95
16/12/2016 00:35,2094,-99.13
16/12/2016 01:09,2141,-107.8
16/12/2016 02:18,2182,-111.82
16/12/2016 02:52,2176,-109.57
16/12/2016 04:01,2166,-113.83
16/12/2016 04:36,2198,-117.82
16/12/2016 05:44,2183,-105.1
16/12/2016 06:19,2178,-113.45
16/12/2016 07:28,2198,-110.53
16/12/2016 08:02,2163,-121.63
16/12/2016 09:13,2211,-111.77
16/12/2016 10:22,2260,-115.33
16/12/2016 10:56,2230,-114.32
16/12/2016 12:05,2188,-107.63
16/12/2016 12:40,2159,-111.31
16/12/2016 13:48,2229,-115.64
16/12/2016 14:23,2212,-115.76
16/12/2016 15:32,2232,-110.69
16/12/2016 16:06,2246,-105.45
16/12/2016 17:15,2226,-108.85
16/12/2016 17:49,2306,-121.31
16/12/2016 18:58,2338,-124.64
16/12/2016 19:32,2277,-115.05
16/12/2016 20:41,2406,-125.05
16/12/2016 21:15,2380,-129.12
16/12/2016 22:24,2419,-124.11
16/12/2016 22:59,2464,-129.64
17/12/2016 00:07,2472,-126.97
17/12/2016 00:42,2480,-129.37
17/12/2016 01:51,2423,-134.52
17/12/2016 02:25,2398,-121.9
17/12/2016 03:34,2448,-126.04
17/12/2016 04:08,2454,-129.26
17/12/2016 05:17,2543,-144.2
17/12/2016 05:51,2582,-137.49
17/12/2016 07:00,2580,-138.81
17/12/2016 07:34,2578,-141.94
17/12/2016 08:43,2589,-145.64
17/12/2016 09:18,2597,-141.22
17/12/2016 10:26,2565,-140.85
17/12/2016 11:01,2522,-139.89
17/12/2016 12:10,2601,-142.83
17/12/2016 12:44,2583,-136.62
17/12/2016 13:53,2628,-140.69
17/12/2016 14:27,2634,-144.39
17/12/2016 15:36,2104,-107.99
17/12/2016 16:10,1961,-92.9
17/12/2016 17:55,2071,-101.61
17/12/2016 18:29,2103,-97.67
17/12/2016 19:37,2109,-103.65
17/12/2016 20:12,2085,-99.32
17/12/2016 21:20,1977,-89.77
17/12/2016 21:55,1989,-98.36
17/12/2016 23:04,2072,-97.13
17/12/2016 23:38,2096,-100.24
18/12/2016 00:47,2029,-96.4
18/12/2016 01:21,2025,-95.49
18/12/2016 02:30,2090,-104.85
18/12/2016 03:04,2068,-101.36
18/12/2016 04:13,2095,-100.47
18/12/2016 04:47,2076,-99.99
18/12/2016 05:56,2067,-93.68
18/12/2016 06:31,2033,-86.62
18/12/2016 07:39,2078,-102.67
18/12/2016 08:14,2072,-101.43
18/12/2016 09:23,1987,-92.22
18/12/2016 09:57,2063,-90.88
18/12/2016 11:06,2053,-102.84
18/12/2016 11:40,2006,-91.2
18/12/2016 12:49,1941,-84.88
18/12/2016 13:23,1958,-84.6
18/12/2016 14:32,1948,-85.42
18/12/2016 15:06,1920,-80.96
18/12/2016 16:15,1952,-81.58
18/12/2016 16:51,1956,-87.82
18/12/2016 17:25,1984,-103.15
18/12/2016 18:34,1994,-82.25
18/12/2016 19:08,1981,-93.51
18/12/2016 20:17,2035,-96.15
18/12/2016 20:51,2018,-91.74
18/12/2016 22:00,2035,-92.06
18/12/2016 22:35,2076,-98.55
18/12/2016 23:43,2024,-90.95
19/12/2016 00:18,2164,-110.39
19/12/2016 01:27,2280,-112.44
19/12/2016 02:01,2454,-122.48
19/12/2016 03:10,2111,-101.83
19/12/2016 03:44,2014,-94.19
19/12/2016 04:53,2046,-100.02
19/12/2016 05:27,2343,-122.62
19/12/2016 06:36,2543,-137.14
19/12/2016 07:10,2352,-122
19/12/2016 08:19,2145,-97.64
19/12/2016 08:54,2016,-89.65
19/12/2016 10:02,2194,-108.23
19/12/2016 10:37,2210,-109.12
19/12/2016 11:45,2617,-136.56
19/12/2016 12:20,2489,-127.23
19/12/2016 13:29,2562,-140.22
19/12/2016 14:03,2348,-120.19
19/12/2016 15:12,2074,-98.84
19/12/2016 15:46,2025,-89.55
19/12/2016 16:55,2041,-91.17
19/12/2016 17:29,2229,-112.28
19/12/2016 18:38,2345,-124.37
19/12/2016 19:12,2188,-114.4
19/12/2016 20:21,2149,-105.66
19/12/2016 20:56,2127,-109.15
19/12/2016 22:04,2077,-102.86
19/12/2016 22:39,2071,-102.58
19/12/2016 23:48,2080,-94.76
20/12/2016 00:22,2072,-98.96
20/12/2016 01:31,2075,-93.78
20/12/2016 02:05,2091,-99.83
20/12/2016 03:14,2083,-94.57
20/12/2016 03:48,2098,-103.16
20/12/2016 04:57,2114,-108.74
20/12/2016 05:31,2135,-111.13
20/12/2016 06:40,2124,-104.46
20/12/2016 07:15,2114,-110.76
20/12/2016 08:23,2106,-105.58
20/12/2016 08:58,2098,-104.04
20/12/2016 10:07,2082,-108.28
20/12/2016 10:41,2098,-101.42
20/12/2016 11:50,2086,-97.27
20/12/2016 12:24,2093,-96.26
20/12/2016 13:33,2098,-101.65
20/12/2016 14:07,2091,-103.54
20/12/2016 15:16,2084,-96.77
20/12/2016 15:50,2127,-99.87
20/12/2016 21:13,2182.717053,-95.46
20/12/2016 21:47,2143.717053,-101.44
20/12/2016 22:56,2198.717053,-102.81
20/12/2016 23:31,2199.717053,-108.02
21/12/2016 00:39,2261.717053,-107.2
21/12/2016 01:14,2308.717053,-113.98
21/12/2016 02:23,2408.717053,-123.63
21/12/2016 02:57,2449.717053,-118.72
21/12/2016 04:06,2440.717053,-120.73
21/12/2016 04:40,2379.717053,-122.88
21/12/2016 05:49,2407.717053,-122.55
21/12/2016 06:24,2398.717053,-110.44
21/12/2016 07:32,2323.717053,-114.29
21/12/2016 08:07,2314.717053,-111.53
21/12/2016 09:16,2252.717053,-111.87
21/12/2016 09:55,2145.717053,-108.02
21/12/2016 10:29,2177.717053,-108.71
21/12/2016 11:38,2137.717053,-101.59
21/12/2016 12:12,2137.717053,-103.51
21/12/2016 12:47,1902.717053,-90.23
21/12/2016 13:22,2059.717053,-98.07
21/12/2016 14:30,2090.717053,-109.89
21/12/2016 15:05,2095.717053,-97.72
21/12/2016 16:14,2093.717053,-98.05
21/12/2016 16:48,2099.717053,-110.31
21/12/2016 17:57,2123.717053,-101.81
21/12/2016 18:31,2097.717053,-97.57
21/12/2016 19:40,2091.717053,-104.87
21/12/2016 20:14,2100.717053,-83.61
21/12/2016 21:23,2120.717053,-114.91
21/12/2016 21:58,2118.717053,-98.72
21/12/2016 23:07,2126.717053,-104.19
21/12/2016 23:41,2126.717053,-97.83
22/12/2016 00:50,2113.717053,-91.89
22/12/2016 01:24,2130.717053,-103.94
22/12/2016 02:33,2124.717053,-104.49
22/12/2016 03:07,2122.717053,-99.2
22/12/2016 04:16,2109.717053,-93.35
22/12/2016 04:51,2138.717053,-85.93
22/12/2016 05:59,2127.717053,-99.64
22/12/2016 06:34,2137.717053,-107.83
22/12/2016 07:43,2159.717053,-105.21
22/12/2016 08:17,2142.717053,-99.16
22/12/2016 09:26,2158.717053,-109.09
22/12/2016 10:00,2130.717053,-109.43
22/12/2016 13:31,2185.717053,-97.1
22/12/2016 14:40,2079.717053,-96.34
22/12/2016 15:15,2066.717053,-94.62
22/12/2016 16:23,2200.717053,-113.58
22/12/2016 16:58,2176.717053,-100.37
22/12/2016 18:07,2173.717053,-107.17
22/12/2016 18:41,2127.717053,-95.15
22/12/2016 19:50,2133.717053,-98.88
22/12/2016 20:24,2129.717053,-105.97
22/12/2016 21:33,2130.717053,-97.09
22/12/2016 22:07,2118.717053,-87.17
22/12/2016 23:16,2101.717053,-94.58
22/12/2016 23:50,2107.717053,-99.88
23/12/2016 00:59,2093.717053,-97.28
23/12/2016 01:34,2070.717053,-101.48
23/12/2016 02:42,2108.717053,-105.21
23/12/2016 03:17,2117.717053,-102.93
23/12/2016 04:26,2136.717053,-105.39
23/12/2016 05:00,2134.717053,-106.9
23/12/2016 06:09,2155.717053,-105.72
23/12/2016 06:43,2128.717053,-110.05
23/12/2016 07:52,2153.717053,-99.58
23/12/2016 09:06,2145.717053,-110.99
23/12/2016 10:14,2126.717053,-100.8
23/12/2016 10:49,2104.717053,-100.11
23/12/2016 11:58,2143.717053,-106.77
23/12/2016 12:32,2097.717053,-97.16
23/12/2016 13:41,2071.717053,-94.55
23/12/2016 14:15,2078.717053,-95.25
23/12/2016 15:24,2057.717053,-104.35
23/12/2016 15:58,2073.717053,-94.2
23/12/2016 17:07,2081.717053,-100.55
23/12/2016 17:41,2041.717053,-97.72
23/12/2016 18:50,2029.717053,-100.57
23/12/2016 19:25,2011.717053,-96.91
23/12/2016 20:33,2004.717053,-95.3
23/12/2016 21:08,1997.717053,-97.69
23/12/2016 22:17,1996.717053,-94.73
23/12/2016 22:51,2000.717053,-96.88
24/12/2016 00:00,2014.717053,-96.33
24/12/2016 00:34,2015.717053,-97.09
24/12/2016 01:43,1998.717053,-90.75
24/12/2016 02:17,1988.717053,-88.7
24/12/2016 03:26,1998.717053,-88.58
24/12/2016 04:00,1960.717053,-90.57
24/12/2016 05:09,1936.717053,-81.15
24/12/2016 05:44,1943.717053,-84.19
24/12/2016 06:52,1948.717053,-88.86
24/12/2016 07:27,1962.717053,-79.96
24/12/2016 08:36,1976.717053,-91.42
24/12/2016 09:10,1968.717053,-93.05
24/12/2016 10:19,1971.717053,-81.51
24/12/2016 10:53,1965.717053,-84.7
24/12/2016 12:02,1950.717053,-86.55
24/12/2016 15:14,1913.717053,-83.31
24/12/2016 16:22,1927.717053,-72.03
24/12/2016 16:57,1952.717053,-79.55
24/12/2016 18:06,1959.717053,-76.85
24/12/2016 18:40,1952.717053,-79.85
24/12/2016 19:49,1934.717053,-80.86
24/12/2016 20:23,1939.717053,-79.21
24/12/2016 21:32,1942.717053,-92.17
24/12/2016 22:06,1944.717053,-90.04
24/12/2016 23:15,1957.717053,-78.71
24/12/2016 23:49,1966.717053,-87.6
25/12/2016 00:58,1948.717053,-75.38
25/12/2016 01:33,1958.717053,-87.7
25/12/2016 02:41,1952.717053,-84.91
25/12/2016 03:16,1961.717053,-76.66
25/12/2016 04:25,1976.717053,-81.8
25/12/2016 04:59,1978.717053,-76.51
25/12/2016 06:08,1929.717053,-93.75
25/12/2016 06:42,1930.717053,-90.54
25/12/2016 07:51,1914.717053,-86.38
25/12/2016 08:25,1932.717053,-80.2
25/12/2016 09:34,1965.717053,-87.04
25/12/2016 10:08,1943.717053,-81.21
25/12/2016 11:17,1949.717053,-76.48
25/12/2016 11:52,1938.717053,-88.63
25/12/2016 13:00,1940.717053,-87.57
25/12/2016 13:35,1934.717053,-91.55
25/12/2016 14:43,1958.717053,-88.58
25/12/2016 15:18,1963.717053,-87.98
25/12/2016 16:27,1948.717053,-78.15
25/12/2016 17:01,1944.717053,-90.21
25/12/2016 18:10,1937.717053,-82.39
25/12/2016 18:44,1948.717053,-85.82
25/12/2016 19:53,1957.717053,-82.83
25/12/2016 20:27,1936.717053,-82.33
25/12/2016 21:36,1941.717053,-77.24
25/12/2016 22:10,1921.717053,-77.17
25/12/2016 23:19,1955.717053,-80.66
25/12/2016 23:54,1959.717053,-75.11
26/12/2016 01:02,1954.717053,-80.11
26/12/2016 01:37,1940.717053,-77.62
26/12/2016 02:46,1929.717053,-88.82
26/12/2016 03:20,1938.717053,-81.58
26/12/2016 04:29,1936.717053,-89.98
26/12/2016 05:03,1936.717053,-92.25
26/12/2016 06:12,1941.717053,-81.95
26/12/2016 06:46,1932.717053,-84.38
26/12/2016 07:55,1974.717053,-80.15
26/12/2016 08:29,1953.717053,-86.01
26/12/2016 09:38,1966.717053,-81.66
26/12/2016 10:13,1953.717053,-79.82
26/12/2016 11:21,1949.717053,-81.54
26/12/2016 11:56,1966.717053,-83.86
26/12/2016 13:05,1953.717053,-94.61
26/12/2016 13:39,1938.717053,-84.98
27/12/2016 11:24,1936.967287,-84.66
27/12/2016 11:59,1938.967287,-78.67
27/12/2016 13:08,1939.967287,-78.34
27/12/2016 13:42,1944.967287,-85.2
27/12/2016 14:51,1932.967287,-83.79
27/12/2016 15:25,1945.967287,-88.52
27/12/2016 16:34,1958.967287,-95.38
27/12/2016 17:08,1970.967287,-97.45
27/12/2016 18:17,1952.967287,-101.13
27/12/2016 18:52,1944.967287,-88.15
27/12/2016 20:00,1949.967287,-77.65
27/12/2016 20:35,1952.967287,-92.03
27/12/2016 21:43,1955.967287,-90.69
27/12/2016 22:18,1958.967287,-85.14
27/12/2016 23:27,1989.967287,-83.5
28/12/2016 00:01,1996.967287,-94.55
28/12/2016 01:10,1991.967287,-82.21
28/12/2016 01:44,1964.967287,-80.85
28/12/2016 02:53,1951.967287,-79.6
28/12/2016 03:27,1975.967287,-76.59
28/12/2016 04:36,1926.967287,-82.01
28/12/2016 05:11,1926.967287,-86
28/12/2016 06:19,1928.967287,-82.56
28/12/2016 06:54,1936.967287,-86.82
28/12/2016 08:02,1941.967287,-90.38
28/12/2016 08:37,1945.967287,-95.4
28/12/2016 09:46,1945.967287,-88.85
28/12/2016 10:20,1939.967287,-81.33
28/12/2016 11:29,1940.967287,-83.41
28/12/2016 12:03,1990.967287,-91.81
28/12/2016 13:12,1975.967287,-89.49
28/12/2016 13:46,1975.967287,-94.7
28/12/2016 14:55,1950.967287,-90.2
28/12/2016 15:30,1951.967287,-86.57
28/12/2016 16:38,1942.967287,-84.88
28/12/2016 17:13,1942.967287,-87.89
28/12/2016 18:21,2474.967287,-121.78
28/12/2016 18:56,2314.967287,-118.83
28/12/2016 20:05,2293.967287,-114.62
28/12/2016 20:39,2241.967287,-99.99
28/12/2016 21:48,2076.967287,-94.87
28/12/2016 22:22,2163.967287,-98.98
28/12/2016 23:31,2167.967287,-107.18
29/12/2016 00:05,2131.967287,-93.06
29/12/2016 01:14,2124.967287,-103.66
29/12/2016 01:49,2147.967287,-105.22
29/12/2016 02:57,2146.967287,-106.89
29/12/2016 03:32,2164.967287,-108.09
29/12/2016 04:40,2108.967287,-107.12
29/12/2016 05:15,2131.967287,-104.19
29/12/2016 06:24,2124.967287,-105.22
29/12/2016 06:58,2128.967287,-100.34
29/12/2016 10:18,2154.967287,-90.48
29/12/2016 11:09,2369.53639,-116.34
29/12/2016 11:26,2303.967287,-115.23
29/12/2016 11:43,2286.53639,-110.58
29/12/2016 11:59,2184.967287,-100.56
29/12/2016 12:50,2266.53639,-112.34
29/12/2016 13:07,2202.967287,-106.84
29/12/2016 13:24,2220.53639,-102.41
29/12/2016 13:41,2221.967287,-102.52
29/12/2016 14:32,2216.53639,-108.25
29/12/2016 14:49,2250.967287,-110.79
29/12/2016 15:06,2264.53639,-109.91
29/12/2016 15:23,2266.967287,-111.46
29/12/2016 16:13,2390.53639,-126.28
29/12/2016 16:30,2350.967287,-121.14
29/12/2016 16:47,2412.53639,-127.11
29/12/2016 17:04,2411.967287,-119.9
29/12/2016 17:55,2477.53639,-130.68
29/12/2016 18:12,2514.967287,-131.74
29/12/2016 18:29,2564.53639,-138.5
29/12/2016 18:46,2585.967287,-130.34
29/12/2016 19:37,2611.53639,-136.57
29/12/2016 19:54,2641.967287,-139.94
29/12/2016 20:11,2593.53639,-129.53
29/12/2016 20:27,2626.967287,-139.73
29/12/2016 21:18,2557.53639,-126.26
29/12/2016 21:35,2526.967287,-128.43
29/12/2016 21:52,2479.53639,-126.91
29/12/2016 22:09,2443.967287,-116.02
29/12/2016 23:00,2373.53639,-121.77
29/12/2016 23:17,2345.967287,-118.43
29/12/2016 23:34,2369.53639,-121.58
29/12/2016 23:51,2355.967287,-125.84
30/12/2016 00:42,2392.53639,-118.72
30/12/2016 00:58,2371.967287,-122.4
30/12/2016 01:15,2392.53639,-122.42
30/12/2016 01:32,2363.967287,-114.38
30/12/2016 02:23,2433.53639,-127.46
30/12/2016 02:40,2457.967287,-127.49
30/12/2016 02:57,2472.53639,-130.66
30/12/2016 03:14,2476.967287,-122.31
30/12/2016 04:05,2573.53639,-136.81
30/12/2016 04:22,2584.967287,-138.47
30/12/2016 04:39,2625.53639,-134.41
30/12/2016 04:55,2628.967287,-123.32
30/12/2016 05:46,2664.53639,-141.7
30/12/2016 06:03,2665.967287,-132.44
30/12/2016 06:20,2677.53639,-134.27
30/12/2016 06:37,2692.967287,-143.01
30/12/2016 07:28,2684.53639,-139.05
30/12/2016 07:45,2651.967287,-125.61
30/12/2016 08:02,2654.53639,-131.4
30/12/2016 08:19,2642.967287,-134.79
30/12/2016 09:10,2404.53639,-123.38
30/12/2016 09:26,2342.967287,-106.57
30/12/2016 09:43,2327.53639,-117.04
30/12/2016 10:00,2305.967287,-108.13
30/12/2016 10:51,2332.53639,-117.68
30/12/2016 11:08,2302.967287,-114.73
30/12/2016 11:25,2317.53639,-115.35
30/12/2016 11:42,2293.967287,-111.72
30/12/2016 12:33,2289.53639,-111.42
30/12/2016 12:50,2299.967287,-116.91
30/12/2016 13:07,2299.53639,-117.65
30/12/2016 13:24,2325.967287,-118.44
30/12/2016 14:14,2311.53639,-118.6
30/12/2016 14:31,2332.967287,-114.67
30/12/2016 14:48,2310.53639,-111.5
30/12/2016 15:05,2329.967287,-123.53
30/12/2016 15:56,2328.53639,-121.07
30/12/2016 16:13,2310.967287,-118.05
30/12/2016 16:30,2310.53639,-114.39
30/12/2016 16:47,2326.967287,-116.57
30/12/2016 17:38,2302.53639,-117.4
30/12/2016 17:54,2317.967287,-110.5
30/12/2016 18:11,2319.53639,-116.84
30/12/2016 18:28,2322.967287,-113.85
30/12/2016 19:19,2383.53639,-115.84
30/12/2016 19:36,2371.967287,-113.05
30/12/2016 19:53,2355.53639,-117.98
30/12/2016 20:10,2339.967287,-120.85
30/12/2016 21:01,2355.53639,-121.68
30/12/2016 21:18,2301.967287,-119.98
30/12/2016 21:35,2274.53639,-113.45
30/12/2016 21:52,2279.967287,-114.69
30/12/2016 22:42,2264.53639,-112.14
30/12/2016 22:59,2207.967287,-111.2
30/12/2016 23:16,2131.53639,-103.92
30/12/2016 23:33,2102.967287,-100.18
31/12/2016 00:24,2217.53639,-110.03
31/12/2016 00:41,2232.967287,-113.03
31/12/2016 00:58,2223.53639,-111.53
31/12/2016 01:15,2224.967287,-114.76
31/12/2016 02:06,2179.53639,-108
31/12/2016 02:23,2186.967287,-110.49
31/12/2016 02:40,2161.53639,-103.85
31/12/2016 02:56,2190.967287,-113.23
31/12/2016 03:47,2210.53639,-109.33
31/12/2016 04:04,2239.967287,-112.21
31/12/2016 04:21,2240.53639,-103.45
31/12/2016 04:38,2236.967287,-115.01
31/12/2016 05:29,2219.53639,-109.16
31/12/2016 05:46,2264.967287,-112.28
31/12/2016 06:03,2199.53639,-109.19
31/12/2016 06:20,2262.967287,-101.19
31/12/2016 07:10,2255.53639,-114.59
02/01/2017 11:47,1965.690616,-84.8
02/01/2017 12:04,1953.832102,-79.3
02/01/2017 12:21,1948.690616,-82.45
02/01/2017 12:38,1925.832102,-77.82
02/01/2017 13:29,1954.690616,-90.02
02/01/2017 13:45,1942.832102,-81.77
02/01/2017 14:02,1949.690616,-79
02/01/2017 14:19,1940.832102,-75.56
02/01/2017 15:10,1953.690616,-94.16
02/01/2017 15:27,1949.832102,-75.67
02/01/2017 15:44,1953.690616,-90.57
02/01/2017 16:01,1938.832102,-82.98
02/01/2017 16:52,1952.690616,-83.97
02/01/2017 17:09,1944.832102,-90.67
02/01/2017 17:26,1946.690616,-83.33
02/01/2017 17:42,1952.832102,-92.58
02/01/2017 18:33,1940.690616,-88.14
02/01/2017 18:50,1955.832102,-89.71
02/01/2017 19:07,1939.690616,-92.3
02/01/2017 19:24,1943.832102,-96.55
02/01/2017 20:15,1946.690616,-93.43
02/01/2017 20:32,1942.832102,-91.62
02/01/2017 20:49,1943.690616,-89.67
02/01/2017 21:06,1942.832102,-98.72
02/01/2017 21:57,1952.690616,-89.52
02/01/2017 22:13,1951.832102,-87.49
02/01/2017 22:30,1953.690616,-92.79
02/01/2017 22:47,1930.832102,-90.87
02/01/2017 23:38,2005.690616,-98.66
02/01/2017 23:55,2008.832102,-95.8
03/01/2017 00:12,1981.690616,-94.46
03/01/2017 00:29,1977.832102,-83.04
03/01/2017 01:20,1928.690616,-94.62
03/01/2017 01:37,1929.832102,-85.52
03/01/2017 01:54,1936.690616,-91.4
03/01/2017 02:11,1942.832102,-88.25
03/01/2017 03:01,1946.690616,-92.46
03/01/2017 03:18,1946.832102,-76
03/01/2017 03:35,1938.690616,-95.2
03/01/2017 03:52,1936.832102,-84.27
03/01/2017 04:43,1919.690616,-84.88
03/01/2017 05:00,1941.832102,-71.67
03/01/2017 05:17,1925.690616,-92.53
03/01/2017 05:34,1932.832102,-70.13
03/01/2017 06:25,1957.690616,-92.28
03/01/2017 06:41,1943.832102,-77.23
03/01/2017 06:58,1955.690616,-87.29
03/01/2017 07:15,1974.832102,-73.65
03/01/2017 08:06,1955.690616,-81.58
03/01/2017 08:23,1954.832102,-70.82
03/01/2017 08:40,1953.690616,-85.91
03/01/2017 08:57,1942.832102,-80.81
03/01/2017 09:48,1953.690616,-87.03
03/01/2017 10:05,1961.832102,-77.47
03/01/2017 10:22,1960.690616,-76.73
03/01/2017 10:39,1967.832102,-88.22
03/01/2017 11:29,1963.690616,-85.66
03/01/2017 11:46,1961.832102,-90.17
03/01/2017 12:03,1967.690616,-90.63
03/01/2017 12:20,1954.832102,-81.94
03/01/2017 13:11,1960.690616,-83.8
03/01/2017 13:28,1956.832102,-76.18
03/01/2017 13:45,1963.690616,-77.91
03/01/2017 14:02,1944.832102,-77.7
03/01/2017 14:53,1957.690616,-80.85
03/01/2017 15:10,1967.832102,-80.21
03/01/2017 15:26,1968.690616,-76.36
03/01/2017 15:43,1970.832102,-91.32
03/01/2017 16:34,1976.690616,-80.83
03/01/2017 16:51,1951.832102,-84.31
03/01/2017 17:08,1955.690616,-77.11
03/01/2017 17:25,1944.832102,-84.88
03/01/2017 18:16,1959.690616,-74.42
03/01/2017 18:33,1952.832102,-88.83
03/01/2017 18:50,1954.690616,-83.76
03/01/2017 19:07,1959.832102,-93.94
03/01/2017 19:57,1942.690616,-79.15
03/01/2017 20:14,1951.832102,-89.79
03/01/2017 20:31,1944.690616,-80.08
03/01/2017 20:48,1961.832102,-83.69
03/01/2017 21:39,1945.690616,-82.29
03/01/2017 21:56,1964.832102,-84.35
03/01/2017 22:13,1948.690616,-87.66
03/01/2017 22:30,1946.832102,-81.98
03/01/2017 23:21,1932.690616,-85.02
03/01/2017 23:38,1923.832102,-89.25
03/01/2017 23:55,1925.690616,-82.65
04/01/2017 00:11,1937.832102,-79.56
04/01/2017 01:02,1921.690616,-91.77
04/01/2017 01:19,1934.832102,-84.91
04/01/2017 01:36,1923.690616,-88.28
04/01/2017 01:53,1936.832102,-82.02
04/01/2017 02:44,1932.690616,-90.43
04/01/2017 03:01,1946.832102,-81.26
04/01/2017 03:18,1928.690616,-80.46
04/01/2017 03:35,1942.832102,-74.62
04/01/2017 04:26,1921.690616,-92.55
04/01/2017 04:42,1923.832102,-89.21
04/01/2017 04:59,1927.690616,-82.55
04/01/2017 05:16,1913.832102,-87.29
04/01/2017 06:07,1945.690616,-90.12
04/01/2017 06:24,1931.832102,-92.86
04/01/2017 06:41,1929.690616,-90.73
04/01/2017 06:58,1940.832102,-87.97
04/01/2017 07:49,1939.690616,-95.24
04/01/2017 08:06,1943.832102,-96.57
04/01/2017 11:08,1911.690616,-87.05
04/01/2017 11:24,1933.832102,-79.89
04/01/2017 11:41,1928.690616,-86.76
04/01/2017 11:58,1938.832102,-87.36
04/01/2017 12:49,1940.690616,-89.77
04/01/2017 13:06,1929.832102,-85.42
04/01/2017 13:23,1927.690616,-84.79
04/01/2017 13:40,1925.832102,-81.2
04/01/2017 14:31,1935.690616,-90.13
04/01/2017 14:48,1931.832102,-85.34
04/01/2017 15:05,1931.690616,-84.1
04/01/2017 15:22,1930.832102,-82.17
04/01/2017 16:12,1924.690616,-87.39
04/01/2017 16:29,1929.832102,-81.73
04/01/2017 16:46,1922.690616,-82.09
04/01/2017 17:03,1924.832102,-80.48
04/01/2017 17:54,1932.690616,-81.42
04/01/2017 18:11,1917.832102,-81.73
04/01/2017 18:28,1930.690616,-81.5
04/01/2017 18:45,1937.832102,-81.16
04/01/2017 19:36,1934.690616,-80.37
04/01/2017 19:52,1920.832102,-83.67
04/01/2017 20:09,1936.690616,-84.24
04/01/2017 20:26,1937.832102,-84.79
04/01/2017 21:17,1932.690616,-81.16
04/01/2017 21:34,1934.832102,-78.85
04/01/2017 21:51,1929.690616,-83.04
04/01/2017 22:08,1925.832102,-76.17
04/01/2017 22:59,1933.690616,-79.04
04/01/2017 23:16,1928.832102,-91.06
04/01/2017 23:33,1925.690616,-80.51
04/01/2017 23:50,1934.832102,-80.55
05/01/2017 00:40,1933.690616,-85.07
05/01/2017 00:57,1939.832102,-86.86
05/01/2017 01:14,1940.690616,-79.63
05/01/2017 01:31,1946.832102,-82.45
05/01/2017 02:22,1946.690616,-88.27
05/01/2017 02:39,1940.832102,-96.3
05/01/2017 02:56,1947.690616,-84.49
05/01/2017 03:13,1948.832102,-90.97
05/01/2017 04:04,1951.690616,-80.62
05/01/2017 04:21,1956.832102,-92.47
05/01/2017 04:38,1956.690616,-91.25
05/01/2017 04:54,1936.832102,-88.55
05/01/2017 05:45,1954.690616,-82.2
05/01/2017 06:02,1946.832102,-96.78
05/01/2017 06:19,1954.690616,-89.97
05/01/2017 06:36,1956.832102,-86.25
05/01/2017 07:27,1950.690616,-77.8
05/01/2017 07:44,1972.832102,-88.59
05/01/2017 08:01,1961.690616,-88.52
05/01/2017 08:18,1971.832102,-84.7
05/01/2017 09:08,1964.690616,-85.69
05/01/2017 09:25,1971.832102,-82.2
05/01/2017 09:42,1971.690616,-83.94
05/01/2017 09:59,1968.832102,-83.25
05/01/2017 10:50,1971.690616,-95.29
05/01/2017 11:07,1970.832102,-80.88
05/01/2017 11:24,1978.690616,-85.99
05/01/2017 11:41,1973.832102,-83.56
05/01/2017 12:32,1962.690616,-83.4
05/01/2017 12:49,1955.832102,-82.33
05/01/2017 13:06,1952.690616,-86.5
05/01/2017 13:22,1943.832102,-83.9
05/01/2017 14:13,1967.690616,-84.67
05/01/2017 14:30,1956.832102,-94.79
05/01/2017 14:47,1959.690616,-84.37
05/01/2017 15:04,1942.832102,-90.27
05/01/2017 15:55,1950.690616,-84.53
05/01/2017 16:12,1960.832102,-88.92
05/01/2017 16:29,1950.690616,-86.52
05/01/2017 16:46,1958.832102,-83.13
05/01/2017 17:36,1952.690616,-87.45
05/01/2017 17:53,1964.832102,-94.67
05/01/2017 18:10,1965.690616,-85
05/01/2017 18:27,1989.832102,-86.39
05/01/2017 19:18,2019.690616,-88.6
05/01/2017 19:35,2052.832102,-97.85
05/01/2017 19:52,2043.690616,-96.44
05/01/2017 20:09,1997.832102,-91.71
05/01/2017 21:00,1991.690616,-92.02
05/01/2017 21:17,1976.832102,-88.58
05/01/2017 21:34,2001.690616,-91.54
05/01/2017 21:50,1999.832102,-91.8
05/01/2017 22:41,2106.690616,-103.48
05/01/2017 22:58,2189.832102,-98.68
05/01/2017 23:15,2193.690616,-115.79
05/01/2017 23:32,2124.832102,-98.64
06/01/2017 00:23,2209.690616,-112.99
06/01/2017 00:40,2210.832102,-104.53
06/01/2017 00:57,2222.690616,-101.65
06/01/2017 01:14,2186.832102,-105.77
06/01/2017 02:05,2166.690616,-101.77
06/01/2017 02:21,2185.832102,-111.21
06/01/2017 02:38,2184.690616,-105.85
06/01/2017 02:55,2158.832102,-108.9
06/01/2017 03:46,2157.690616,-101.79
06/01/2017 04:03,2153.832102,-105.49
06/01/2017 04:20,2180.690616,-104.71
06/01/2017 04:37,2180.832102,-106.01
06/01/2017 05:28,2181.690616,-100.86
06/01/2017 05:45,2163.832102,-107.16
06/01/2017 06:02,2132.690616,-100.4
06/01/2017 06:19,2161.832102,-105.27
06/01/2017 07:09,2178.690616,-103.98
06/01/2017 07:26,2191.832102,-108.22
06/01/2017 07:43,2191.690616,-112.66
06/01/2017 08:00,2185.832102,-110.17
06/01/2017 08:51,2287.690616,-121.61
06/01/2017 09:08,2333.832102,-121.68
07/01/2017 09:51,2147.18855,-99.45
07/01/2017 10:08,2142.544942,-122.28
07/01/2017 10:25,2153.18855,-100.89
07/01/2017 10:42,2130.544942,-109.32
07/01/2017 11:33,2166.18855,-98.46
07/01/2017 11:50,2142.544942,-93.52
07/01/2017 12:07,2173.18855,-104.73
07/01/2017 12:24,2146.544942,-101.6
07/01/2017 13:15,2191.18855,-105.7
07/01/2017 13:31,2149.544942,-105.61
07/01/2017 13:48,2198.18855,-104.72
07/01/2017 14:05,2143.544942,-99.31
07/01/2017 14:56,2235.18855,-103.74
07/01/2017 15:13,2213.544942,-105.92
07/01/2017 15:30,2223.18855,-104.34
07/01/2017 15:47,2185.544942,-104.01
07/01/2017 16:38,2122.18855,-99.51
07/01/2017 16:55,2143.544942,-101.39
07/01/2017 17:12,2076.18855,-92.75
07/01/2017 17:29,2001.544942,-87.29
07/01/2017 18:19,1949.18855,-84.51
07/01/2017 18:36,1954.544942,-91.65
07/01/2017 18:53,1949.18855,-88.17
07/01/2017 19:10,1943.544942,-87.08
07/01/2017 20:01,1945.18855,-89.82
07/01/2017 20:18,1948.544942,-85.47
07/01/2017 20:35,1948.18855,-93.75
07/01/2017 20:52,1935.544942,-82.07
07/01/2017 21:43,1945.18855,-92.85
07/01/2017 21:59,1950.544942,-84.24
07/01/2017 22:16,1949.18855,-84.56
07/01/2017 22:33,1962.544942,-91.76
07/01/2017 23:24,1951.18855,-92.97
07/01/2017 23:41,1947.544942,-80.64
07/01/2017 23:58,1951.18855,-88.17
08/01/2017 00:15,1938.544942,-84.77
08/01/2017 01:06,1939.18855,-81.78
08/01/2017 01:23,1955.544942,-80.65
08/01/2017 01:40,1947.18855,-80.86
08/01/2017 01:56,1936.544942,-75.45
08/01/2017 02:47,1942.18855,-83.78
08/01/2017 03:04,1943.544942,-84.31
08/01/2017 03:21,1944.18855,-76.13
08/01/2017 03:38,1946.544942,-79.3
08/01/2017 04:29,1940.18855,-85.75
08/01/2017 04:46,1940.544942,-85.42
08/01/2017 05:03,1943.18855,-77.43
08/01/2017 05:20,1947.544942,-88.4
08/01/2017 06:11,1942.18855,-86.26
08/01/2017 06:27,1946.544942,-82.29
08/01/2017 06:44,1943.18855,-87.22
08/01/2017 07:01,1946.544942,-76.67
08/01/2017 07:52,1960.18855,-81.71
08/01/2017 08:09,1953.544942,-73.37
08/01/2017 08:26,1959.18855,-86.24
08/01/2017 08:43,1956.544942,-76.33
08/01/2017 09:34,1959.18855,-80.98
08/01/2017 09:51,1948.544942,-76.47
08/01/2017 10:08,1958.18855,-78.58
08/01/2017 10:24,1965.544942,-87.69
08/01/2017 11:15,1952.18855,-72.68
08/01/2017 11:32,1989.544942,-82.84
08/01/2017 11:49,1983.18855,-90.93
08/01/2017 12:06,1982.544942,-85.72
08/01/2017 12:57,2012.18855,-89.73
08/01/2017 13:14,2077.544942,-94.02
08/01/2017 13:31,2049.18855,-95.68
08/01/2017 13:48,2262.544942,-117.27
08/01/2017 14:39,2240.18855,-110.56
08/01/2017 14:55,2639.544942,-141.98
08/01/2017 15:12,2500.18855,-129.9
08/01/2017 15:29,2247.544942,-110.36
08/01/2017 16:20,2431.18855,-131.9
08/01/2017 16:37,2416.544942,-123.87
08/01/2017 16:54,2413.18855,-123.28
08/01/2017 17:11,2227.544942,-104.91
08/01/2017 18:02,2173.18855,-107.84
08/01/2017 18:19,2291.544942,-105.39
08/01/2017 18:36,2016.18855,-86.16
08/01/2017 18:53,2116.544942,-91.86
08/01/2017 19:43,2312.18855,-126.38
08/01/2017 20:00,2510.544942,-124.55
08/01/2017 20:17,2424.18855,-132.7
08/01/2017 20:34,2621.544942,-130.29
08/01/2017 21:25,2527.18855,-133.65
08/01/2017 21:42,2492.544942,-133.42
08/01/2017 21:59,2278.18855,-117.59
08/01/2017 22:16,2231.544942,-113.71
08/01/2017 23:07,2523.18855,-138.29
08/01/2017 23:23,2536.544942,-137.42
08/01/2017 23:40,2514.18855,-140.01
08/01/2017 23:57,2449.544942,-123.74
09/01/2017 00:48,2012.18855,-88.68
09/01/2017 01:05,2173.544942,-106.33
09/01/2017 01:22,2428.18855,-127.16
09/01/2017 01:39,2474.544942,-130.12
09/01/2017 02:30,2358.18855,-116.52
09/01/2017 02:47,2447.544942,-126.15
09/01/2017 03:04,2388.18855,-119.57
09/01/2017 03:21,2500.544942,-127.16
09/01/2017 04:11,2702.18855,-141.97
09/01/2017 04:28,2744.544942,-147.15
09/01/2017 04:45,2684.18855,-135.58
09/01/2017 05:02,2647.544942,-128.08
09/01/2017 05:53,2338.18855,-111.12
09/01/2017 17:32,2314.749225,-117.25
09/01/2017 17:48,2288.978094,-116.05
09/01/2017 18:05,2282.749225,-116.38
09/01/2017 18:22,2263.978094,-116.44
09/01/2017 19:13,2181.749225,-106.69
09/01/2017 19:30,2185.978094,-112.04
09/01/2017 19:47,2177.749225,-99.63
09/01/2017 20:04,2167.978094,-111.47
09/01/2017 20:55,2156.749225,-101.97
09/01/2017 21:12,2141.978094,-98.63
09/01/2017 21:29,2153.749225,-107.21
09/01/2017 21:45,2128.978094,-101.14
09/01/2017 22:36,2153.749225,-103.21
09/01/2017 22:53,2155.978094,-109.79
09/01/2017 23:10,2159.749225,-100.18
09/01/2017 23:27,2142.978094,-108.26
10/01/2017 00:18,2133.749225,-97.82
10/01/2017 00:35,2118.978094,-105.49
10/01/2017 00:52,2124.749225,-98.13
10/01/2017 01:09,2094.978094,-105.23
10/01/2017 02:00,2131.749225,-97.18
10/01/2017 02:16,2109.978094,-101.73
10/01/2017 02:33,2132.749225,-107.68
10/01/2017 02:50,2112.978094,-105.74
10/01/2017 03:41,2128.749225,-97.22
10/01/2017 03:58,2124.978094,-113.39
10/01/2017 04:15,2076.749225,-102.09
10/01/2017 04:32,2077.978094,-103.44
10/01/2017 05:23,2046.749225,-99.12
10/01/2017 05:40,2050.978094,-99.71
10/01/2017 05:57,2055.749225,-92.44
10/01/2017 06:14,2087.978094,-109.58
10/01/2017 07:04,1974.749225,-88.34
24/01/2017 05:04,2437.344843,-128.48
24/01/2017 06:13,2499.344843,-127.24
24/01/2017 06:47,2472.344843,-127.42
24/01/2017 07:56,2403.344843,-123.38
24/01/2017 08:30,2438.344843,-128.5
24/01/2017 09:39,2368.344843,-123.02
24/01/2017 10:14,2307.344843,-116.32
24/01/2017 11:22,2329.344843,-119.99
24/01/2017 11:57,2345.344843,-122.27
24/01/2017 13:06,2341.344843,-115.8
24/01/2017 13:40,2284.344843,-118.71
24/01/2017 14:49,2235.344843,-113.69
24/01/2017 15:23,2249.344843,-119.77
24/01/2017 16:32,2224.344843,-113.3
24/01/2017 17:06,2248.344843,-114.36
24/01/2017 18:15,2228.344843,-106.24
24/01/2017 18:49,2189.344843,-108.72
24/01/2017 19:58,2177.344843,-108.09
24/01/2017 20:33,2214.344843,-110.93
24/01/2017 21:41,2222.344843,-110.17
24/01/2017 22:16,2244.344843,-112.48
24/01/2017 23:25,2321.344843,-118.98
24/01/2017 23:59,2369.344843,-121.71
25/01/2017 01:08,2311.344843,-116.69
25/01/2017 01:42,2312.344843,-119.04
25/01/2017 02:51,2267.344843,-113.81
25/01/2017 03:25,2195.344843,-112.01
25/01/2017 04:34,2200.344843,-109.09
25/01/2017 05:08,2204.344843,-113.46
25/01/2017 06:17,2212.344843,-113.2
25/01/2017 06:52,2234.344843,-113.44
25/01/2017 08:00,2242.344843,-114.7
25/01/2017 08:35,2220.344843,-114.37
25/01/2017 09:44,2257.344843,-113.74
25/01/2017 10:58,2325.344843,-116.49
25/01/2017 12:07,2331.344843,-118.55
25/01/2017 12:42,2291.344843,-118.29
25/01/2017 13:50,2257.344843,-112.04
25/01/2017 14:25,2243.344843,-113.41
25/01/2017 15:33,2165.344843,-104.93
25/01/2017 16:08,2150.344843,-101.7
25/01/2017 17:17,2196.344843,-103.97
25/01/2017 17:51,2247.344843,-110.56
25/01/2017 19:00,2192.344843,-109.91
25/01/2017 19:34,2185.344843,-106.64
25/01/2017 20:43,2070.344843,-96.71
25/01/2017 21:17,2049.344843,-94.06
25/01/2017 22:26,2050.344843,-92.45
25/01/2017 23:01,2040.344843,-92.27
26/01/2017 00:09,2104.344843,-98.35
26/01/2017 00:44,2055.344843,-101.5
26/01/2017 01:52,2083.344843,-99.39
26/01/2017 02:27,2254.344843,-113.02
26/01/2017 03:36,2234.344843,-111.44
26/01/2017 04:10,2195.344843,-109.42
26/01/2017 05:19,2314.344843,-120.85
26/01/2017 05:53,2343.344843,-122.31
26/01/2017 07:02,2324.344843,-122.9
26/01/2017 07:36,2340.344843,-118.5
26/01/2017 08:45,2342.344843,-123.75
26/01/2017 09:32,2325.344843,-119.03
26/01/2017 10:41,2314.344843,-117.37
26/01/2017 11:15,2261.344843,-110.69
26/01/2017 12:24,2187.344843,-109.01
26/01/2017 12:59,2165.344843,-109.06
26/01/2017 14:07,2165.344843,-103.61
26/01/2017 14:42,2161.344843,-107
26/01/2017 15:51,2178.344843,-111.83
26/01/2017 16:25,2157.344843,-108.58
26/01/2017 17:34,2177.344843,-105.22
26/01/2017 18:08,2169.344843,-114.19
26/01/2017 19:17,2193.344843,-108.59
26/01/2017 19:51,2189.344843,-111.31
26/01/2017 21:00,2214.344843,-112.35
26/01/2017 21:34,2207.344843,-107.16
26/01/2017 22:43,2214.344843,-110.84
26/01/2017 23:18,2232.344843,-110.72
27/01/2017 00:26,2239.344843,-115.52
27/01/2017 01:01,2241.344843,-112.54
27/01/2017 02:10,2271.344843,-118.13
27/01/2017 02:44,2227.344843,-111.92
27/01/2017 03:53,2239.344843,-110.89
27/01/2017 04:27,2288.344843,-113.89
27/01/2017 05:36,2311.344843,-117.1
27/01/2017 06:10,2276.344843,-115.8
27/01/2017 07:19,2267.344843,-116.39
27/01/2017 07:53,2248.344843,-114.99
27/01/2017 09:02,2244.344843,-116.25
27/01/2017 09:37,2236.344843,-113.9
27/01/2017 10:45,2210.344843,-105.49
27/01/2017 11:20,2158.344843,-108.2
27/01/2017 12:29,2182.344843,-111.19
27/01/2017 13:03,2174.344843,-109.08
27/01/2017 14:12,2185.344843,-107.81
27/01/2017 14:46,2193.344843,-111
27/01/2017 15:55,2225.344843,-115.31
27/01/2017 16:29,2250.344843,-116.87
27/01/2017 17:38,2277.344843,-116.19
27/01/2017 18:12,2242.344843,-105.7
27/01/2017 19:21,2214.344843,-106.01
27/01/2017 19:56,2236.344843,-106.78
27/01/2017 21:04,2219.344843,-111.07
27/01/2017 21:39,2283.344843,-113.91
27/01/2017 22:47,2330.344843,-119.64
27/01/2017 23:22,2279.344843,-112.74
28/01/2017 00:31,2311.344843,-114.03
28/01/2017 01:05,2316.344843,-118.23
28/01/2017 02:14,2294.344843,-112.06
28/01/2017 02:48,2300.344843,-111.01
28/01/2017 03:57,2265.344843,-112.65
28/01/2017 04:31,2235.344843,-113.35
28/01/2017 05:40,2211.344843,-110.03
28/01/2017 06:15,2190.344843,-102.29
28/01/2017 07:23,2211.344843,-111.34
28/01/2017 07:58,2242.344843,-117.76
28/01/2017 09:06,2235.344843,-114.2
28/01/2017 09:41,2227.344843,-112.46
28/01/2017 10:50,2126.344843,-101.71
28/01/2017 11:24,2113.344843,-101.37
28/01/2017 12:33,2126.344843,-104.95
28/01/2017 13:07,2159.344843,-103.12
28/01/2017 14:16,2203.344843,-107.79
28/01/2017 14:50,2216.344843,-109.69
28/01/2017 15:59,2175.344843,-106.64
28/01/2017 16:33,2250.344843,-111.41
28/01/2017 17:42,2275.344843,-116.89
28/01/2017 18:17,2238.344843,-118.1
28/01/2017 19:25,2200.344843,-108.27
28/01/2017 20:00,2199.344843,-110.67
28/01/2017 21:09,2227.344843,-112.71
28/01/2017 21:43,2215.344843,-110.65
28/01/2017 22:52,2255.344843,-115.59
28/01/2017 23:26,2292.344843,-114.84
29/01/2017 00:35,2216.344843,-109.79
29/01/2017 01:09,2170.344843,-109.85
29/01/2017 02:18,2131.344843,-108.85
29/01/2017 02:52,2130.344843,-104.52
29/01/2017 04:01,2147.344843,-106.29
29/01/2017 04:35,2135.344843,-103.79
29/01/2017 05:44,2135.344843,-108.24
29/01/2017 06:19,2168.344843,-103.52
29/01/2017 07:27,2218.344843,-107.98
29/01/2017 08:02,2207.344843,-105.89
29/01/2017 09:11,2137.344843,-100.39
29/01/2017 09:45,2124.344843,-99.3
29/01/2017 10:54,2099.344843,-101.35
29/01/2017 11:28,2071.344843,-99.69
29/01/2017 12:37,2060.344843,-97.13
29/01/2017 13:11,2047.344843,-95.73
29/01/2017 14:20,2032.344843,-95.02
29/01/2017 14:54,2026.344843,-96.68
29/01/2017 16:03,2015.344843,-90.19
29/01/2017 16:38,2038.344843,-95.07
29/01/2017 17:46,2073.344843,-93.08
29/01/2017 18:21,2074.344843,-96.09
29/01/2017 19:30,2169.344843,-103.87
29/01/2017 20:04,2203.344843,-112.87
29/01/2017 21:13,2168.344843,-104.95
29/01/2017 21:47,2159.344843,-108.22
29/01/2017 22:56,2105.344843,-103.62
29/01/2017 23:30,2112.344843,-103.17
30/01/2017 00:39,2103.344843,-99.25
30/01/2017 01:13,2100.344843,-98.79
30/01/2017 02:22,2095.344843,-97.54
30/01/2017 02:57,2066.344843,-96.63
30/01/2017 04:05,2078.344843,-97.64
30/01/2017 04:40,2114.344843,-101.33
30/01/2017 05:48,2118.344843,-102.13
30/01/2017 06:23,2115.344843,-102.32
30/01/2017 07:32,2149.344843,-102.53
30/01/2017 08:06,2164.344843,-105.86
30/01/2017 09:15,2162.344843,-100.05
30/01/2017 09:49,2139.344843,-101.64
30/01/2017 10:58,2109.344843,-100.32
30/01/2017 11:32,2092.344843,-100.86
30/01/2017 12:41,2078.344843,-101.18
30/01/2017 13:16,2092.344843,-97.67
30/01/2017 14:24,2062.344843,-90.92
30/01/2017 14:59,2043.344843,-99.7
30/01/2017 16:07,2051.344843,-94.72
30/01/2017 16:42,2040.344843,-91.59
30/01/2017 17:51,2010.344843,-88.82
30/01/2017 18:25,2007.344843,-92.74
30/01/2017 19:34,2000.344843,-92.92
30/01/2017 20:08,1974.344843,-89.65
30/01/2017 21:17,1961.344843,-81.65
30/01/2017 21:51,1967.344843,-92.83
30/01/2017 23:00,2008.344843,-90.62
30/01/2017 23:34,2008.344843,-85.3
31/01/2017 08:58,2093.138262,-100.82
31/01/2017 09:32,2093.138262,-98.48
31/01/2017 10:40,2069.138262,-91.69
31/01/2017 11:14,2067.138262,-91.25
31/01/2017 12:21,2083.138262,-99.92
31/01/2017 12:55,2111.138262,-103.27
31/01/2017 14:03,2118.138262,-101.72
31/01/2017 14:37,2125.138262,-109.79
31/01/2017 15:45,2150.138262,-109.71
31/01/2017 16:18,2214.138262,-106.95
31/01/2017 17:26,2191.138262,-103.83
31/01/2017 18:00,2277.138262,-108.78
31/01/2017 19:08,2287.138262,-113.76
31/01/2017 19:42,2238.138262,-104.63
31/01/2017 20:49,2271.138262,-111.06
31/01/2017 21:23,2177.138262,-108.92
31/01/2017 22:31,2157.138262,-105.78
31/01/2017 23:05,2093.138262,-96.55
01/02/2017 00:13,2123.138262,-104.16
01/02/2017 00:46,2133.138262,-101.99
01/02/2017 01:54,2175.138262,-104.95
01/02/2017 02:28,2205.138262,-111.65
01/02/2017 03:36,2232.138262,-107.79
01/02/2017 04:10,2221.138262,-104.05
01/02/2017 05:17,2208.138262,-109.79
01/02/2017 05:51,2222.138262,-109.55
01/02/2017 06:59,2123.138262,-96.56
01/02/2017 07:33,2162.138262,-101.66
01/02/2017 10:08,2125.78674,-98.95
01/02/2017 10:42,2117.78674,-96.77
01/02/2017 11:51,2104.78674,-100.75
01/02/2017 12:25,2093.78674,-101.27
01/02/2017 13:34,2114.78674,-98.46
01/02/2017 14:08,2105.78674,-98.29
01/02/2017 15:17,2117.78674,-99.41
01/02/2017 15:52,2108.78674,-98.85
01/02/2017 17:00,2139.78674,-101.69
01/02/2017 17:35,2161.78674,-105.85
01/02/2017 18:44,2208.78674,-107.6
01/02/2017 19:18,2189.78674,-108.3
01/02/2017 20:27,2179.78674,-111.99
01/02/2017 21:01,2209.78674,-110.16
01/02/2017 22:10,2199.78674,-111.29
01/02/2017 22:44,2211.78674,-115.2
01/02/2017 23:53,2212.78674,-112.34
02/02/2017 00:27,2176.78674,-111.41
02/02/2017 01:36,2170.78674,-104.72
02/02/2017 02:11,2159.78674,-108.98
02/02/2017 03:19,2191.78674,-106.08
02/02/2017 03:54,2199.78674,-111.55
02/02/2017 05:03,2234.78674,-114.08
02/02/2017 05:37,2219.78674,-111.21
02/02/2017 06:46,2228.78674,-109.14
02/02/2017 07:20,2196.78674,-107.22
02/02/2017 08:29,2268.78674,-117.86
02/02/2017 09:17,2166.78674,-90.86
02/02/2017 09:51,2183.78674,-105.52
02/02/2017 11:00,2173.78674,-107.3
02/02/2017 11:35,2145.78674,-99.13
02/02/2017 12:43,2241.78674,-112.15
02/02/2017 13:18,2168.78674,-98.34
02/02/2017 14:27,2197.78674,-111.19
02/02/2017 15:01,2123.78674,-103.68
02/02/2017 16:10,2156.78674,-111.24
02/02/2017 16:44,2139.78674,-107.1
02/02/2017 17:53,2167.78674,-109
02/02/2017 18:27,2198.78674,-104.64
02/02/2017 19:36,2260.78674,-107.69
02/02/2017 20:10,2208.78674,-105.78
02/02/2017 21:19,2171.78674,-99.83
02/02/2017 21:54,2165.78674,-103.91
02/02/2017 23:02,2208.78674,-107.03
02/02/2017 23:37,2248.78674,-113.37
03/02/2017 00:46,2311.78674,-116.9
03/02/2017 01:20,2247.78674,-106.3
03/02/2017 02:29,2246.78674,-118.37
03/02/2017 03:03,2238.78674,-119.16
03/02/2017 04:12,2262.78674,-117.82
03/02/2017 04:46,2247.78674,-114.33
03/02/2017 05:55,2335.78674,-122.26
03/02/2017 06:29,2291.78674,-119.25
03/02/2017 07:38,2357.78674,-124.88
03/02/2017 08:13,2350.78674,-124.77
03/02/2017 09:21,2400.78674,-126.15
03/02/2017 09:56,2335.78674,-120.97
03/02/2017 11:04,2408.78674,-126.42
03/02/2017 11:39,2341.78674,-122.67
03/02/2017 12:48,2314.78674,-119.93
03/02/2017 13:22,2307.78674,-116.39
03/02/2017 14:31,2199.78674,-114.31
03/02/2017 15:05,2174.78674,-108.64
03/02/2017 16:14,2285.78674,-120.82
03/02/2017 16:48,2250.78674,-118.56
03/02/2017 17:57,2204.78674,-115.41
03/02/2017 18:32,2267.78674,-118.02
03/02/2017 19:40,2258.78674,-112.07
03/02/2017 20:15,2295.78674,-120.26
03/02/2017 21:23,2361.78674,-120.12
03/02/2017 21:58,2261.78674,-111.77
03/02/2017 23:07,2165.78674,-105.75
03/02/2017 23:41,2126.78674,-96.33
04/02/2017 00:50,2152.78674,-107.68
04/02/2017 01:24,2181.78674,-112.34
04/02/2017 02:33,2203.78674,-112.62
04/02/2017 03:07,2138.78674,-108.98
04/02/2017 04:16,2118.78674,-106.83
04/02/2017 04:50,2113.78674,-105.77
04/02/2017 05:59,2138.78674,-108.08
04/02/2017 06:34,2111.78674,-107.69
04/02/2017 12:40,2238.405583,-116.06
04/02/2017 13:49,2025.405583,-97.1
04/02/2017 14:23,2019.405583,-94.42
04/02/2017 15:32,2078.405583,-101.13
04/02/2017 16:06,2073.405583,-100.6
04/02/2017 17:15,2081.405583,-97.93
07/02/2017 10:58,2013,-84.69
07/02/2017 12:06,2006,-90.86
07/02/2017 13:47,2012,-90.9
07/02/2017 15:29,2015,-85.51
07/02/2017 16:37,2031,-94.1
07/02/2017 18:19,1989,-93.98
07/02/2017 20:01,1986,-83.81
07/02/2017 21:09,1984,-82.95
07/02/2017 22:50,1980,-90.45
08/02/2017 00:32,2019,-91.05
08/02/2017 01:40,2031,-87.71
08/02/2017 03:22,2021,-95.92
08/02/2017 05:04,2090,-98.21
08/02/2017 06:12,2027,-94.11
08/02/2017 07:53,2007,-95.88
08/02/2017 09:36,2002,-91.38
08/02/2017 10:43,2012,-92.85
08/02/2017 12:25,2005,-93.87
08/02/2017 14:07,2017,-93.64
08/02/2017 15:15,2021,-97.81
08/02/2017 16:57,2010,-99.43
08/02/2017 18:39,2046,-92.23
08/02/2017 19:47,2013,-91.35
08/02/2017 21:28,1999,-98.58
08/02/2017 23:10,2024,-80.54
09/02/2017 00:18,2021,-89.79
09/02/2017 02:00,1986,-95.81
09/02/2017 03:42,2000,-92.34
09/02/2017 04:50,2014,-96.93
09/02/2017 06:31,1986,-93.07
09/02/2017 08:13,2010,-96.51
09/02/2017 09:21,2018,-92.18
09/02/2017 11:03,2010,-99.41
09/02/2017 12:45,2026,-87.06
09/02/2017 13:53,2048,-98.21
09/02/2017 15:34,2040,-99.07
09/02/2017 17:17,2042,-97
09/02/2017 18:24,2097,-101.36
09/02/2017 20:06,2052,-103.28
09/02/2017 21:48,2112,-100.53
09/02/2017 22:56,2105,-105.86
10/02/2017 00:38,2093,-105.57
10/02/2017 02:20,2100,-94.26
10/02/2017 03:28,2096,-104.98
10/02/2017 05:09,2109,-94.32
10/02/2017 06:51,2073,-89.77
10/02/2017 07:59,2077,-91.21
10/02/2017 09:41,2080,-98.34
10/02/2017 11:23,2120,-95.17
10/02/2017 12:31,2102,-94.53
10/02/2017 14:12,2090,-101.92
10/02/2017 15:54,2110,-93.48
10/02/2017 17:02,2119,-97.82
10/02/2017 18:44,2103,-103.83
10/02/2017 23:03,2115,-99.58
11/02/2017 00:45,2128,-92.54
11/02/2017 01:53,2159,-101.55
11/02/2017 03:35,2155,-94.97
11/02/2017 05:17,2152,-99.47
11/02/2017 06:25,2162,-106.23
11/02/2017 08:06,2147,-102.29
11/02/2017 09:48,2155,-98.94
11/02/2017 10:56,2185,-100.02
11/02/2017 12:38,2130,-100.33
11/02/2017 14:20,2134,-97.84
11/02/2017 15:28,2137,-95.76
11/02/2017 17:10,2095,-92.69
11/02/2017 18:52,2097,-88.69
11/02/2017 19:59,2068,-94.29
11/02/2017 21:41,2069,-82.51
11/02/2017 23:23,2072,-95.35
12/02/2017 00:31,2062,-94.46
12/02/2017 02:13,2048,-94.36
12/02/2017 03:55,2053,-87.66
12/02/2017 05:03,2068,-96.83
12/02/2017 06:44,2063,-97.16
12/02/2017 08:26,2071,-88.49
12/02/2017 09:34,2057,-87.66
12/02/2017 11:16,2031,-88.47
12/02/2017 12:58,2054,-85.43
12/02/2017 14:06,2057,-82.6
12/02/2017 15:47,2043,-89.79
12/02/2017 17:29,2063,-83.81
12/02/2017 18:37,2072,-85.01
12/02/2017 20:19,2113,-94.05
12/02/2017 22:01,2112,-90.72
12/02/2017 23:09,2092,-94.9
13/02/2017 00:50,2123,-98.55
13/02/2017 02:33,2150,-96.28
13/02/2017 03:40,2138,-101.35
13/02/2017 05:22,2131,-106.46
13/02/2017 07:04,2161,-99.67
13/02/2017 08:12,2146,-92.39
13/02/2017 09:54,2133,-105.88
13/02/2017 11:36,2129,-104.31
13/02/2017 12:44,2107,-105.6
13/02/2017 14:25,2091,-102.2
13/02/2017 16:07,2085,-98.11
13/02/2017 17:15,2105,-106.54
13/02/2017 18:57,2137,-113.26
13/02/2017 20:39,2161,-102.58
13/02/2017 21:47,2129,-103.62
13/02/2017 23:28,2113,-102.15
14/02/2017 01:10,2127,-98.44
14/02/2017 02:18,2104,-98.66
14/02/2017 04:00,2091,-102.57
14/02/2017 05:42,2117,-95.41
14/02/2017 06:50,2128,-95.73
14/02/2017 08:31,2121,-95.97
14/02/2017 10:14,2136,-92.14
14/02/2017 11:21,2164,-100.46
14/02/2017 13:03,2133,-97.65
14/02/2017 14:45,2155,-105.7
14/02/2017 15:53,2199,-110.01
14/02/2017 17:35,2158,-102.62
14/02/2017 19:17,2244,-104.55
14/02/2017 22:51,2278,-112.24
15/02/2017 00:33,2358,-115
15/02/2017 01:41,2297,-110.02
15/02/2017 03:22,2223,-115.93
15/02/2017 05:04,2222,-109.05
15/02/2017 06:12,2464,-128.49
15/02/2017 07:54,2398,-127.54
15/02/2017 09:36,2080,-96.69
15/02/2017 10:44,2712,-143.9
15/02/2017 12:26,2711,-141.18
15/02/2017 14:08,2340,-116.63
15/02/2017 15:15,2276,-113.42
15/02/2017 16:57,2582,-134.75
15/02/2017 18:39,2686,-147.42
15/02/2017 19:47,2611,-129.07
15/02/2017 21:29,2577,-136.11
15/02/2017 23:11,2407,-125.63
16/02/2017 00:19,2208,-112.13
16/02/2017 02:00,2121,-99.19
16/02/2017 03:42,2086,-101.69
16/02/2017 04:50,2051,-95.48
16/02/2017 06:32,2054,-98.49
16/02/2017 08:14,2052,-93.95
16/02/2017 09:22,2055,-94.39
16/02/2017 11:03,2068,-102.01
16/02/2017 12:45,2069,-98.71
16/02/2017 13:53,2027,-88.5
16/02/2017 15:35,2023,-101.17
16/02/2017 17:17,2050,-97.3
16/02/2017 18:25,2063,-96.23
16/02/2017 20:07,2051,-98.51
16/02/2017 21:49,2061,-98.53
16/02/2017 22:56,2080,-96.15
17/02/2017 00:38,2030,-93.22
17/02/2017 02:20,1987,-87.32
17/02/2017 03:28,1994,-79.77
17/02/2017 05:10,1968,-87.27
17/02/2017 06:52,1991,-82.9
17/02/2017 08:00,1976,-89.1
17/02/2017 09:41,1957,-76.49
17/02/2017 11:23,1964,-91.23
17/02/2017 12:31,1966,-89.1
17/02/2017 14:13,1951,-82.91
17/02/2017 15:55,1972,-85.78
17/02/2017 17:03,1993,-94.44
17/02/2017 18:44,2000,-93.59
17/02/2017 20:26,2011,-87.14
17/02/2017 21:34,2005,-90.32
17/02/2017 23:16,1990,-85.31
18/02/2017 00:58,1983,-82.66
18/02/2017 02:06,1982,-80.74
18/02/2017 03:47,1964,-82.04
18/02/2017 05:30,1986,-87.67
18/02/2017 06:37,1997,-86.73
18/02/2017 08:19,2020,-93.37
18/02/2017 10:01,2013,-85.77
18/02/2017 11:09,2040,-89.8
18/02/2017 15:09,2076,-103.45
18/02/2017 16:17,2175,-108.2
18/02/2017 17:58,2205,-109.67
18/02/2017 19:40,2282,-106
18/02/2017 20:48,2295,-118.17
18/02/2017 22:30,2445,-126.44
19/02/2017 00:12,2542,-125.37
19/02/2017 01:20,2426,-125.59
19/02/2017 03:01,2267,-108.65
19/02/2017 04:43,2240,-112.38
19/02/2017 05:51,2197,-105.16
19/02/2017 07:33,2138,-104.2
19/02/2017 09:15,2093,-95.75
19/02/2017 10:23,2081,-87.75
19/02/2017 12:04,2051,-94.97
19/02/2017 13:46,2020,-81.08
19/02/2017 14:54,1998,-90.41
19/02/2017 16:36,1971,-86.85
19/02/2017 18:18,1976,-83.59
19/02/2017 19:26,2010,-88.06
19/02/2017 21:07,2017,-89.6
19/02/2017 22:50,2077,-102.49
19/02/2017 23:57,2083,-108.66
20/02/2017 01:39,2109,-99.73
20/02/2017 03:21,2093,-101.2
20/02/2017 04:29,2041,-103.94
20/02/2017 06:11,2028,-93.4
20/02/2017 07:53,2065,-87.58
20/02/2017 09:01,2053,-94.69
20/02/2017 10:42,2011,-91.32
20/02/2017 12:24,2001,-91.38
20/02/2017 13:32,1971,-85.91
20/02/2017 15:14,1948,-90.39
20/02/2017 16:56,1936,-83.32
20/02/2017 18:04,1944,-86.74
20/02/2017 19:45,1916,-80.08
24/02/2017 02:06,1929.098629,-79.1
24/02/2017 02:40,1931.098629,-84.28
24/02/2017 03:49,1919.098629,-80.1
24/02/2017 04:23,1922.098629,-84.08
24/02/2017 05:32,1928.098629,-78.84
24/02/2017 06:07,1938.098629,-81.48
24/02/2017 07:15,1933.098629,-84.23
24/02/2017 07:50,1943.098629,-87.69
24/02/2017 08:59,1955.098629,-80.97
24/02/2017 09:33,1948.098629,-88.2
24/02/2017 10:42,1934.098629,-85.49
24/02/2017 11:16,1943.098629,-83.84
24/02/2017 12:25,1940.098629,-87.02
24/02/2017 12:59,1939.098629,-89.12
24/02/2017 14:08,1929.098629,-81.24
24/02/2017 14:42,1950.098629,-85.43
24/02/2017 15:51,1959.098629,-87.38
24/02/2017 16:26,1960.098629,-88.83
24/02/2017 17:34,1947.098629,-82.41
24/02/2017 18:09,1942.098629,-87.43
24/02/2017 19:18,1936.098629,-84.45
24/02/2017 19:52,1940.098629,-87.57
24/02/2017 21:01,1949.098629,-87.95
24/02/2017 21:35,1995.098629,-92.24
24/02/2017 22:44,2064.098629,-95.04
24/02/2017 23:18,2054.098629,-96.16
25/02/2017 00:27,2112.098629,-94.15
25/02/2017 01:01,2091.098629,-98.2
25/02/2017 02:10,2135.098629,-101.15
25/02/2017 02:45,2172.098629,-104.68
25/02/2017 03:53,2168.098629,-100.16
25/02/2017 04:28,2148.098629,-104.02
25/02/2017 05:37,2188.098629,-107.6
25/02/2017 06:11,2159.098629,-101.9
25/02/2017 07:20,2139.098629,-104.13
25/02/2017 07:54,2116.098629,-107.16
25/02/2017 09:03,2167.098629,-107.58
25/02/2017 09:37,2159.098629,-107.23
25/02/2017 10:46,2130.098629,-108.73
25/02/2017 11:20,2075.098629,-101.83
26/02/2017 14:40,1950,-91.43
26/02/2017 15:48,2034,-89.77
26/02/2017 16:23,2053,-94.29
26/02/2017 17:32,2044,-97.91
26/02/2017 18:06,2037,-97.17
26/02/2017 19:15,2030,-97.13
26/02/2017 19:49,1989,-98.45
26/02/2017 20:58,2012,-92.12
26/02/2017 21:32,1972,-87.37
26/02/2017 22:41,1970,-90.31
26/02/2017 23:15,1965,-84.22
27/02/2017 00:24,1971,-84.62
27/02/2017 00:59,1980,-81.43
27/02/2017 02:07,1997,-91.3
27/02/2017 02:42,2006,-90.99
27/02/2017 03:51,2030,-94.9
27/02/2017 04:25,2030,-92.23
27/02/2017 05:34,2056,-92.5
27/02/2017 06:08,2056,-104.09
27/02/2017 07:17,2035,-92.75
27/02/2017 07:51,2010,-92.58
27/02/2017 09:00,2018,-95.19
27/02/2017 09:34,2005,-93.68
27/02/2017 10:43,1982,-89.98
27/02/2017 11:18,1970,-89.44
27/02/2017 12:26,1986,-98.67
27/02/2017 13:01,1982,-92.57
27/02/2017 14:10,2002,-95.96
27/02/2017 14:44,1980,-88.14
27/02/2017 15:53,2008,-96.35
27/02/2017 16:27,1988,-92.1
27/02/2017 17:36,1949,-84.93
27/02/2017 18:10,1967,-87.01
27/02/2017 21:02,1984,-86.81
27/02/2017 21:37,1959,-84.33
27/02/2017 22:45,1966,-82.84
27/02/2017 23:20,1965,-83.21
28/02/2017 00:29,1981,-86.51
28/02/2017 02:46,1984,-89.26
28/02/2017 03:55,1971,-83.61
28/02/2017 04:29,1988,-83.09
28/02/2017 05:38,1978,-79.4
28/02/2017 06:12,1983,-85.58
28/02/2017 07:21,1976,-82.16
28/02/2017 07:56,1982,-76.79
28/02/2017 09:04,2009,-85.24
28/02/2017 09:39,2032,-83.76
28/02/2017 10:47,1992,-92.96
28/02/2017 11:22,1968,-87.44
28/02/2017 12:50,1940,-92.28
28/02/2017 13:59,1963,-87.52
28/02/2017 14:33,1977,-91.48
28/02/2017 15:42,1952,-87.5
28/02/2017 16:16,1953,-85.54
28/02/2017 17:25,1966,-81.47
28/02/2017 17:59,1961,-85.67
28/02/2017 19:08,1986,-90.02
28/02/2017 19:43,2000,-89.67
28/02/2017 20:51,1991,-86.08
28/02/2017 21:26,2025,-86.61
28/02/2017 22:34,2047,-88.81
01/03/2017 13:35,1994.37501,-81.55
01/03/2017 14:44,1947.37501,-83.1
01/03/2017 15:18,1953.37501,-87.17
01/03/2017 16:27,1956.37501,-86.79
01/03/2017 17:02,1974.37501,-92.57
01/03/2017 18:10,2001.37501,-89.29
01/03/2017 18:45,2033.37501,-95.22
01/03/2017 19:54,2043.37501,-88.86
01/03/2017 20:28,2107.37501,-95.21
01/03/2017 21:37,2156.37501,-105.92
01/03/2017 22:11,2127.37501,-95.64
01/03/2017 23:20,2195.37501,-104.93
01/03/2017 23:54,2209.37501,-109.97
02/03/2017 01:03,2096.37501,-106.13
02/03/2017 01:37,2030.37501,-91.79
02/03/2017 02:46,2005.37501,-87.2
02/03/2017 03:21,2004.37501,-88.62
02/03/2017 04:29,2015.37501,-87.34
02/03/2017 05:04,2011.37501,-94.3
02/03/2017 06:13,1942.37501,-81.82
02/03/2017 06:47,1979.37501,-84.95
02/03/2017 07:56,1962.37501,-82.93
02/03/2017 08:30,1959.37501,-86.54
02/03/2017 09:39,1955.37501,-86.59
02/03/2017 10:13,1952.37501,-75.14
02/03/2017 11:22,1954.37501,-85.6
02/03/2017 11:56,1957.37501,-84.51
04/03/2017 10:30,2170.384088,-109.4
04/03/2017 11:39,2190.384088,-108.97
04/03/2017 12:13,2185.384088,-106.45
04/03/2017 13:22,2129.384088,-97.16
04/03/2017 13:56,2090.384088,-100.63
04/03/2017 15:05,2048.384088,-91.66
04/03/2017 15:40,2090.384088,-103.46
04/03/2017 16:48,2098.384088,-101.34
04/03/2017 17:23,2104.384088,-98.42
04/03/2017 18:31,2062.384088,-98.1
04/03/2017 19:06,2132.384088,-100.45
04/03/2017 20:15,2148.384088,-107.4
04/03/2017 20:49,2221.384088,-113.96
04/03/2017 21:58,2216.384088,-111.9
04/03/2017 22:32,2376.384088,-120.47
04/03/2017 23:41,1975.384088,-85.22
05/03/2017 00:15,2061.384088,-92.26
05/03/2017 01:24,2010.384088,-91.93
05/03/2017 01:58,1976.384088,-86.27
05/03/2017 03:07,1932.384088,-86.77
05/03/2017 03:41,1954.384088,-75.9
05/03/2017 04:50,2029.384088,-94.04
05/03/2017 05:25,2024.384088,-90.74
05/03/2017 06:33,2126.384088,-106.06
05/03/2017 07:08,2074.384088,-96.49
05/03/2017 08:17,2053.384088,-100.24
05/03/2017 08:51,2029.384088,-94.73
05/03/2017 10:00,2019.384088,-92.78
05/03/2017 10:34,2001.384088,-92.32
05/03/2017 11:43,1973.384088,-92.37
05/03/2017 12:17,1986.384088,-88.8
05/03/2017 13:26,1970.384088,-91.97
05/03/2017 14:00,1969.384088,-84.68
05/03/2017 15:09,1980.384088,-88.59
05/03/2017 15:44,1964.384088,-93.95
05/03/2017 16:52,2002.384088,-92.66
05/03/2017 17:27,1999.384088,-89.42
05/03/2017 18:36,1970.384088,-87.66
05/03/2017 19:10,1989.384088,-92.43
05/03/2017 20:19,1985.384088,-86.42
05/03/2017 20:53,1994.384088,-87.88
05/03/2017 22:02,2010.384088,-89.02
05/03/2017 22:36,2012.384088,-81.2
05/03/2017 23:45,2018.384088,-92.98
06/03/2017 00:19,2055.384088,-91.14
06/03/2017 01:28,2084.384088,-99.04
06/03/2017 02:03,2063.384088,-90.16
06/03/2017 03:11,2099.384088,-101.71
06/03/2017 03:46,2078.384088,-96.85
06/03/2017 04:54,2112.384088,-96.59
06/03/2017 05:29,2121.384088,-98.29
06/03/2017 06:38,2161.384088,-98.26
06/03/2017 07:12,2230.384088,-110.62
06/03/2017 10:57,2058.384088,-108.9
06/03/2017 12:06,2116.384088,-102.32
06/03/2017 12:41,2096.384088,-108.26
06/03/2017 13:49,2139.384088,-106.97
06/03/2017 14:24,2113.384088,-105.45
06/03/2017 15:32,2066.384088,-99.32
06/03/2017 16:07,2068.384088,-103.17
06/03/2017 17:16,2041.384088,-96.43
06/03/2017 17:50,2018.384088,-85.8
06/03/2017 18:59,1999.384088,-94.16
06/03/2017 19:33,1992.384088,-94.05
06/03/2017 20:42,1993.384088,-89.95
06/03/2017 21:16,1995.384088,-87.86
06/03/2017 22:25,2009.384088,-96.03
06/03/2017 22:59,2021.384088,-96.98
07/03/2017 00:08,2028.384088,-96.33
07/03/2017 00:43,2031.384088,-97.12
07/03/2017 01:51,2010.384088,-93.45
07/03/2017 02:26,2014.384088,-93.45
07/03/2017 03:35,2068.384088,-92.37
07/03/2017 04:09,2051.384088,-94.24
07/03/2017 05:18,2015.384088,-85.14
07/03/2017 05:52,2004.384088,-84.3
07/03/2017 07:01,2011.384088,-88.51
07/03/2017 07:35,2021.384088,-92.17
07/03/2017 08:44,2009.384088,-89.83
07/03/2017 09:18,2019.384088,-81.41
07/03/2017 10:27,2003.384088,-88.64
07/03/2017 11:02,2008.384088,-88.93
07/03/2017 12:10,2013.384088,-92.74
07/03/2017 12:45,2009.384088,-88.97
07/03/2017 13:54,2000.384088,-85.07
07/03/2017 14:28,1999.384088,-86.09
07/03/2017 15:37,1989.384088,-84.54
07/03/2017 16:11,1988.384088,-85.52
07/03/2017 17:20,2002.384088,-87.4
07/03/2017 17:54,2013.384088,-88.9
07/03/2017 19:03,2066.384088,-91.26
07/03/2017 19:37,2063.384088,-103.75
07/03/2017 20:46,2088.384088,-94.67
07/03/2017 21:21,2111.384088,-99.44
07/03/2017 22:29,2142.384088,-103.45
07/03/2017 23:04,2170.384088,-107.24
08/03/2017 00:13,2188.384088,-103.73
08/03/2017 00:47,2230.384088,-111.77
08/03/2017 01:56,2284.384088,-113.4
08/03/2017 02:30,2272.384088,-110.62
08/03/2017 03:39,2219.384088,-106.95
08/03/2017 04:13,2245.384088,-108.96
08/03/2017 05:22,2266.384088,-110.53
08/03/2017 05:56,2234.384088,-111.07
08/03/2017 07:05,2196.384088,-107.46
08/03/2017 07:40,2193.384088,-99.01
08/03/2017 08:59,2203.384088,-108.65
08/03/2017 10:08,2099.384088,-98.08
08/03/2017 10:43,2057.384088,-95.26
08/03/2017 11:51,2020.384088,-87.17
08/03/2017 12:26,2024.384088,-89.87
08/03/2017 13:35,2043.384088,-92.15
08/03/2017 14:09,2059.384088,-90.99
08/03/2017 15:18,2073.384088,-95.05
08/03/2017 15:52,2086.384088,-95.6
08/03/2017 17:01,1987.384088,-89.12
08/03/2017 17:35,1981.384088,-90.63
08/03/2017 18:44,1973.384088,-90.24
08/03/2017 19:18,1967.384088,-86.76
08/03/2017 20:27,1959.384088,-83.1
08/03/2017 21:02,1967.384088,-90.66
08/03/2017 22:10,1981.384088,-88.21
08/03/2017 22:45,2006.384088,-90.12
08/03/2017 23:54,2040.384088,-100.07
09/03/2017 00:28,2085.384088,-104.22
09/03/2017 01:37,2221.384088,-112.73
09/03/2017 02:11,2194.384088,-113.24
09/03/2017 03:20,2220.384088,-109.35
09/03/2017 03:54,2217.384088,-108.48
09/03/2017 05:03,2218.384088,-110.07
09/03/2017 05:37,2243.384088,-110.45
09/03/2017 06:46,2253.384088,-110.9
09/03/2017 07:21,2222.384088,-101.97
09/03/2017 08:29,2210.384088,-105.87
09/03/2017 09:04,2256.384088,-109.28
09/03/2017 10:12,2200.384088,-106.96
09/03/2017 10:47,2203.384088,-108.09
09/03/2017 11:56,2175.384088,-112.99
09/03/2017 12:30,2166.384088,-109.75
09/03/2017 13:39,1979.384088,-92.94
09/03/2017 14:13,1977.384088,-91.96
09/03/2017 15:22,1967.384088,-93.14
09/03/2017 15:56,1971.384088,-88.05
09/03/2017 17:05,1948.384088,-81.61
09/03/2017 17:39,1942.384088,-84.57
09/03/2017 18:48,1943.384088,-84.23
09/03/2017 19:23,1941.384088,-78.87
09/03/2017 20:31,1947.384088,-85.54
09/03/2017 21:06,1941.384088,-82.94
09/03/2017 22:15,1936.384088,-85
09/03/2017 22:49,1945.384088,-83.47
09/03/2017 23:58,1943.384088,-81.72
10/03/2017 00:32,1944.384088,-86.65
10/03/2017 01:41,1945.384088,-84.97
10/03/2017 02:15,1947.384088,-85.24
10/03/2017 03:24,1938.384088,-79.7
10/03/2017 03:58,1936.384088,-84.71
10/03/2017 05:07,1942.384088,-88.77
10/03/2017 05:42,1946.384088,-79.03
10/03/2017 11:39,1952,-81.56
10/03/2017 12:14,1952,-85.82
10/03/2017 13:22,1955,-85.52
10/03/2017 13:57,1948,-86.73
10/03/2017 15:05,1944,-80.13
10/03/2017 15:40,1938,-80.31
10/03/2017 16:49,1941,-75.92
10/03/2017 17:23,1967,-77.47
10/03/2017 18:32,1973,-82.16
10/03/2017 19:06,1968,-81.46
10/03/2017 20:15,1957,-77.62
10/03/2017 20:49,1975,-81.99
10/03/2017 21:58,1946,-80.6
10/03/2017 22:32,2052,-96.76
10/03/2017 23:41,2092,-101.03
11/03/2017 00:16,2090,-95.42
11/03/2017 01:24,2116,-97.15
11/03/2017 01:59,2129,-100.58
11/03/2017 03:08,2186,-100.6
11/03/2017 03:42,2188,-111.86
11/03/2017 04:51,2221,-109.4
11/03/2017 05:25,2183,-104.56
11/03/2017 06:34,2211,-111.1
11/03/2017 07:08,2322,-119.55
11/03/2017 08:17,2314,-111.56
11/03/2017 08:51,2303,-116.97
11/03/2017 10:00,2355,-120.89
11/03/2017 10:35,2254,-114.72
11/03/2017 11:43,2124,-101.84
11/03/2017 12:18,2084,-101
11/03/2017 13:27,2079,-90.72
11/03/2017 14:01,2062,-97.13
11/03/2017 15:10,2083,-95.02
11/03/2017 15:44,2089,-103.83
11/03/2017 16:53,2072,-103.16
11/03/2017 17:27,2095,-101.58
11/03/2017 18:36,2095,-95.34
11/03/2017 19:10,2196,-108.81
11/03/2017 20:19,2215,-111.59
11/03/2017 20:54,2170,-109.73
11/03/2017 22:02,2147,-103.8
11/03/2017 22:37,2148,-107.03
11/03/2017 23:46,2160,-105.92
12/03/2017 00:20,2177,-109.17
12/03/2017 01:29,2129,-103.34
12/03/2017 02:03,2135,-105.56
12/03/2017 03:12,2120,-104.93
12/03/2017 03:46,2133,-101.43
12/03/2017 04:55,2134,-105.35
12/03/2017 05:29,2148,-110.33
12/03/2017 06:38,2145,-101.19
12/03/2017 07:12,2160,-107.16
12/03/2017 13:19,2078,-95.94
12/03/2017 14:28,2056,-96.38
12/03/2017 15:02,2028,-92.82
12/03/2017 16:11,2026,-85.99
12/03/2017 17:49,2074.4541,-92.71
12/03/2017 18:23,2075.4541,-92.57
12/03/2017 19:31,2059.4541,-98.94
12/03/2017 20:04,2089.4541,-100.11
12/03/2017 21:12,2099.4541,-102.66
12/03/2017 21:46,2123.4541,-98.13
12/03/2017 22:54,2101.4541,-92.95
12/03/2017 23:28,2102.4541,-98.24
13/03/2017 00:35,2113.4541,-107.26
13/03/2017 01:09,2134.4541,-101.01
13/03/2017 02:17,2152.4541,-105.04
13/03/2017 02:51,2160.4541,-106.47
13/03/2017 03:59,2144.4541,-101.66
13/03/2017 04:32,2160.4541,-109.55
13/03/2017 05:40,2187.4541,-105.76
13/03/2017 06:14,2203.4541,-109.76
13/03/2017 07:22,2249.4541,-115.7
13/03/2017 07:56,2261.4541,-119.98
13/03/2017 09:03,2350.4541,-118.45
13/03/2017 09:37,2361.4541,-117.74
13/03/2017 10:45,2344.4541,-119.68
13/03/2017 11:19,2198.4541,-109.5
13/03/2017 12:27,2116.4541,-106.35
13/03/2017 13:01,2139.4541,-102.41
13/03/2017 14:08,2078.4541,-103.61
13/03/2017 14:42,2038.4541,-100.94
13/03/2017 15:50,1983.4541,-81.89
13/03/2017 16:24,1980.4541,-83.69
13/03/2017 17:31,1936.4541,-82.36
13/03/2017 18:05,1938.4541,-84.64
13/03/2017 19:13,1945.4541,-89.14
13/03/2017 19:47,1948.4541,-85.6
13/03/2017 20:55,1966.4541,-88.09
13/03/2017 21:29,2016.4541,-86.24
13/03/2017 22:36,2037.4541,-93.51
13/03/2017 23:10,2051.4541,-97.27
14/03/2017 00:18,2074.4541,-89.3
14/03/2017 00:52,2135.4541,-97.52
14/03/2017 02:00,2145.4541,-96.8
14/03/2017 02:33,2138.4541,-91.15
14/03/2017 03:41,2124.4541,-98.95
14/03/2017 04:15,2139.4541,-103.51
14/03/2017 05:23,2161.4541,-106.91
14/03/2017 05:57,2234.4541,-113.86
14/03/2017 07:04,2176.4541,-101.57
14/03/2017 07:38,2172.4541,-94.92
14/03/2017 08:46,2084.4541,-92.36
14/03/2017 09:20,2066.4541,-102.82
14/03/2017 10:28,2042.4541,-95.52
14/03/2017 11:01,2003.4541,-92.95
14/03/2017 12:09,1989.4541,-92.96
14/03/2017 12:43,1981.4541,-86.46
14/03/2017 16:36,2040.4541,-98.14
14/03/2017 17:10,2057.4541,-96.96
14/03/2017 18:18,2036.4541,-84.27
14/03/2017 18:52,2033.4541,-92.55
14/03/2017 19:59,2004.4541,-88.66
14/03/2017 20:33,2020.4541,-92.5
14/03/2017 21:41,2028.4541,-86.91
14/03/2017 22:15,2019.4541,-93.13
14/03/2017 23:22,2034.4541,-95.48
14/03/2017 23:56,2026.4541,-95.79
15/03/2017 01:04,1994.4541,-90.11
15/03/2017 01:38,1968.4541,-79.93
15/03/2017 02:46,1960.4541,-85.49
15/03/2017 03:20,1952.4541,-84.15
15/03/2017 04:27,1948.4541,-86.91
15/03/2017 05:01,1947.4541,-89.92
15/03/2017 06:09,1946.4541,-81.21
15/03/2017 06:43,1946.4541,-91.49
15/03/2017 07:51,1941.4541,-89.59
15/03/2017 08:24,1935.4541,-78.76
15/03/2017 09:32,1936.4541,-78.78
15/03/2017 10:06,1936.4541,-83.49
15/03/2017 11:14,1942.4541,-89.51
15/03/2017 11:48,1942.4541,-91.02
15/03/2017 12:55,1943.4541,-78.51
15/03/2017 13:29,1946.4541,-87.51
15/03/2017 14:37,1944.4541,-85.56
15/03/2017 15:11,1949.4541,-80.76
15/03/2017 16:19,1946.4541,-72.95
15/03/2017 16:52,1953.4541,-77.64
15/03/2017 18:00,1961.4541,-73.47
15/03/2017 18:34,1954.4541,-75.85
18/03/2017 03:12,,-83.44
18/03/2017 08:52,1926.936572,-84.08
18/03/2017 10:00,1927.936572,-85.66
18/03/2017 13:24,1929.936572,-87.92
18/03/2017 14:32,1932.936572,-82.48
18/03/2017 15:40,1931.936572,-81.11
18/03/2017 17:22,1927.936572,-84.71
18/03/2017 19:04,1934.936572,-83.57
18/03/2017 20:12,1933.936572,-83.69
18/03/2017 21:20,1938.936572,-79.88
19/03/2017 00:44,2303.936572,-114.71
19/03/2017 01:52,2179.936572,-108.71
19/03/2017 03:00,2114.936572,-98.77
19/03/2017 06:24,1994.936572,-86.98
19/03/2017 07:32,1978.936572,-83.69
19/03/2017 08:40,1957.936572,-80.92
19/03/2017 12:04,1944.936572,-84.45
19/03/2017 13:12,1941.936572,-79.95
19/03/2017 14:20,1945.936572,-84.78
19/03/2017 19:16,1941.936572,-83.15
19/03/2017 20:24,1948.936572,-74.59
19/03/2017 21:32,1953.936572,-81.3
19/03/2017 23:13,1960.936572,-85.36
20/03/2017 00:56,1944.936572,-87.66
20/03/2017 02:04,1943.936572,-85.01
20/03/2017 03:12,1954.936572,-86.23
20/03/2017 04:54,1973.936572,-86.91
20/03/2017 06:36,1975.936572,-89.81
20/03/2017 07:44,2000.936572,-88.77
20/03/2017 08:52,1975.936572,-85.43
20/03/2017 10:34,1967.936572,-85.72
20/03/2017 12:16,1970.936572,-87.92
20/03/2017 13:24,1976.936572,-78.84
20/03/2017 14:32,1967.936572,-89.33
20/03/2017 16:14,1954.936572,-87.25
20/03/2017 17:56,1942.936572,-80.06
20/03/2017 19:04,1948.936572,-82.44
20/03/2017 20:12,1942.936572,-79.64
20/03/2017 21:54,1975.936572,-84.25
20/03/2017 23:36,1953.936572,-77.81
21/03/2017 00:44,1968.936572,-69.55
21/03/2017 01:52,2011.936572,-87.96
21/03/2017 03:34,2064.936572,-91.24
21/03/2017 05:16,2033.936572,-89.51
21/03/2017 06:24,2044.936572,-90.3
21/03/2017 07:32,2016.936572,-83.57
21/03/2017 09:14,1964.936572,-81.83
21/03/2017 10:56,1949.936572,-80.62
21/03/2017 12:04,1963.936572,-79.04
22/03/2017 22:39,2051,-95.76
23/03/2017 00:21,2081,-95.1
23/03/2017 01:29,2072,-95.18
23/03/2017 02:37,2085,-99.87
23/03/2017 04:19,2059,-95.18
23/03/2017 06:01,2044,-85.23
23/03/2017 07:09,2055,-86.35
23/03/2017 08:17,2066,-91.87
23/03/2017 09:59,2021,-83.98
23/03/2017 11:41,2023,-89.47
23/03/2017 12:49,2024,-90.91
23/03/2017 13:57,2006,-85.08
23/03/2017 15:39,1987,-90.43
23/03/2017 17:21,1962,-83.13
23/03/2017 18:29,1961,-84.26
23/03/2017 19:37,1960,-79.18
23/03/2017 21:19,1972,-88.04
23/03/2017 23:01,1959,-84.52
24/03/2017 00:09,1970,-85.17
24/03/2017 01:17,2093,-90.74
24/03/2017 02:59,2022,-91.16
24/03/2017 04:41,1998,-90
24/03/2017 05:49,1974,-86.21
24/03/2017 06:57,1996,-92.83
24/03/2017 08:39,1973,-89.97
24/03/2017 10:21,2000,-88.55
24/03/2017 11:29,1981,-86.3
24/03/2017 12:37,1991,-89.48
24/03/2017 14:19,1993,-86.57
24/03/2017 16:01,1975,-90.83
24/03/2017 17:09,1968,-90.52
24/03/2017 18:17,1982,-85.95
24/03/2017 19:59,1990,-93.03
24/03/2017 21:41,1969,-83.9
24/03/2017 22:49,1951,-84.41
24/03/2017 23:57,1945,-86.18
25/03/2017 01:39,1934,-86.62
25/03/2017 03:21,1949,-86.01
25/03/2017 04:29,1932,-81.74
25/03/2017 05:37,1930,-85.73
25/03/2017 07:19,1930,-82.95
25/03/2017 09:01,1940,-84.25
25/03/2017 10:09,1933,-82.93
25/03/2017 11:17,1932,-81.74
25/03/2017 12:59,1932,-84.69
25/03/2017 16:16,1943,-86.54
25/03/2017 17:58,1935,-79.74
25/03/2017 19:06,1936,-84.23
25/03/2017 20:14,1947,-91.37
25/03/2017 21:56,1945,-88.08
25/03/2017 23:38,1950,-88.1
26/03/2017 00:46,1951,-85.29
26/03/2017 01:54,1959,-83.74
26/03/2017 03:36,1970,-88.13
26/03/2017 05:18,1958,-83.48
26/03/2017 06:26,1957,-80.35
26/03/2017 07:34,1965,-85.08
26/03/2017 09:16,2116,-104.54
26/03/2017 10:58,2063,-95.06
26/03/2017 12:06,1974,-85.48
26/03/2017 13:14,1956,-84.44
26/03/2017 14:56,1944,-84.1
26/03/2017 16:38,1953,-82.19
26/03/2017 17:46,1947,-86.17
26/03/2017 18:54,1948,-85.39
26/03/2017 20:36,1940,-90.74
26/03/2017 22:18,1964,-91.17
26/03/2017 23:26,1950,-88.02
27/03/2017 00:34,1952,-92.28
27/03/2017 02:16,1974,-90.05
27/03/2017 03:58,2124,-94.48
27/03/2017 05:06,2075,-97.48
27/03/2017 06:14,2087,-96.23
27/03/2017 07:56,2208,-112.65
27/03/2017 09:38,2288,-115.26
27/03/2017 10:46,2155,-108.1
27/03/2017 11:54,2124,-104.18
27/03/2017 13:36,2087,-97.02
27/03/2017 15:18,2140,-106.13
27/03/2017 16:26,2138,-101.11
27/03/2017 17:34,2165,-103.95
27/03/2017 19:16,2055,-93.04
27/03/2017 20:58,2026,-96.14
27/03/2017 22:06,2004,-91.32
27/03/2017 23:14,2053,-93.23
28/03/2017 00:56,2112,-109.96
28/03/2017 02:38,2197,-106.15
28/03/2017 03:46,2192,-104.18
28/03/2017 04:54,2189,-112.89
28/03/2017 06:36,2212,-116.57
28/03/2017 08:18,2742,-147.37
28/03/2017 09:26,2677,-146.72
28/03/2017 10:34,2414,-127.39
28/03/2017 12:16,2089,-95.62
28/03/2017 13:58,2151,-105.8
28/03/2017 15:06,2246,-115.56
28/03/2017 16:14,2118,-104.64
28/03/2017 17:56,2131,-101.34
28/03/2017 19:38,2138,-103.59
28/03/2017 21:20,2171,-110.26
28/03/2017 23:02,2084,-102.67
29/03/2017 00:10,2046,-94.75
29/03/2017 01:18,2057,-94.26
29/03/2017 03:00,2020,-100.06
29/03/2017 04:42,2003,-87.87
29/03/2017 05:50,1986,-86.77
29/03/2017 06:58,1977,-87.78
29/03/2017 08:40,2034,-88.3
29/03/2017 10:22,1997,-86.09
29/03/2017 11:30,1984,-85.99
29/03/2017 12:38,1974,-81.57
29/03/2017 14:20,1963,-83.97
29/03/2017 16:02,1980,-87.3
29/03/2017 17:10,1998,-91.84
29/03/2017 18:18,1995,-88.83
29/03/2017 20:00,2013,-92.58
29/03/2017 21:42,2053,-94.75
29/03/2017 22:50,2118,-93.87
29/03/2017 23:58,2107,-95.34
30/03/2017 01:40,2060,-92.93
30/03/2017 03:22,2045,-96.46
30/03/2017 04:30,2070,-90.66
30/03/2017 05:38,2130,-95.86
30/03/2017 07:20,2168,-103.37
30/03/2017 09:02,2201,-104.39
30/03/2017 10:10,2153,-100.19
30/03/2017 11:18,2086,-96.68
30/03/2017 13:00,2027,-85.54
30/03/2017 14:42,1972,-86.96
30/03/2017 15:50,1948,-83.37
30/03/2017 16:58,1976,-92.29