filling time,MR d13C,d13C VPDB
12/11/2016 21:05,2111.974396,-48.3
12/11/2016 21:39,2108.974396,-48.41
12/11/2016 22:46,2121.974396,-48.24
12/11/2016 23:20,2107.974396,-48.39
13/11/2016 00:28,2125.974396,-48.59
13/11/2016 01:01,2119.974396,-48.54
13/11/2016 02:09,2138.974396,-48.43
13/11/2016 02:43,2144.974396,-48.04
13/11/2016 03:50,2135.974396,-48.36
13/11/2016 04:24,2140.974396,-48.34
13/11/2016 05:32,2138.974396,-48.26
13/11/2016 06:06,2146.974396,-48.35
13/11/2016 07:13,2140.974396,-48.28
13/11/2016 07:47,2134.974396,-48.28
13/11/2016 08:55,2145.974396,-48.54
13/11/2016 09:29,2135.974396,-48.55
13/11/2016 11:16,2123.974396,-48.65
13/11/2016 12:24,2145.974396,-48.75
13/11/2016 12:57,2149.974396,-48.78
13/11/2016 14:05,2154.974396,-48.8
13/11/2016 14:39,2167.974396,-48.85
13/11/2016 15:47,2158.974396,-48.99
13/11/2016 16:20,2151.974396,-48.85
13/11/2016 17:28,2253.974396,-49.51
13/11/2016 18:02,2174.974396,-48.9
13/11/2016 19:10,2185.974396,-48.63
13/11/2016 19:43,2199.974396,-48.67
13/11/2016 20:51,2224.974396,-48.94
13/11/2016 21:25,2258.974396,-48.89
13/11/2016 22:32,2236.974396,-49.16
13/11/2016 23:06,2236.974396,-49.18
14/11/2016 00:14,2286.974396,-49.63
14/11/2016 00:48,2310.974396,-49.4
14/11/2016 01:55,2392.974396,-50.13
14/11/2016 02:29,2419.974396,-50.3
14/11/2016 03:37,2453.974396,-50.16
14/11/2016 04:11,2502.974396,-50.21
14/11/2016 05:18,2543.974396,-50.77
14/11/2016 05:52,2598.974396,-50.91
14/11/2016 10:23,2384.974396,
14/11/2016 10:56,2357.974396,-49.89
14/11/2016 12:04,2277.974396,
14/11/2016 12:38,2232.974396,-49.33
14/11/2016 13:46,2212.974396,-49.06
14/11/2016 14:19,2225.974396,
14/11/2016 15:27,2196.974396,-48.93
14/11/2016 16:01,2205.974396,-49.05
14/11/2016 23:07,2275.6029,
14/11/2016 23:41,2245.6029,-48.99
15/11/2016 00:49,2240.6029,
15/11/2016 01:22,2206.6029,-48.87
15/11/2016 02:30,2197.6029,-48.72
15/11/2016 03:04,2207.6029,-48.8
15/11/2016 04:11,2201.6029,-48.66
15/11/2016 04:45,2205.6029,-48.85
15/11/2016 05:53,2203.6029,-48.87
15/11/2016 06:27,2203.6029,-48.9
15/11/2016 07:34,2216.6029,-48.9
15/11/2016 08:08,2189.6029,-48.99
15/11/2016 09:16,2099.6029,-48.85
15/11/2016 09:50,1993.6029,-48.15
15/11/2016 10:57,1968.6029,-48.14
15/11/2016 11:31,1960.6029,-48.12
15/11/2016 14:24,1963.6029,-47.9
15/11/2016 14:58,1953.6029,-48.06
15/11/2016 16:05,1938.6029,-47.99
15/11/2016 16:39,1937.6029,-48.08
15/11/2016 17:47,1937.6029,-48
15/11/2016 18:21,1945.6029,-47.97
15/11/2016 19:28,1949.6029,-47.62
15/11/2016 20:02,1974.6029,-48.18
15/11/2016 21:10,1946.6029,-47.95
15/11/2016 21:44,1943.6029,-47.92
15/11/2016 22:51,2023.6029,-48.52
15/11/2016 23:25,2071.6029,-48.65
16/11/2016 00:33,2099.6029,-48.74
16/11/2016 01:06,2094.6029,-48.98
16/11/2016 02:14,2031.6029,-48.65
16/11/2016 02:48,1998.6029,-48.26
16/11/2016 03:56,1987.6029,-48.24
16/11/2016 04:29,2046.6029,-48.56
16/11/2016 05:37,2175.6029,-49.6
16/11/2016 06:11,2152.6029,-49.32
16/11/2016 07:19,2212.6029,-49.59
16/11/2016 07:52,2172.6029,-49.26
16/11/2016 10:38,1976.6029,-48.08
16/11/2016 11:12,1960.6029,-47.94
16/11/2016 12:20,1949.6029,-47.93
16/11/2016 12:54,1947.6029,-48.13
16/11/2016 14:01,1955.6029,-48.13
16/11/2016 14:35,1954.6029,-47.91
16/11/2016 15:43,1963.6029,-48.18
16/11/2016 16:17,1973.6029,-48.38
16/11/2016 17:24,1985.6029,-48.2
16/11/2016 17:58,1983.6029,-48.2
16/11/2016 19:06,1985.6029,-47.87
16/11/2016 19:40,1976.6029,-47.9
16/11/2016 20:47,1943.6029,-47.82
16/11/2016 21:21,1957.6029,-47.92
16/11/2016 22:29,2006.6029,-48.3
16/11/2016 23:02,2026.6029,-48.52
17/11/2016 00:10,1982.6029,-48.42
17/11/2016 00:44,1967.6029,-48.31
17/11/2016 01:52,1993.6029,-48.37
17/11/2016 02:25,2028.6029,-48.25
17/11/2016 03:33,2065.6029,-48.75
17/11/2016 04:07,2078.6029,-48.75
17/11/2016 05:14,2115.6029,-49.11
17/11/2016 05:48,2149.6029,-49.5
17/11/2016 06:56,2144.6029,-49.14
17/11/2016 07:30,2112.6029,-49.08
17/11/2016 08:37,2091.6029,-48.8
17/11/2016 09:11,2068.6029,-48.54
17/11/2016 10:19,2090.6029,-48.84
17/11/2016 10:53,2031.6029,-48.48
17/11/2016 12:00,2003.6029,-48.21
17/11/2016 12:34,2015.6029,-48.24
17/11/2016 13:42,2011.6029,-48.28
17/11/2016 14:16,2011.6029,-48.12
17/11/2016 15:23,2003.6029,-48.13
17/11/2016 15:57,2007.6029,-48.19
17/11/2016 17:05,2022.6029,-48.38
17/11/2016 17:38,2027.6029,-48.55
17/11/2016 18:46,1998.6029,-48.29
17/11/2016 19:20,1939.6029,-47.86
17/11/2016 20:28,2002.6029,-48.17
17/11/2016 21:01,1988.6029,-48.2
17/11/2016 22:09,1958.6029,-47.73
17/11/2016 22:43,1949.6029,-47.97
17/11/2016 23:51,1979.6029,-48.14
18/11/2016 00:24,1985.6029,-48.14
18/11/2016 01:32,2015.6029,-48.42
18/11/2016 02:06,2039.6029,-48.69
18/11/2016 03:13,2054.6029,-48.7
18/11/2016 03:47,2040.6029,-48.38
18/11/2016 04:55,2026.6029,-48.52
18/11/2016 05:29,1982.6029,-48.2
18/11/2016 06:36,2006.6029,-48.34
18/11/2016 07:10,1961.6029,-48.11
18/11/2016 08:18,1994.6029,-48.02
18/11/2016 08:52,2001.6029,-48.29
18/11/2016 21:24,2006.571147,-48.22
18/11/2016 21:58,2010.571147,-48.27
18/11/2016 23:05,2008.571147,-48.26
18/11/2016 23:39,2018.571147,-48.4
19/11/2016 00:47,2051.571147,-48.61
19/11/2016 01:21,2070.571147,-48.81
19/11/2016 02:28,2077.571147,-48.76
19/11/2016 03:02,2097.571147,-48.89
19/11/2016 04:10,2089.571147,-48.73
19/11/2016 04:43,2094.571147,-48.69
19/11/2016 05:51,2086.571147,-48.96
19/11/2016 06:25,2086.571147,-48.84
19/11/2016 07:33,2058.571147,-49.04
19/11/2016 08:06,2048.571147,-48.53
19/11/2016 09:14,1932.571147,-47.85
19/11/2016 09:48,1959.571147,-48.04
19/11/2016 10:55,1981.571147,-48.15
19/11/2016 11:29,1996.571147,-48.39
19/11/2016 12:37,1982.571147,-48.21
19/11/2016 13:11,1988.571147,-48.25
19/11/2016 14:18,2007.571147,-48.23
19/11/2016 14:52,2038.571147,-48.57
19/11/2016 16:00,2016.571147,-48.49
19/11/2016 16:34,1995.571147,-48.36
19/11/2016 17:41,2025.571147,-48.54
19/11/2016 18:15,2002.571147,-48.44
19/11/2016 19:23,2004.571147,-48.37
19/11/2016 19:57,2040.571147,-48.53
19/11/2016 21:04,2129.571147,-49.17
19/11/2016 21:38,2086.571147,-48.48
19/11/2016 22:46,2098.571147,-48.95
19/11/2016 23:19,2087.571147,-48.73
20/11/2016 00:27,2094.571147,-48.87
20/11/2016 01:01,2065.571147,-48.85
20/11/2016 02:08,2092.571147,-48.97
20/11/2016 02:42,2072.571147,-48.84
20/11/2016 03:50,2093.571147,-48.4
20/11/2016 04:24,2076.571147,-48.28
20/11/2016 05:31,2042.571147,-48.37
20/11/2016 06:05,2029.571147,-48.22
20/11/2016 07:13,2007.571147,-48.26
20/11/2016 07:47,1999.571147,-48.26
20/11/2016 08:54,2005.571147,-48.19
20/11/2016 09:28,1990.571147,-48.22
20/11/2016 10:36,1976.571147,-47.97
20/11/2016 11:10,1980.571147,-48.18
20/11/2016 12:17,1988.571147,-48.19
20/11/2016 12:51,1974.571147,-48.14
20/11/2016 13:59,1964.571147,-47.96
20/11/2016 14:33,2000.571147,-48.39
20/11/2016 15:40,2068.571147,-48.99
20/11/2016 16:14,2033.571147,-48.49
20/11/2016 17:22,2001.571147,-48.34
20/11/2016 17:55,1999.571147,-48.11
20/11/2016 19:03,1999.571147,-48.36
20/11/2016 19:37,2003.571147,-48.27
20/11/2016 22:07,2028.571147,-48.22
20/11/2016 22:40,2028.571147,-48.36
20/11/2016 23:48,2024.571147,-48.43
21/11/2016 00:22,2056.571147,-48.68
21/11/2016 01:30,2065.571147,-48.76
21/11/2016 02:03,2054.571147,-48.54
21/11/2016 03:11,2119.571147,-49.02
21/11/2016 03:45,2164.571147,-49.39
21/11/2016 04:53,2181.571147,-49.21
21/11/2016 05:26,2175.571147,-49.36
21/11/2016 06:34,2150.571147,-49.25
21/11/2016 07:08,2151.571147,-49
21/11/2016 08:15,2150.571147,-48.88
21/11/2016 08:49,2166.571147,-48.89
21/11/2016 09:57,2113.571147,-49.07
21/11/2016 10:31,2105.571147,-48.85
21/11/2016 11:38,2080.571147,-48.6
21/11/2016 12:12,2087.571147,-48.72
21/11/2016 13:20,2010.571147,-48.06
21/11/2016 13:54,2045.571147,-48.34
21/11/2016 15:01,1990.571147,-48.15
21/11/2016 15:35,1990.571147,-48.07
21/11/2016 16:43,1990.571147,-48.27
21/11/2016 17:17,2023.571147,-48.42
21/11/2016 18:24,2033.571147,-48.37
21/11/2016 18:58,2022.571147,-48.28
21/11/2016 20:06,2042.571147,-48.65
21/11/2016 20:39,2037.571147,-48.44
21/11/2016 21:47,2093.571147,-48.53
21/11/2016 22:21,2096.571147,-48.9
21/11/2016 23:29,1995.571147,-48.29
22/11/2016 00:02,1997.571147,-48.27
22/11/2016 01:10,2015.571147,-48.32
22/11/2016 01:44,2022.571147,-48.27
22/11/2016 02:51,2034.571147,-48.48
22/11/2016 03:25,2025.571147,-48.58
22/11/2016 04:33,2005.571147,-48.52
22/11/2016 05:07,2008.571147,-48.5
22/11/2016 06:14,1993.571147,-48.44
22/11/2016 06:48,2010.571147,-48.55
22/11/2016 07:56,2010.571147,-48.69
22/11/2016 08:30,2018.571147,-48.65
22/11/2016 09:37,1999.571147,-48.46
22/11/2016 10:11,1988.571147,-48.43
22/11/2016 11:19,1963.571147,-48.43
22/11/2016 11:53,1974.571147,-48.3
22/11/2016 13:00,1971.571147,-48.19
22/11/2016 13:34,1977.571147,-48.14
22/11/2016 14:42,1988.571147,-48.34
22/11/2016 15:16,2008.571147,-48.52
22/11/2016 16:23,2051.571147,-48.92
22/11/2016 16:57,2053.571147,-48.78
22/11/2016 18:05,2108.571147,-48.93
22/11/2016 18:38,2143.571147,-49.24
22/11/2016 19:46,2122.571147,-48.9
22/11/2016 20:20,2143.571147,-49.26
24/11/2016 18:00,1965.963705,-48.29
24/11/2016 19:42,1969.963705,-48.14
24/11/2016 20:16,1995.963705,-48.01
24/11/2016 21:58,2013.963705,-48.62
25/11/2016 00:48,2012.963705,-48.09
25/11/2016 02:30,2021.963705,-48.67
25/11/2016 03:03,2030.963705,-48.69
25/11/2016 04:45,2020.963705,-48.67
25/11/2016 07:35,1991.963705,-48.62
25/11/2016 09:17,2015.963705,-46.94
25/11/2016 09:51,2014.963705,-48.29
25/11/2016 11:33,2016.963705,-48.06
25/11/2016 15:36,2036.963705,-47.31
25/11/2016 16:10,2010.963705,-47.96
25/11/2016 18:26,1987.963705,-48.12
25/11/2016 20:08,2023.963705,-48.18
25/11/2016 22:23,2064.963705,-47.48
25/11/2016 22:57,2072.963705,-49.34
26/11/2016 01:13,2067.963705,-48.83
26/11/2016 02:55,2085.963705,-48.78
26/11/2016 05:11,2162.963705,-48.66
26/11/2016 05:44,2118.963705,-48.37
26/11/2016 08:00,1954.963705,-48.08
26/11/2016 09:42,1954.963705,-47.74
26/11/2016 11:58,2320.963705,-51.46
26/11/2016 12:32,2480.963705,-51.03
26/11/2016 14:47,2211.963705,-50.12
26/11/2016 16:29,2049.963705,-47.72
26/11/2016 18:45,2006.963705,-47.05
26/11/2016 19:19,2018.963705,-48.16
26/11/2016 21:35,1924.963705,-46.66
26/11/2016 23:17,1953.963705,-46.97
28/11/2016 00:52,1971,-47.37
28/11/2016 01:26,1937,-47.82
28/11/2016 03:42,1950,-47.84
28/11/2016 05:24,1977,-47.7
28/11/2016 07:40,1952,-47.68
28/11/2016 08:14,1931,-47.88
28/11/2016 10:29,1961,-48.24
28/11/2016 12:11,1996,-48.28
28/11/2016 14:27,1992,-47.94
28/11/2016 15:01,1987,-48.31
28/11/2016 17:17,1975,-47.98
28/11/2016 18:59,1989,-47.82
28/11/2016 21:15,1977,-47.95
28/11/2016 21:48,1969,-47.76
29/11/2016 00:04,1944,-47.93
29/11/2016 01:46,1987,-47.79
29/11/2016 04:02,2008,-47.92
29/11/2016 04:36,1984,-48.02
29/11/2016 06:51,1999,-48.48
29/11/2016 08:34,1995,-47.98
29/11/2016 10:49,2352,-50.69
29/11/2016 11:23,2368,-50.93
29/11/2016 13:39,2167,-49.67
29/11/2016 15:21,2288,-50.13
29/11/2016 17:37,2322,-49.95
29/11/2016 18:10,2304,-50.15
29/11/2016 20:26,2233,-49.9
29/11/2016 22:08,2279,-49.41
30/11/2016 00:24,2188,-49.04
30/11/2016 00:58,2176,-49.17
30/11/2016 03:14,2188,-49.08
30/11/2016 04:56,2192,-48.87
30/11/2016 17:21,1933.693502,-47.78
30/11/2016 17:55,1920.693502,-48
30/11/2016 20:10,1950.693502,-47.77
30/11/2016 22:26,1938.693502,-47.61
01/12/2016 00:08,1948.693502,-47.49
01/12/2016 02:24,1974.693502,-47.84
01/12/2016 02:58,1960.693502,-47.87
01/12/2016 05:14,1950.693502,-47.69
01/12/2016 07:29,1950.693502,-47.78
01/12/2016 09:11,1959.693502,-47.68
01/12/2016 11:27,1959.693502,-47.57
01/12/2016 12:01,1945.693502,-48.01
01/12/2016 14:17,1955.693502,-48.06
01/12/2016 14:55,1975.693502,-48.14
01/12/2016 17:11,1945.693502,-47.93
01/12/2016 17:45,1937.693502,-47.88
01/12/2016 20:01,1945.693502,-47.71
01/12/2016 22:16,1928.693502,-47.61
01/12/2016 23:58,1930.693502,-47.49
02/12/2016 02:14,1944.693502,-47.28
02/12/2016 02:48,1927.693502,-47.57
02/12/2016 05:04,1921.693502,-47.87
02/12/2016 07:19,1929.693502,-47.83
02/12/2016 09:02,1942.693502,-47.63
02/12/2016 11:17,1950.693502,-47.53
02/12/2016 11:51,1932.693502,-47.91
02/12/2016 14:07,1939.693502,-47.76
02/12/2016 16:23,1939.693502,-47.68
02/12/2016 18:05,1964.693502,-47.43
02/12/2016 20:21,1952.693502,-47.7
02/12/2016 20:54,1946.693502,-47.51
02/12/2016 23:10,1926.693502,-48.12
03/12/2016 01:26,1925.693502,-47.88
03/12/2016 03:08,1951.693502,-47.67
03/12/2016 05:24,1961.693502,-47.67
03/12/2016 05:57,1947.693502,-47.66
03/12/2016 08:13,1943.693502,-47.67
03/12/2016 10:29,1926.693502,-47.52
03/12/2016 12:11,1956.693502,-47.65
03/12/2016 14:27,1942.693502,-47.93
03/12/2016 15:01,1927.693502,-47.8
03/12/2016 17:16,1933.693502,-47.42
03/12/2016 19:32,1939.693502,-48.08
03/12/2016 21:14,1979.693502,-47.66
03/12/2016 23:30,2070.693502,-48.81
04/12/2016 00:04,1943.693502,-47.77
04/12/2016 02:19,1992.693502,-48.26
04/12/2016 04:35,1992.693502,-48.17
04/12/2016 06:17,1967.693502,-47.7
04/12/2016 08:33,1963.693502,-47.83
04/12/2016 09:07,1943.693502,-47.88
04/12/2016 11:23,1989.693502,-48.26
04/12/2016 16:45,2445.392431,-50.5
04/12/2016 17:19,2345.392431,-50.19
04/12/2016 19:35,2206.392431,-49.55
04/12/2016 21:51,2408.392431,-50.36
04/12/2016 23:33,2339.392431,-49.12
05/12/2016 01:49,2130.392431,-47.99
05/12/2016 02:22,2138.392431,-48.62
05/12/2016 04:38,2234.392431,-49.07
05/12/2016 06:54,2185.392431,-48.55
05/12/2016 08:36,2562.392431,-49.1
05/12/2016 10:52,2157.392431,-48.41
05/12/2016 11:25,2114.392431,-48.4
05/12/2016 13:41,2624.392431,-51.4
05/12/2016 15:57,2405.392431,-50.37
05/12/2016 17:39,2169.392431,-49.01
05/12/2016 19:55,2205.392431,-48.89
05/12/2016 20:29,2164.392431,-48.86
05/12/2016 22:44,2191.392431,-48.9
06/12/2016 01:00,2165.392431,-48.8
06/12/2016 02:42,2582.392431,-50.97
06/12/2016 04:58,2712.392431,-51.65
06/12/2016 05:32,2725.392431,-51.8
06/12/2016 07:47,2305.392431,-49.5
06/12/2016 10:03,2370.392431,-49.46
06/12/2016 11:45,2824.392431,-51.1
06/12/2016 14:01,2696.392431,-50.23
06/12/2016 14:35,2608.392431,-50.35
06/12/2016 16:51,2630.392431,-50.4
06/12/2016 19:06,2637.392431,-50.54
06/12/2016 20:49,2539.392431,-49.84
06/12/2016 23:04,2526.392431,-49.82
06/12/2016 23:38,2514.392431,-50.03
07/12/2016 01:54,2546.392431,-50.1
07/12/2016 04:10,2605.392431,-50.59
07/12/2016 05:52,2618.392431,-50.77
07/12/2016 08:08,2399.392431,-49.82
07/12/2016 08:41,2399.392431,-49.9
07/12/2016 10:57,2366.392431,-50.16
07/12/2016 13:13,2257.392431,-49.75
07/12/2016 14:55,2238.392431,-49.14
07/12/2016 17:11,2234.392431,-48.61
07/12/2016 17:44,2189.392431,-48.98
07/12/2016 20:00,2171.392431,-48.61
07/12/2016 22:16,2152.392431,-48.62
07/12/2016 23:58,2180.392431,-48.34
08/12/2016 02:14,2181.392431,-48.6
08/12/2016 02:48,2165.392431,-48.77
08/12/2016 05:03,2144.392431,-48.72
08/12/2016 22:49,2153,-48.96
08/12/2016 23:23,2180,-48.32
09/12/2016 00:32,2115,-48.51
09/12/2016 01:06,2092,-48.27
09/12/2016 02:15,1992,-47.47
09/12/2016 02:49,1988,-47.97
09/12/2016 03:58,1964,-47.89
09/12/2016 04:33,1989,-47.32
09/12/2016 05:41,1979,-48.17
09/12/2016 06:16,1972,-48.17
09/12/2016 07:25,2015,-47.97
09/12/2016 07:59,2016,-48.25
09/12/2016 09:08,1978,-48.3
09/12/2016 09:42,1986,-47.76
09/12/2016 10:51,2027,-48.22
09/12/2016 11:25,2037,-47.71
09/12/2016 12:34,2160,-48.84
09/12/2016 13:08,2193,-48.65
09/12/2016 14:17,2229,-49.48
09/12/2016 14:52,2230,-48.59
09/12/2016 16:00,2184,-48.56
09/12/2016 16:35,2181,-49.01
09/12/2016 17:44,2178,-48.12
09/12/2016 18:18,2133,-48.57
09/12/2016 19:27,2100,-48.55
09/12/2016 20:01,2093,-49.08
09/12/2016 21:10,2131,-49.41
09/12/2016 21:44,2147,-48.74
09/12/2016 22:53,2137,-49.02
09/12/2016 23:27,2171,-49.26
10/12/2016 00:36,2117,-48.27
10/12/2016 01:11,2154,-48.05
10/12/2016 02:19,2196,-48.54
10/12/2016 02:54,2182,-48.58
10/12/2016 04:03,2200,-48.22
10/12/2016 04:37,2204,-48.53
10/12/2016 05:46,2186,-49.07
10/12/2016 06:20,2196,-49.32
10/12/2016 07:29,2183,-48.83
10/12/2016 08:03,2170,-48.78
10/12/2016 09:12,2191,-49.19
10/12/2016 09:46,2181,-48.69
10/12/2016 10:55,2181,-48.96
10/12/2016 11:30,2187,-48.54
10/12/2016 12:38,2182,-49.11
10/12/2016 13:13,2199,-48.5
10/12/2016 14:22,2193,-48.75
10/12/2016 14:56,2122,-48.79
10/12/2016 16:05,2158,-49.04
10/12/2016 16:39,2228,-49.45
10/12/2016 17:48,2243,-49.18
10/12/2016 18:22,2229,-49.26
11/12/2016 10:22,1914,-47.44
11/12/2016 10:57,1939,-47.52
11/12/2016 12:06,1938,-48.06
11/12/2016 12:40,1951,-47.69
11/12/2016 13:49,1930,-48.07
11/12/2016 14:23,1945,-47.79
11/12/2016 15:32,1941,-47.16
11/12/2016 16:06,1948,-47.74
11/12/2016 17:15,1930,-47.85
11/12/2016 17:50,1957,-47.44
11/12/2016 18:58,1928,-47.74
11/12/2016 19:33,1937,-47.5
11/12/2016 20:41,1918,-47.95
11/12/2016 21:16,1928,-48.27
11/12/2016 22:25,1937,-47.78
11/12/2016 22:59,1924,-47.5
12/12/2016 00:08,1916,-47.76
12/12/2016 00:42,1948,-47.7
12/12/2016 01:51,1911,-47.13
12/12/2016 02:25,1948,-47.27
12/12/2016 03:34,1928,-47.31
12/12/2016 04:09,1934,-47.12
12/12/2016 05:17,1942,-47.83
12/12/2016 05:52,1937,-47.64
12/12/2016 07:00,1932,-47.4
12/12/2016 07:35,1943,-47.11
12/12/2016 08:44,1925,-47.78
12/12/2016 09:18,1935,-47.06
12/12/2016 10:27,1949,-47.63
12/12/2016 11:01,1980,-47.75
12/12/2016 12:10,2093,-48.91
12/12/2016 12:44,2106,-49.08
12/12/2016 13:53,2044,-48.47
12/12/2016 17:32,2098,-48.94
12/12/2016 18:06,2227,-50.03
12/12/2016 19:15,2267,-49.78
12/12/2016 19:49,2281,-49.64
12/12/2016 20:58,2247,-50.19
12/12/2016 21:33,2289,-49.4
12/12/2016 22:41,2243,-49.62
12/12/2016 23:16,2254,-49.62
13/12/2016 00:24,2345,-50.2
13/12/2016 00:59,2321,-49.83
13/12/2016 02:08,2286,-50.1
13/12/2016 02:42,2279,-49.97
13/12/2016 03:51,2199,-49.87
13/12/2016 04:25,2207,-49.31
13/12/2016 05:34,2253,-48.73
13/12/2016 06:08,2266,-49.33
13/12/2016 07:17,2278,-49.23
13/12/2016 07:52,2298,-49.36
15/12/2016 23:45,2029,-48.42
16/12/2016 00:19,2073,-47.84
16/12/2016 01:28,2138,-48.56
16/12/2016 02:02,2158,-49.01
16/12/2016 03:11,2153,-48.32
16/12/2016 03:45,2141,-49.04
16/12/2016 04:54,2165,-49.42
16/12/2016 05:29,2181,-49.05
16/12/2016 06:37,2147,-49.66
16/12/2016 07:12,2163,-49.38
16/12/2016 08:21,2168,-49.54
16/12/2016 09:32,2230,-48.88
16/12/2016 10:06,2245,-49.01
16/12/2016 11:15,2166,-49.04
16/12/2016 11:50,2164,-48.79
16/12/2016 12:58,2137,-48.75
16/12/2016 13:33,2148,-48.85
16/12/2016 14:41,2177,-48.92
16/12/2016 15:16,2183,-49.08
16/12/2016 16:25,2198,-48.97
16/12/2016 16:59,2181,-48.97
16/12/2016 18:08,2226,-49.04
16/12/2016 18:42,2276,-49.33
16/12/2016 19:51,2283,-49.49
16/12/2016 20:25,2315,-49.43
16/12/2016 21:34,2337,-50.04
16/12/2016 22:09,2353,-50.37
16/12/2016 23:17,2416,-50.54
16/12/2016 23:52,2431,-50.64
17/12/2016 01:00,2412,-50.37
17/12/2016 01:35,2365,-50.15
17/12/2016 02:44,2329,-50.19
17/12/2016 03:18,2354,-50.28
17/12/2016 04:27,2393,-50.5
17/12/2016 05:01,2434,-50.83
17/12/2016 06:10,2481,-50.94
17/12/2016 06:44,2483,-51.13
17/12/2016 07:53,2475,-50.96
17/12/2016 08:28,2466,-51.08
17/12/2016 09:36,2460,-50.78
17/12/2016 10:11,2473,-50.8
17/12/2016 11:19,2456,-50.55
17/12/2016 11:54,2487,-50.91
17/12/2016 13:03,2476,-50.85
17/12/2016 13:37,2499,-50.82
17/12/2016 14:46,2507,-50.77
17/12/2016 15:20,2437,-50.47
17/12/2016 16:29,2011,-47.74
17/12/2016 17:03,1998,-47.72
17/12/2016 18:47,2082,-48.86
17/12/2016 19:22,2082,-48.7
17/12/2016 20:30,2055,-48.42
17/12/2016 21:05,1988,-47.77
17/12/2016 22:14,1986,-47.97
17/12/2016 22:48,2053,-48.3
17/12/2016 23:57,2089,-48.1
18/12/2016 00:31,2050,-48.72
18/12/2016 01:40,2027,-48.39
18/12/2016 02:14,2064,-48.79
18/12/2016 03:23,2044,-48.52
18/12/2016 03:57,2078,-48.63
18/12/2016 05:06,2037,-48.35
18/12/2016 05:41,2042,-48.48
18/12/2016 06:49,2034,-47.84
18/12/2016 07:24,2060,-48.41
18/12/2016 08:32,2059,-48.67
18/12/2016 09:07,2030,-48.29
18/12/2016 10:16,2072,-48.68
18/12/2016 10:50,2075,-48.9
18/12/2016 11:59,2008,-48.21
18/12/2016 12:33,1970,-48
18/12/2016 13:42,1986,-47.61
18/12/2016 14:16,1977,-48.1
18/12/2016 15:25,1967,-48.05
18/12/2016 15:59,1969,-47.8
18/12/2016 17:44,1974,-47.94
18/12/2016 18:18,2002,-47.95
18/12/2016 19:27,1985,-47.87
18/12/2016 20:01,2008,-47.85
18/12/2016 21:10,2082,-48.6
18/12/2016 21:44,2193,-49.61
18/12/2016 22:53,2054,-47.91
18/12/2016 23:28,2117,-48.68
19/12/2016 00:36,2255,-50.04
19/12/2016 01:11,2040,-48.41
19/12/2016 02:20,2176,-49.68
19/12/2016 02:54,2119,-49.03
19/12/2016 04:03,2014,-48.17
19/12/2016 04:37,2050,-48.52
19/12/2016 05:46,2189,-49.72
19/12/2016 06:20,2324,-50.6
19/12/2016 07:29,2241,-49.69
19/12/2016 08:03,2143,-49.33
19/12/2016 09:12,2057,-48.57
19/12/2016 09:47,2119,-48.97
19/12/2016 10:55,2226,-50.16
19/12/2016 11:30,2392,-50.96
19/12/2016 12:39,2421,-50.78
19/12/2016 13:13,2469,-51.35
19/12/2016 14:22,2189,-49.54
19/12/2016 14:56,2114,-49.08
19/12/2016 16:05,2028,-48.65
19/12/2016 16:39,2119,-49.07
19/12/2016 17:48,2329,-50.4
19/12/2016 18:22,2339,-50.3
19/12/2016 19:31,2110,-48.85
19/12/2016 20:06,2098,-48.63
19/12/2016 21:14,2086,-48.54
19/12/2016 21:49,2092,-48.53
19/12/2016 22:57,2071,-48.02
19/12/2016 23:32,2073,-48.38
20/12/2016 00:41,2052,-48.51
20/12/2016 01:15,2074,-48.59
20/12/2016 02:24,2068,-47.97
20/12/2016 02:58,2066,-48.5
20/12/2016 04:07,2050,-48.47
20/12/2016 04:41,2078,-48.53
20/12/2016 05:50,2093,-48.72
20/12/2016 06:24,2096,-48.3
20/12/2016 07:33,2079,-48.48
20/12/2016 08:08,2101,-48.48
20/12/2016 09:16,2054,-48.23
20/12/2016 09:51,2083,-48.16
20/12/2016 11:00,2071,-48.6
20/12/2016 11:34,2077,-48.53
20/12/2016 12:43,2078,-48.34
20/12/2016 13:17,2087,-48.64
20/12/2016 14:26,2082,-48.44
20/12/2016 15:00,2076,-48.39
20/12/2016 16:08,2116,-48.25
20/12/2016 19:48,2166,-48.52
20/12/2016 20:22,2206,-48.05
20/12/2016 22:06,2150,-48.47
20/12/2016 22:40,2200,-48.7
20/12/2016 23:49,2209,-48.75
21/12/2016 00:24,2233,-48.71
21/12/2016 01:32,2321,-49.18
21/12/2016 02:07,2385,-49.34
21/12/2016 03:16,2436,-49.39
21/12/2016 03:50,2403,-49.25
21/12/2016 04:59,2346,-49.38
21/12/2016 05:33,2382,-49.5
21/12/2016 06:42,2308,-49.1
21/12/2016 07:17,2282,-48.92
21/12/2016 08:26,2279,-49.26
21/12/2016 09:00,2263,-49.11
21/12/2016 10:48,2120,-47.72
21/12/2016 11:22,2134,-48.28
22/12/2016 13:50,2011,-48.97
22/12/2016 14:24,2128,-48.41
22/12/2016 15:33,2085,-48.51
22/12/2016 16:08,2139,-48.58
22/12/2016 17:16,2141,-48.75
22/12/2016 17:51,2165,-48.77
22/12/2016 19:00,2121,-48.41
22/12/2016 19:34,2109,-48.42
22/12/2016 20:43,2106,-48.28
22/12/2016 21:17,2097,-48.2
22/12/2016 22:26,2101,-48.36
22/12/2016 23:00,2110,-48.39
23/12/2016 00:09,2099,-48.26
23/12/2016 00:44,2106,-48.13
23/12/2016 01:52,2075,-48.09
23/12/2016 02:27,2086,-48.21
23/12/2016 03:35,2101,-48.44
23/12/2016 04:10,2105,-48.56
23/12/2016 05:19,2121,-48.67
23/12/2016 05:53,2133,-48.71
23/12/2016 07:02,2148,-48.8
23/12/2016 07:36,2130,-48.73
23/12/2016 09:24,2158,-48.57
23/12/2016 09:59,2123,-48.71
23/12/2016 11:07,2120,-48.64
23/12/2016 11:42,2124,-48.48
23/12/2016 12:51,2083,-48.24
23/12/2016 13:25,2072,-48.35
23/12/2016 14:34,2078,-48.29
23/12/2016 15:08,2071,-48.04
23/12/2016 16:17,2083,-48.12
23/12/2016 16:51,2085,-48.15
23/12/2016 18:00,2025,-47.97
23/12/2016 18:34,2015,-48.26
23/12/2016 19:43,2011,-48.12
23/12/2016 20:18,2004,-47.98
23/12/2016 21:26,2012,-48.02
23/12/2016 22:01,2017,-47.87
23/12/2016 23:10,2012,-48.05
23/12/2016 23:44,2016,-47.87
24/12/2016 00:53,2019,-48.13
24/12/2016 01:27,2026,-48.29
24/12/2016 02:36,1991,-48.06
24/12/2016 03:10,1998,-47.86
24/12/2016 04:19,1974,-47.73
24/12/2016 04:53,1954,-47.52
24/12/2016 06:02,1965,-47.99
24/12/2016 06:37,1968,-48
24/12/2016 07:45,1972,-47.83
24/12/2016 08:20,1969,-47.71
24/12/2016 09:29,1983,-47.91
24/12/2016 10:03,1981,-47.88
24/12/2016 11:12,1968,-47.83
24/12/2016 11:46,1958,-47.95
24/12/2016 15:32,1964,-47.67
24/12/2016 16:07,1943,-47.79
24/12/2016 17:15,1948,-47.95
24/12/2016 17:50,1948,-48.07
24/12/2016 18:59,1966,-47.88
24/12/2016 19:33,1960,-47.92
24/12/2016 20:42,1959,-47.54
24/12/2016 21:16,1958,-47.8
24/12/2016 22:25,1956,-47.84
24/12/2016 22:59,1957,-47.7
25/12/2016 00:08,1948,-47.94
25/12/2016 00:42,1954,-47.86
25/12/2016 01:51,1961,-47.97
25/12/2016 02:26,1957,-47.97
25/12/2016 03:34,1951,-47.89
25/12/2016 04:09,1953,-47.78
25/12/2016 05:18,1950,-47.76
25/12/2016 05:52,1973,-47.75
25/12/2016 07:01,1976,-47.51
25/12/2016 07:35,1971,-47.94
25/12/2016 08:44,1955,-47.8
25/12/2016 09:18,1957,-47.85
25/12/2016 10:27,1975,-47.48
25/12/2016 11:01,1959,-47.7
25/12/2016 12:10,1956,-47.63
25/12/2016 12:45,1957,-47.78
25/12/2016 13:53,1946,-47.72
25/12/2016 14:28,1960,-47.63
25/12/2016 15:37,1962,-47.74
25/12/2016 16:11,1958,-47.84
25/12/2016 17:20,1957,-47.72
25/12/2016 17:54,1956,-47.83
25/12/2016 19:03,1963,-47.53
25/12/2016 19:37,1949,-47.77
25/12/2016 20:46,1946,-47.71
25/12/2016 21:20,1946,-47.5
25/12/2016 22:29,1952,-47.87
25/12/2016 23:04,1941,-47.92
26/12/2016 00:12,1949,-47.34
26/12/2016 00:47,1947,-47.77
26/12/2016 01:55,1944,-47.62
26/12/2016 02:30,1941,-47.62
26/12/2016 03:39,1932,-47.92
26/12/2016 04:13,1942,-47.57
26/12/2016 05:22,1944,-47.62
26/12/2016 05:56,1942,-47.87
26/12/2016 07:05,1916,-47.92
26/12/2016 07:39,1956,-47.71
26/12/2016 08:48,1954,-47.62
26/12/2016 09:22,1962,-47.87
26/12/2016 10:31,1960,-47.64
26/12/2016 11:06,1943,-47.84
26/12/2016 12:14,1942,-47.71
26/12/2016 12:49,1944,-47.72
27/12/2016 10:34,1934.084814,-47.96
27/12/2016 11:09,1938.084814,-47.78
27/12/2016 12:18,1940.084814,-47.74
27/12/2016 12:52,1949.084814,-47.71
27/12/2016 14:01,1951.084814,-47.63
27/12/2016 14:35,1947.084814,-47.71
27/12/2016 15:44,1954.084814,-47.68
27/12/2016 16:18,1957.084814,-47.65
27/12/2016 17:27,1958.084814,-47.62
27/12/2016 18:01,1955.084814,-47.74
27/12/2016 19:10,1950.084814,-47.6
27/12/2016 19:45,1948.084814,-47.64
27/12/2016 20:53,1954.084814,-47.55
27/12/2016 21:28,1950.084814,-47.69
27/12/2016 22:37,1945.084814,-47.72
27/12/2016 23:11,1964.084814,-47.82
28/12/2016 00:20,2028.084814,-48.21
28/12/2016 00:54,2003.084814,-48.4
28/12/2016 02:03,1976.084814,-47.84
28/12/2016 02:37,1960.084814,-48.02
28/12/2016 03:46,1969.084814,-47.93
28/12/2016 04:20,1984.084814,-47.87
28/12/2016 05:29,1944.084814,-47.58
28/12/2016 06:04,1945.084814,-47.62
28/12/2016 07:12,1956.084814,-47.59
28/12/2016 07:47,1950.084814,-47.69
28/12/2016 08:56,1947.084814,-47.83
28/12/2016 09:30,1944.084814,-47.76
24/01/2017 05:23,2412.925782,-49.69
24/01/2017 05:57,2419.925782,-49.88
24/01/2017 07:06,2492.925782,-50.16
24/01/2017 07:40,2463.925782,-49.95
24/01/2017 08:49,2467.925782,-50.2
24/01/2017 09:23,2392.925782,-49.82
24/01/2017 10:32,2312.925782,-49.66
24/01/2017 11:07,2320.925782,-49.47
24/01/2017 12:15,2323.925782,-49.67
24/01/2017 12:50,2320.925782,-49.64
24/01/2017 13:59,2291.925782,-49.4
24/01/2017 14:33,2265.925782,-49.23
24/01/2017 15:42,2261.925782,-49.24
24/01/2017 16:16,2231.925782,-49.1
24/01/2017 17:25,2251.925782,-49.12
24/01/2017 17:59,2238.925782,-49.26
24/01/2017 19:08,2158.925782,-48.77
24/01/2017 19:42,2161.925782,-48.94
24/01/2017 20:51,2179.925782,-48.82
24/01/2017 21:26,2223.925782,-48.99
24/01/2017 22:34,2281.925782,-49.4
24/01/2017 23:09,2302.925782,-49.52
25/01/2017 00:18,2376.925782,-49.76
25/01/2017 00:52,2297.925782,-49.41
25/01/2017 02:01,2295.925782,-49.46
25/01/2017 02:35,2307.925782,-49.47
25/01/2017 03:44,2226.925782,-48.88
25/01/2017 04:18,2212.925782,-48.86
25/01/2017 05:27,2211.925782,-48.82
25/01/2017 06:01,2220.925782,-48.92
25/01/2017 07:10,2234.925782,-48.83
25/01/2017 07:45,2249.925782,-48.98
25/01/2017 08:53,2211.925782,-48.88
25/01/2017 09:28,2224.925782,-48.92
25/01/2017 11:17,2333.925782,-49.6
25/01/2017 11:51,2308.925782,-49.24
25/01/2017 13:00,2287.925782,-49.22
25/01/2017 13:35,2251.925782,-48.87
25/01/2017 14:43,2235.925782,-48.65
25/01/2017 15:18,2178.925782,-48.56
25/01/2017 16:27,2199.925782,-48.71
25/01/2017 17:01,2163.925782,-48.4
25/01/2017 18:10,2228.925782,-49.28
25/01/2017 18:44,2224.925782,-49.33
25/01/2017 19:53,2192.925782,-48.88
25/01/2017 20:27,2116.925782,-48.4
25/01/2017 21:36,2103.925782,-48.47
25/01/2017 22:10,2085.925782,-48.22
25/01/2017 23:19,2113.925782,-48.38
25/01/2017 23:54,2156.925782,-48.61
26/01/2017 01:02,2064.925782,-47.87
26/01/2017 01:37,2080.925782,-47.96
26/01/2017 02:46,2261.925782,-49.24
26/01/2017 03:20,2249.925782,-49.19
26/01/2017 04:29,2229.925782,-49.02
26/01/2017 05:03,2246.925782,-49.08
26/01/2017 06:12,2336.925782,-49.54
26/01/2017 06:46,2348.925782,-49.63
26/01/2017 07:55,2354.925782,-49.51
26/01/2017 08:29,2336.925782,-49.42
26/01/2017 09:51,2303.925782,-49.59
26/01/2017 10:25,2290.925782,-49.43
26/01/2017 12:09,2214.925782,-48.99
26/01/2017 13:17,2150.925782,-48.6
26/01/2017 13:52,2156.925782,-48.59
26/01/2017 15:00,2170.925782,-48.81
26/01/2017 15:35,2165.925782,-48.75
26/01/2017 16:44,2197.925782,-49.27
26/01/2017 17:18,2206.925782,-48.98
26/01/2017 18:27,2197.925782,-49.19
26/01/2017 19:01,2206.925782,-49.25
26/01/2017 20:10,2185.925782,-49.15
26/01/2017 20:44,2195.925782,-49.24
26/01/2017 21:53,2210.925782,-49.28
26/01/2017 22:27,2217.925782,-49.34
26/01/2017 23:36,2228.925782,-49.24
27/01/2017 00:11,2240.925782,-49.54
27/01/2017 01:19,2260.925782,-49.74
27/01/2017 01:54,2246.925782,-49.29
27/01/2017 03:03,2217.925782,-49
27/01/2017 03:37,2230.925782,-49.2
27/01/2017 04:46,2279.925782,-49.58
27/01/2017 05:20,2284.925782,-49.48
27/01/2017 06:29,2261.925782,-49.43
27/01/2017 07:03,2257.925782,-49.04
27/01/2017 08:12,2252.925782,-49.4
27/01/2017 08:46,2269.925782,-49.5
27/01/2017 09:55,2235.925782,-49.05
27/01/2017 10:30,2208.925782,-48.79
27/01/2017 11:38,2172.925782,-48.86
27/01/2017 12:13,2178.925782,-48.67
27/01/2017 13:22,2173.925782,-48.65
27/01/2017 13:56,2178.925782,-48.98
27/01/2017 15:05,2196.925782,-49.09
27/01/2017 15:39,2238.925782,-49.68
27/01/2017 16:48,2261.925782,-49.52
27/01/2017 17:22,2259.925782,-49.12
27/01/2017 18:31,2221.925782,-49
27/01/2017 19:05,2221.925782,-48.99
27/01/2017 20:14,2211.925782,-49.04
27/01/2017 20:49,2230.925782,-48.99
27/01/2017 21:57,2271.925782,-49.11
27/01/2017 22:32,2290.925782,-49.3
27/01/2017 23:41,2246.925782,-49.18
28/01/2017 00:15,2268.925782,-49.19
28/01/2017 01:24,2292.925782,-49.31
28/01/2017 01:58,2240.925782,-49.08
28/01/2017 03:07,2257.925782,-49.28
28/01/2017 03:41,2256.925782,-49.34
28/01/2017 04:50,2229.925782,-49.28
28/01/2017 05:24,2232.925782,-49.1
28/01/2017 06:33,2199.925782,-49.09
28/01/2017 07:08,2214.925782,-49.31
28/01/2017 08:16,2231.925782,-49.52
28/01/2017 08:51,2245.925782,-49.5
28/01/2017 09:59,2217.925782,-49.47
28/01/2017 10:34,2146.925782,-49.07
28/01/2017 11:43,2096.925782,-48.87
28/01/2017 12:17,2105.925782,-48.84
28/01/2017 13:26,2143.925782,-49.11
28/01/2017 14:00,2154.925782,-49.19
28/01/2017 15:09,2170.925782,-49.15
28/01/2017 15:43,2164.925782,-48.98
28/01/2017 16:52,2217.925782,-49.31
28/01/2017 17:27,2228.925782,-49.43
28/01/2017 18:35,2212.925782,-49.45
28/01/2017 19:10,2175.925782,-49.3
28/01/2017 20:18,2200.925782,-49.52
28/01/2017 20:53,2226.925782,-49.67
28/01/2017 22:02,2162.925782,-49
28/01/2017 22:36,2192.925782,-49.13
28/01/2017 23:45,2234.925782,-49.55
29/01/2017 00:19,2208.925782,-49.2
29/01/2017 01:28,2143.925782,-48.8
29/01/2017 02:02,2134.925782,-48.51
29/01/2017 03:11,2141.925782,-48.91
29/01/2017 03:45,2142.925782,-48.9
29/01/2017 04:54,2133.925782,-48.79
29/01/2017 05:28,2132.925782,-48.7
29/01/2017 06:37,2182.925782,-49.44
29/01/2017 07:12,2218.925782,-49.59
29/01/2017 08:20,2182.925782,-49.39
29/01/2017 08:55,2156.925782,-49.34
29/01/2017 10:04,2126.925782,-48.74
29/01/2017 10:38,2112.925782,-48.64
29/01/2017 11:47,2085.925782,-48.31
29/01/2017 12:21,2076.925782,-48.35
29/01/2017 13:30,2030.925782,-48.17
29/01/2017 14:04,2038.925782,-47.96
29/01/2017 15:13,2029.925782,-48.04
29/01/2017 15:47,2047.925782,-48.17
29/01/2017 16:56,2073.925782,-48.4
29/01/2017 17:31,2077.925782,-48.42
29/01/2017 18:39,2116.925782,-48.78
29/01/2017 19:14,2113.925782,-48.74
29/01/2017 20:23,2190.925782,-49.5
29/01/2017 20:57,2146.925782,-49.12
29/01/2017 22:06,2141.925782,-49.18
29/01/2017 22:40,2125.925782,-49.14
29/01/2017 23:49,2112.925782,-48.88
30/01/2017 00:23,2110.925782,-48.96
30/01/2017 01:32,2108.925782,-48.88
30/01/2017 02:06,2080.925782,-48.69
30/01/2017 03:15,2106.925782,-48.81
30/01/2017 03:50,2087.925782,-48.8
30/01/2017 04:58,2132.925782,-48.84
30/01/2017 05:33,2113.925782,-48.82
30/01/2017 06:42,2127.925782,-48.91
30/01/2017 07:16,2130.925782,-49.04
30/01/2017 08:25,2145.925782,-49.06
30/01/2017 08:59,2135.925782,-48.8
30/01/2017 10:08,2124.925782,-48.5
30/01/2017 10:42,2098.925782,-48.36
30/01/2017 11:51,2088.925782,-48.49
30/01/2017 12:25,2073.925782,-48.29
30/01/2017 13:34,2102.925782,-48.59
30/01/2017 14:09,2084.925782,-48.35
30/01/2017 15:17,2054.925782,-48.4
30/01/2017 15:52,2050.925782,-48.01
30/01/2017 17:01,2061.925782,-48.25
30/01/2017 17:35,2046.925782,-48
30/01/2017 18:44,2031.925782,-48.1
30/01/2017 19:18,2034.925782,-48.12
30/01/2017 20:27,1995.925782,-47.82
30/01/2017 21:01,1989.925782,-47.76
30/01/2017 22:10,1997.925782,-47.72
30/01/2017 22:44,1999.925782,-47.92
30/01/2017 23:53,2004.925782,-47.86
31/01/2017 09:51,2142,-47.74
31/01/2017 10:24,2104,-47.76
31/01/2017 11:32,2007,-47.79
31/01/2017 12:06,2033,-47.89
31/01/2017 13:14,2092,-48.01
31/01/2017 13:48,2097,-47.87
31/01/2017 14:55,2142,-48.45
31/01/2017 15:29,2149,-48.24
31/01/2017 16:37,2193,-48.75
31/01/2017 17:11,2216,-48.53
31/01/2017 18:19,2253,-48.96
31/01/2017 18:53,2274,-49.04
31/01/2017 20:00,2184,-48.31
31/01/2017 20:34,2260,-48.63
31/01/2017 21:42,2120,-48.46
31/01/2017 22:16,2170,-48.21
31/01/2017 23:23,2097,-48.42
31/01/2017 23:57,2151,-48.43
01/02/2017 01:05,2146,-48.5
01/02/2017 01:39,2201,-48.41
01/02/2017 02:47,2188,-48.43
01/02/2017 03:21,2275,-48.5
01/02/2017 04:28,2198,-48.66
01/02/2017 05:02,2197,-48.55
01/02/2017 06:10,2180,-48.33
01/02/2017 06:44,2121,-48.52
01/02/2017 07:52,2111,-48.44
01/02/2017 09:18,2152.535067,-48.42
01/02/2017 09:52,2151.535067,-48.27
01/02/2017 11:01,2143.535067,-48.32
01/02/2017 11:35,2119.535067,-48.48
01/02/2017 12:44,2110.535067,-48.46
01/02/2017 13:18,2119.535067,-48.66
01/02/2017 14:27,2133.535067,-48.39
01/02/2017 15:02,2110.535067,-48.61
01/02/2017 16:10,2128.535067,-48.75
01/02/2017 16:45,2128.535067,-48.75
01/02/2017 17:53,2192.535067,-48.95
01/02/2017 18:28,2185.535067,-48.61
01/02/2017 19:37,2191.535067,-48.86
01/02/2017 20:11,2189.535067,-48.67
01/02/2017 21:20,2206.535067,-49.04
01/02/2017 21:54,2197.535067,-48.66
01/02/2017 23:03,2198.535067,-48.87
01/02/2017 23:37,2197.535067,-48.75
02/02/2017 00:46,2175.535067,-48.73
02/02/2017 01:21,2168.535067,-48.9
02/02/2017 02:29,2174.535067,-48.89
02/02/2017 03:04,2185.535067,-49.03
02/02/2017 04:12,2203.535067,-49.34
02/02/2017 04:47,2213.535067,-49.08
02/02/2017 05:56,2227.535067,-49.4
02/02/2017 06:30,2240.535067,-49.51
02/02/2017 07:39,2213.535067,-49.51
02/02/2017 08:13,2220.535067,-49.5
02/02/2017 10:10,2160.535067,-49.29
02/02/2017 10:44,2146.535067,-49.15
02/02/2017 11:53,2102.535067,-49.35
02/02/2017 12:28,2178.535067,-49.49
02/02/2017 13:36,2162.535067,-49.21
02/02/2017 14:11,2131.535067,-48.91
02/02/2017 15:20,2134.535067,-48.74
02/02/2017 15:54,2118.535067,-48.54
02/02/2017 17:03,2159.535067,-48.71
02/02/2017 17:37,2145.535067,-48.81
02/02/2017 18:46,2200.535067,-48.58
02/02/2017 19:20,2205.535067,-48.26
02/02/2017 20:29,2181.535067,-48.54
02/02/2017 21:03,2152.535067,-48.62
02/02/2017 22:12,2162.535067,-48.86
02/02/2017 22:47,2174.535067,-49.02
02/02/2017 23:55,2223.535067,-49.25
03/02/2017 00:30,2218.535067,-49.35
03/02/2017 01:39,2232.535067,-49.5
03/02/2017 02:13,2223.535067,-49.44
03/02/2017 03:22,2207.535067,-49.42
03/02/2017 03:56,2226.535067,-49.31
03/02/2017 05:05,2228.535067,-49.24
03/02/2017 05:39,2237.535067,-49.45
03/02/2017 06:48,2219.535067,-49.65
03/02/2017 07:22,2250.535067,-49.75
03/02/2017 08:31,2285.535067,-50.27
03/02/2017 09:06,2297.535067,-50.28
03/02/2017 10:14,2302.535067,-50.23
03/02/2017 10:49,2301.535067,-50.37
03/02/2017 11:58,2264.535067,-50.2
03/02/2017 12:32,2283.535067,-50.03
03/02/2017 13:41,2274.535067,-50.1
03/02/2017 14:15,2207.535067,-49.26
03/02/2017 15:24,2185.535067,-49.18
03/02/2017 15:58,2195.535067,-49.73
03/02/2017 17:07,2226.535067,-49.64
03/02/2017 17:41,2175.535067,-49.34
03/02/2017 18:50,2175.535067,-49.56
03/02/2017 19:25,2201.535067,-49.56
03/02/2017 20:33,2259.535067,-49.7
03/02/2017 21:08,2251.535067,-49.73
03/02/2017 22:17,2226.535067,-49.38
03/02/2017 22:51,2170.535067,-48.94
04/02/2017 00:00,2112.535067,-48.57
04/02/2017 00:34,2149.535067,-48.76
04/02/2017 01:43,2160.535067,-48.8
04/02/2017 02:17,2134.535067,-48.69
04/02/2017 03:26,2131.535067,-48.53
04/02/2017 04:00,2132.535067,-48.87
04/02/2017 05:09,2148.535067,-48.89
04/02/2017 05:44,2131.535067,-48.79
04/02/2017 06:52,2135.535067,-48.79
04/02/2017 12:59,2061.788773,-48.72
04/02/2017 13:33,2038.788773,-48.9
04/02/2017 14:42,2022.788773,-49.1
04/02/2017 15:16,2025.788773,-49.19
04/02/2017 16:25,2082.788773,-48.62
04/02/2017 17:00,2060.788773,-48.59
04/02/2017 18:08,2056.788773,-48.27
04/02/2017 18:43,2060.788773,-48.39
04/02/2017 19:51,2063.788773,-48.41
04/02/2017 20:26,2081.788773,-48.73
04/02/2017 21:35,2062.788773,-48.47
04/02/2017 22:09,2066.788773,-48.68
04/02/2017 23:18,2117.788773,-48.84
04/02/2017 23:52,2113.788773,-48.97
05/02/2017 01:01,2113.788773,-48.96
05/02/2017 01:35,2128.788773,-48.84
05/02/2017 02:44,2111.788773,-49.09
05/02/2017 03:18,2098.788773,-48.7
05/02/2017 04:27,2131.788773,-48.96
05/02/2017 05:02,2133.788773,-48.82
05/02/2017 06:10,2176.788773,-49.25
05/02/2017 06:45,2185.788773,-49.43
05/02/2017 07:53,2216.788773,-49.62
05/02/2017 08:28,2216.788773,-49.51
05/02/2017 09:37,2248.788773,-49.74
05/02/2017 10:11,2274.788773,-50.01
05/02/2017 11:20,2288.788773,-50.18
05/02/2017 11:54,2293.788773,-50.07
05/02/2017 13:03,2255.788773,-50.26
05/02/2017 13:37,2240.788773,-50.23
05/02/2017 14:46,2214.788773,-50.09
05/02/2017 15:20,2215.788773,-50.06
05/02/2017 16:29,2215.788773,-49.81
05/02/2017 17:04,2268.788773,-50.09
05/02/2017 18:12,2177.788773,-49.3
05/02/2017 18:47,2179.788773,-49.13
05/02/2017 19:56,2249.788773,-49.77
05/02/2017 20:30,2247.788773,-49.53
05/02/2017 21:39,2293.788773,-49.35
05/02/2017 22:13,2295.788773,-49.59
05/02/2017 23:22,2251.788773,-49.34
05/02/2017 23:56,2257.788773,-49.33
06/02/2017 01:05,2225.788773,-48.91
06/02/2017 01:39,2241.788773,-48.83
06/02/2017 02:48,2254.788773,-48.86
06/02/2017 03:23,2249.788773,-48.47
06/02/2017 04:31,2245.788773,-48.28
06/02/2017 05:06,2244.788773,-48.43
06/02/2017 06:15,2242.788773,-48.35
06/02/2017 06:49,2250.788773,-48.31
06/02/2017 09:30,2245.788773,-48.85
06/02/2017 10:05,2265.788773,-48.71
06/02/2017 11:14,2237.788773,-48.43
06/02/2017 11:48,2228.788773,-48.25
06/02/2017 12:57,2210.788773,-48.38
06/02/2017 13:31,2211.788773,-48.32
06/02/2017 14:40,2181.788773,-48.39
06/02/2017 15:14,2166.788773,-48.2
06/02/2017 16:23,2144.788773,-48.01
06/02/2017 16:58,2145.788773,-48.13
06/02/2017 18:06,2140.788773,-47.94
06/02/2017 18:41,2142.788773,-48.11
06/02/2017 19:49,2120.788773,-48.12
06/02/2017 20:24,2100.788773,-48.18
06/02/2017 21:33,2067.788773,-48.11
06/02/2017 22:07,2064.788773,-48.05
06/02/2017 23:16,2065.788773,-48.04
06/02/2017 23:50,2063.788773,-48.09
07/02/2017 00:59,2059.788773,-48.32
07/02/2017 01:33,2075.788773,-48.09
07/02/2017 02:42,2061.788773,-48.06
07/02/2017 03:16,2048.788773,-48.16
07/02/2017 04:25,2054.788773,-48.03
07/02/2017 05:00,2038.788773,-47.89
07/02/2017 10:26,2005.645849,-47.92
07/02/2017 11:34,2009.645849,-47.84
07/02/2017 12:42,2012.645849,-47.94
07/02/2017 14:57,2019.645849,-47.85
07/02/2017 16:05,2026.645849,-47.7
07/02/2017 17:13,2032.645849,-47.88
07/02/2017 19:29,2003.645849,-47.8
07/02/2017 20:37,2000.645849,-47.95
07/02/2017 21:45,1995.645849,-47.71
08/02/2017 00:00,2018.645849,-47.91
08/02/2017 01:08,2055.645849,-48.1
08/02/2017 02:16,2036.645849,-47.9
08/02/2017 04:32,2024.645849,-47.77
08/02/2017 05:40,2032.645849,-47.91
08/02/2017 06:48,2031.645849,-47.77
08/02/2017 09:04,2039.645849,-47.82
08/02/2017 10:11,2034.645849,-47.83
08/02/2017 11:19,2020.645849,-47.81
08/02/2017 13:35,2016.645849,-47.96
08/02/2017 14:43,2026.645849,-47.91
08/02/2017 15:51,2022.645849,-47.98
08/02/2017 18:07,2025.645849,-47.84
08/02/2017 19:15,2029.645849,-47.9
08/02/2017 20:22,2021.645849,-47.8
08/02/2017 22:38,2016.645849,-47.66
08/02/2017 23:46,2019.645849,-47.84
09/02/2017 00:54,2014.645849,-47.75
09/02/2017 03:10,2008.645849,-47.86
09/02/2017 04:18,2014.645849,-47.73
09/02/2017 05:26,2017.645849,-47.85
09/02/2017 07:41,2017.645849,-47.88
09/02/2017 08:49,2019.645849,-47.92
09/02/2017 09:57,2015.645849,-48
09/02/2017 12:13,2045.645849,-47.84
09/02/2017 13:21,2038.645849,-47.81
09/02/2017 14:29,2047.645849,-47.89
09/02/2017 16:45,2046.645849,-47.95
09/02/2017 17:52,2060.645849,-47.77
09/02/2017 19:00,2056.645849,-47.81
09/02/2017 21:16,2071.645849,-47.83
09/02/2017 22:24,2085.645849,-47.81
09/02/2017 23:32,2091.645849,-47.93
10/02/2017 01:48,2097.645849,-47.98
10/02/2017 02:56,2084.645849,-47.92
10/02/2017 04:03,2084.645849,-47.79
10/02/2017 06:19,2086.645849,-47.81
10/02/2017 07:27,2091.645849,-47.82
10/02/2017 08:35,2079.645849,-47.79
10/02/2017 10:51,2087.645849,-47.76
10/02/2017 11:59,2096.645849,-47.83
10/02/2017 13:07,2095.645849,-47.85
10/02/2017 15:22,2110.645849,-47.89
10/02/2017 16:30,2104.645849,-47.84
10/02/2017 17:38,2121.645849,-48.01
11/02/2017 00:13,2123,-47.77
11/02/2017 01:21,2124,-47.75
11/02/2017 02:29,2130,-47.87
11/02/2017 04:45,2137,-47.86
11/02/2017 05:53,2150,-47.79
11/02/2017 07:01,2139,-47.87
11/02/2017 09:16,2135,-47.69
11/02/2017 10:24,2153,-47.87
11/02/2017 11:32,2149,-47.79
11/02/2017 13:48,2131,-47.74
11/02/2017 14:56,2128,-47.67
11/02/2017 16:04,2108,-47.69
11/02/2017 18:20,2095,-47.49
11/02/2017 19:27,2088,-47.71
11/02/2017 20:35,2083,-47.89
11/02/2017 22:51,2059,-47.65
11/02/2017 23:59,2050,-47.7
12/02/2017 01:07,2050,-47.76
12/02/2017 03:23,2043,-47.68
12/02/2017 04:31,2059,-47.69
12/02/2017 05:38,2071,-47.86
12/02/2017 07:54,2054,-47.67
12/02/2017 09:02,2053,-47.83
12/02/2017 10:10,2053,-47.66
12/02/2017 12:26,2045,-47.8
12/02/2017 13:34,2046,-47.88
12/02/2017 14:42,2051,-47.87
12/02/2017 16:57,2046,-47.68
12/02/2017 18:05,2060,-47.77
12/02/2017 19:13,2070,-47.98
12/02/2017 21:29,2107,-47.87
12/02/2017 22:37,2098,-47.8
12/02/2017 23:45,2097,-47.96
13/02/2017 02:01,2114,-47.93
13/02/2017 03:08,2115,-47.92
13/02/2017 04:16,2122,-48.02
13/02/2017 06:32,2127,-48.17
13/02/2017 07:40,2144,-48.02
13/02/2017 08:48,2140,-47.9
13/02/2017 11:04,2124,-47.74
13/02/2017 12:12,2115,-47.88
13/02/2017 13:19,2096,-47.65
13/02/2017 15:35,2075,-47.69
13/02/2017 16:43,2088,-47.73
13/02/2017 17:51,2104,-47.93
13/02/2017 20:07,2147,-47.88
13/02/2017 21:15,2119,-47.77
13/02/2017 22:23,2120,-47.83
14/02/2017 00:38,2105,-47.93
14/02/2017 01:46,2094,-47.96
14/02/2017 02:54,2079,-48
14/02/2017 05:10,2094,-48.1
14/02/2017 06:18,2107,-48.15
14/02/2017 07:26,2103,-48.28
14/02/2017 09:41,2111,-48.11
14/02/2017 10:49,2111,-48.23
14/02/2017 11:57,2112,-48.12
14/02/2017 14:13,2115,-48.08
14/02/2017 15:21,2125,-48.19
14/02/2017 16:29,2158,-48.35
14/02/2017 18:45,2183,-48.37
14/02/2017 21:45,2162,-48.85
15/02/2017 00:01,2291,-48.58
15/02/2017 01:09,2289,-48.39
15/02/2017 02:17,2277,-48.58
15/02/2017 04:32,2158,-47.94
15/02/2017 05:40,2351,-49.33
15/02/2017 06:48,2253,-48.81
15/02/2017 09:04,2110,-48.04
15/02/2017 10:12,2476,-50.42
15/02/2017 11:20,2548,-50.44
15/02/2017 13:36,2437,-50.37
15/02/2017 14:43,2401,-50.07
15/02/2017 15:51,2227,-49.41
15/02/2017 18:07,2541,-49.99
15/02/2017 19:15,2555,-50.19
15/02/2017 20:23,2478,-49.71
15/02/2017 22:39,2435,-50.08
15/02/2017 23:47,2266,-49.26
16/02/2017 00:55,2150,-48.61
16/02/2017 03:10,2081,-48.52
16/02/2017 04:18,2063,-48.41
16/02/2017 05:26,2064,-48.15
16/02/2017 07:42,2043,-48.07
16/02/2017 08:50,2047,-48.09
16/02/2017 09:58,2036,-47.84
16/02/2017 12:13,2065,-48.34
16/02/2017 13:21,2050,-48.14
16/02/2017 14:29,2022,-48.11
16/02/2017 16:45,2031,-47.92
16/02/2017 17:53,2041,-48.18
16/02/2017 19:01,2045,-48.38
16/02/2017 21:17,2061,-47.87
16/02/2017 22:24,2063,-47.92
16/02/2017 23:32,2052,-47.94
17/02/2017 01:48,2000,-47.89
17/02/2017 02:56,1991,-47.78
17/02/2017 04:04,1994,-47.78
17/02/2017 06:20,1992,-47.82
17/02/2017 07:28,1994,-47.84
17/02/2017 08:35,1985,-47.8
17/02/2017 10:51,1970,-47.63
17/02/2017 11:59,1975,-47.67
17/02/2017 13:07,1978,-47.63
17/02/2017 15:23,1970,-47.79
17/02/2017 16:31,1994,-47.7
17/02/2017 17:39,2002,-47.87
17/02/2017 19:54,2011,-47.7
17/02/2017 21:02,2015,-47.84
17/02/2017 22:10,2003,-47.9
18/02/2017 00:26,1983,-47.75
18/02/2017 01:34,2000,-47.63
18/02/2017 02:42,1992,-47.64
18/02/2017 04:58,1989,-47.87
18/02/2017 06:05,1996,-47.84
18/02/2017 07:13,2022,-47.68
18/02/2017 09:29,2052,-48.22
18/02/2017 10:37,2077,-48.3
18/02/2017 11:45,2068,-48.08
18/02/2017 14:37,2074,-48.36
18/02/2017 15:45,2104,-48.35
18/02/2017 16:52,2148,-48.48
18/02/2017 19:08,2202,-48.78
18/02/2017 20:16,2225,-48.88
18/02/2017 21:24,2271,-49.41
18/02/2017 23:40,2430,-50.02
19/02/2017 00:48,2382,-49.67
19/02/2017 01:55,2279,-48.99
19/02/2017 04:11,2184,-48.61
19/02/2017 05:19,2173,-48.36
19/02/2017 06:27,2162,-48.26
19/02/2017 08:43,2102,-47.98
19/02/2017 09:51,2081,-47.92
19/02/2017 10:59,2058,-47.98
19/02/2017 13:14,2022,-47.58
19/02/2017 14:22,2017,-47.83
19/02/2017 15:30,1982,-47.79
19/02/2017 17:46,1979,-47.64
19/02/2017 18:54,1993,-47.86
19/02/2017 20:02,2005,-47.73
19/02/2017 22:18,2039,-48.03
19/02/2017 23:25,2062,-48.29
20/02/2017 00:33,2096,-48.53
20/02/2017 02:49,2091,-48.56
20/02/2017 03:57,2034,-48.2
20/02/2017 05:05,2024,-47.98
20/02/2017 07:21,2046,-48.16
20/02/2017 08:29,2068,-48.24
20/02/2017 09:36,2029,-48.09
20/02/2017 11:52,2005,-47.91
20/02/2017 13:00,1978,-47.68
20/02/2017 14:08,1970,-47.82
20/02/2017 16:24,1949,-47.59
20/02/2017 17:32,1937,-47.69
20/02/2017 18:40,1935,-47.58
20/02/2017 20:55,1928,-47.46
23/02/2017 14:57,1971.57384,-47.76
23/02/2017 15:31,1994.57384,-48.11
23/02/2017 16:40,2052.57384,-48.33
23/02/2017 17:14,2021.57384,-48.22
23/02/2017 18:23,1955.57384,-47.98
23/02/2017 18:58,1952.57384,-47.83
23/02/2017 20:06,1938.57384,-47.68
23/02/2017 20:41,1939.57384,-47.79
23/02/2017 21:49,1957.57384,-47.78
23/02/2017 22:24,1954.57384,-47.88
23/02/2017 23:33,1918.57384,-47.62
24/02/2017 00:07,1931.57384,-47.7
24/02/2017 01:16,1923.57384,-47.62
24/02/2017 01:50,1926.57384,-47.72
24/02/2017 02:59,1930.57384,-47.62
24/02/2017 03:33,1934.57384,-47.65
24/02/2017 04:42,1925.57384,-47.73
24/02/2017 05:17,1933.57384,-47.81
24/02/2017 06:25,1925.57384,-47.52
24/02/2017 07:00,1929.57384,-47.6
24/02/2017 08:08,1948.57384,-47.66
24/02/2017 08:43,1951.57384,-47.58
24/02/2017 09:52,1939.57384,-47.66
24/02/2017 10:26,1939.57384,-47.6
24/02/2017 11:35,1938.57384,-47.58
24/02/2017 12:09,1936.57384,-47.69
24/02/2017 13:18,1937.57384,-47.69
24/02/2017 13:52,1938.57384,-47.66
24/02/2017 15:01,1947.57384,-47.65
24/02/2017 15:35,1947.57384,-47.83
24/02/2017 16:44,1944.57384,-47.54
24/02/2017 17:19,1947.57384,-47.48
24/02/2017 18:27,1946.57384,-47.61
24/02/2017 19:02,1949.57384,-47.81
24/02/2017 20:11,1944.57384,-47.62
24/02/2017 20:45,1946.57384,-47.88
24/02/2017 21:54,2060.57384,-48.64
24/02/2017 22:28,2037.57384,-48.38
24/02/2017 23:37,2047.57384,-48.28
25/02/2017 00:11,2111.57384,-48.74
25/02/2017 01:20,2102.57384,-48.81
25/02/2017 01:54,2143.57384,-49.19
25/02/2017 03:03,2158.57384,-49.01
25/02/2017 03:38,2176.57384,-49.24
25/02/2017 04:46,2143.57384,-48.79
25/02/2017 05:21,2167.57384,-48.56
25/02/2017 06:30,2138.57384,-48.46
25/02/2017 07:04,2139.57384,-48.65
25/02/2017 08:13,2134.57384,-48.81
25/02/2017 08:47,2153.57384,-48.85
25/02/2017 09:56,2140.57384,-48.52
25/02/2017 10:30,2127.57384,-48.66
25/02/2017 11:39,2124.57384,-48.05
26/02/2017 14:58,2019.219528,-48.1
26/02/2017 15:33,2034.219528,-48.18
26/02/2017 16:41,2079.219528,-48.23
26/02/2017 17:16,2080.219528,-48.1
26/02/2017 18:25,2043.219528,-48.25
26/02/2017 18:59,2051.219528,-48.16
26/02/2017 20:08,1997.219528,-47.82
26/02/2017 20:42,2016.219528,-48.05
26/02/2017 21:51,1964.219528,-47.74
26/02/2017 22:25,1961.219528,-47.79
26/02/2017 23:34,1970.219528,-47.96
27/02/2017 00:09,1970.219528,-47.78
27/02/2017 01:17,1995.219528,-47.97
27/02/2017 01:52,1992.219528,-48.03
27/02/2017 03:00,2007.219528,-48.08
27/02/2017 03:35,2012.219528,-48.16
27/02/2017 04:44,2039.219528,-48.16
27/02/2017 05:18,2053.219528,-48.23
27/02/2017 06:27,2052.219528,-48.29
27/02/2017 07:01,2043.219528,-48.17
27/02/2017 08:10,2013.219528,-48.08
27/02/2017 08:44,2013.219528,-48.05
27/02/2017 09:53,1991.219528,-48.01
27/02/2017 10:27,1991.219528,-48.02
27/02/2017 11:36,1979.219528,-47.79
27/02/2017 12:11,1983.219528,-47.95
27/02/2017 13:19,1994.219528,-48.24
27/02/2017 13:54,1981.219528,-47.89
27/02/2017 15:03,1971.219528,-47.76
27/02/2017 15:37,1978.219528,-47.87
27/02/2017 16:46,1989.219528,-47.98
27/02/2017 17:20,1964.219528,-47.91
27/02/2017 18:29,1957.219528,-47.75
27/02/2017 19:03,1969.219528,-48.09
27/02/2017 20:12,1988.219528,-47.87
27/02/2017 20:46,1996.219528,-47.86
27/02/2017 21:55,1972.219528,-47.74
27/02/2017 22:30,1970.219528,-47.69
27/02/2017 23:38,1971.219528,-47.8
28/02/2017 00:13,1972.219528,-47.7
28/02/2017 01:22,1956.219528,-47.89
28/02/2017 01:56,1982.219528,-47.95
28/02/2017 03:05,1959.219528,-47.78
28/02/2017 03:39,1966.219528,-48
28/02/2017 04:48,1975.219528,-47.92
28/02/2017 05:22,1967.219528,-48
28/02/2017 06:31,1976.219528,-47.97
28/02/2017 07:05,1981.219528,-47.97
28/02/2017 08:14,1976.219528,-47.86
28/02/2017 08:49,1988.219528,-48.02
28/02/2017 09:57,2005.219528,-47.99
28/02/2017 10:32,2001.219528,-47.95
28/02/2017 11:41,1970.219528,-47.9
28/02/2017 13:09,1958.219528,-47.75
28/02/2017 13:43,1956.219528,-47.85
28/02/2017 14:52,1981.219528,-47.63
28/02/2017 15:26,1963.219528,-47.69
28/02/2017 16:35,1955.219528,-47.61
28/02/2017 17:09,1959.219528,-47.76
28/02/2017 18:18,1966.219528,-47.81
28/02/2017 18:52,1985.219528,-47.94
28/02/2017 20:01,1995.219528,-48.04
28/02/2017 20:36,1995.219528,-48
28/02/2017 21:44,2033.219528,-48.27
28/02/2017 22:19,2042.219528,-48.42
01/03/2017 13:54,1953.090861,-47.72
01/03/2017 14:28,1957.090861,-47.74
01/03/2017 15:37,1976.090861,-48.04
01/03/2017 16:11,1974.090861,-47.83
01/03/2017 17:20,1991.090861,-48.04
01/03/2017 17:55,2004.090861,-48.34
01/03/2017 19:03,2043.090861,-48.42
01/03/2017 19:38,2055.090861,-48.61
01/03/2017 20:47,2116.090861,-48.51
01/03/2017 21:21,2156.090861,-48.94
01/03/2017 22:30,2172.090861,-49.17
01/03/2017 23:04,2210.090861,-49.37
02/03/2017 00:13,2182.090861,-49.26
02/03/2017 00:47,2122.090861,-48.69
02/03/2017 01:56,2021.090861,-48.04
02/03/2017 02:30,1999.090861,-48.15
02/03/2017 03:39,1995.090861,-47.92
02/03/2017 04:14,2011.090861,-48.1
02/03/2017 05:22,1975.090861,-47.76
02/03/2017 05:57,1946.090861,-47.8
02/03/2017 07:06,1970.090861,-47.76
02/03/2017 07:40,1982.090861,-47.85
02/03/2017 08:49,1952.090861,-48
02/03/2017 09:23,1951.090861,-47.86
02/03/2017 10:32,1966.090861,-47.96
02/03/2017 11:06,1974.090861,-47.87
02/03/2017 12:15,1962.090861,-47.9
02/03/2017 12:49,1969.090861,-48.05
04/03/2017 10:49,2261.131969,-49.45
04/03/2017 11:23,2200.131969,-49.71
04/03/2017 12:32,2117.131969,-49.14
04/03/2017 13:06,2103.131969,-49.07
04/03/2017 14:15,2079.131969,-48.63
04/03/2017 14:49,2092.131969,-48.73
04/03/2017 15:58,2155.131969,-48.7
04/03/2017 16:33,2119.131969,-48.54
04/03/2017 17:41,2099.131969,-48.6
04/03/2017 18:16,2084.131969,-48.6
04/03/2017 19:25,2060.131969,-48.33
04/03/2017 19:59,2095.131969,-48.43
04/03/2017 21:08,2258.131969,-48.71
04/03/2017 21:42,2231.131969,-48.6
04/03/2017 22:51,2312.131969,-49.4
04/03/2017 23:25,1970.131969,-47.8
05/03/2017 00:34,2021.131969,-48.11
05/03/2017 01:08,2000.131969,-47.97
05/03/2017 02:17,1958.131969,-47.83
05/03/2017 02:51,1949.131969,-47.74
05/03/2017 04:00,1983.131969,-47.86
05/03/2017 04:34,2066.131969,-48.56
05/03/2017 05:43,2086.131969,-48.39
05/03/2017 06:18,2134.131969,-48.55
05/03/2017 07:26,2051.131969,-48.28
05/03/2017 08:01,2041.131969,-48.1
05/03/2017 09:10,2044.131969,-48.07
05/03/2017 09:44,2029.131969,-47.99
05/03/2017 10:53,2007.131969,-47.8
05/03/2017 11:27,1993.131969,-47.76
05/03/2017 12:36,1981.131969,-47.77
05/03/2017 13:10,1978.131969,-47.7
05/03/2017 14:19,1997.131969,-47.75
05/03/2017 14:53,1992.131969,-47.93
05/03/2017 16:02,1974.131969,-47.75
05/03/2017 16:37,1985.131969,-48.07
05/03/2017 17:45,1978.131969,-48.12
05/03/2017 18:20,1984.131969,-47.99
05/03/2017 19:29,1981.131969,-47.93
05/03/2017 20:03,1987.131969,-48.08
05/03/2017 21:12,1994.131969,-47.9
05/03/2017 21:46,2002.131969,-48.1
05/03/2017 22:55,2025.131969,-48.09
05/03/2017 23:29,2040.131969,-48.3
06/03/2017 00:38,2068.131969,-48.29
06/03/2017 01:12,2070.131969,-48.49
06/03/2017 02:21,2053.131969,-48.43
06/03/2017 02:56,2071.131969,-48.4
06/03/2017 04:04,2071.131969,-48.53
06/03/2017 04:39,2099.131969,-48.67
06/03/2017 05:48,2115.131969,-48.6
06/03/2017 06:22,2123.131969,-48.72
06/03/2017 07:31,2202.131969,-48.98
06/03/2017 11:16,2108.131969,-48.77
06/03/2017 11:50,2121.131969,-48.61
06/03/2017 12:59,2095.131969,-48.41
06/03/2017 13:34,2152.131969,-48.61
06/03/2017 14:42,2084.131969,-48.42
06/03/2017 15:17,2059.131969,-48.18
06/03/2017 16:26,2063.131969,-48.04
06/03/2017 17:00,2054.131969,-48.11
06/03/2017 18:09,2031.131969,-47.88
06/03/2017 18:43,2014.131969,-47.8
06/03/2017 19:52,1997.131969,-47.68
06/03/2017 20:26,2001.131969,-47.77
06/03/2017 21:35,2002.131969,-48.09
06/03/2017 22:09,2009.131969,-47.98
06/03/2017 23:18,2031.131969,-48.06
06/03/2017 23:53,2031.131969,-48.05
07/03/2017 01:01,2024.131969,-48.02
07/03/2017 01:36,2016.131969,-47.97
07/03/2017 02:44,2018.131969,-47.83
07/03/2017 03:19,2033.131969,-47.85
07/03/2017 04:28,2104.131969,-47.34
07/03/2017 05:02,2066.131969,-47.62
07/03/2017 06:11,2004.131969,-47.86
07/03/2017 06:45,2013.131969,-47.88
07/03/2017 07:54,2020.131969,-48.09
07/03/2017 08:28,2016.131969,-48.03
07/03/2017 09:37,2013.131969,-47.87
07/03/2017 10:12,2021.131969,-47.99
07/03/2017 11:20,2023.131969,-48
07/03/2017 11:55,2010.131969,-47.96
07/03/2017 13:03,2001.131969,-47.92
07/03/2017 13:38,2001.131969,-48.09
07/03/2017 14:47,1999.131969,-47.96
07/03/2017 15:21,2000.131969,-47.94
07/03/2017 16:30,1996.131969,-47.94
07/03/2017 17:04,1997.131969,-47.77
07/03/2017 18:13,2038.131969,-48.17
07/03/2017 18:47,2043.131969,-48.21
07/03/2017 19:56,2072.131969,-48.35
07/03/2017 20:30,2064.131969,-48.24
07/03/2017 21:39,2099.131969,-48.42
07/03/2017 22:14,2116.131969,-48.03
07/03/2017 23:22,2176.131969,-48.57
07/03/2017 23:57,2160.131969,-48.48
08/03/2017 01:06,2259.131969,-49.25
08/03/2017 01:40,2301.131969,-49.55
08/03/2017 02:49,2292.131969,-49.59
08/03/2017 03:23,2271.131969,-49.38
08/03/2017 04:32,2245.131969,-49.15
08/03/2017 05:06,2256.131969,-49.48
08/03/2017 06:15,2214.131969,-49.22
08/03/2017 06:49,2188.131969,-49.2
08/03/2017 07:58,2187.131969,-48.93
08/03/2017 09:18,2232.131969,-49.21
08/03/2017 09:52,2158.131969,-48.76
08/03/2017 11:01,2039.131969,-48.23
08/03/2017 11:36,2023.131969,-48.22
08/03/2017 12:44,2033.131969,-48.03
08/03/2017 13:19,2037.131969,-48.08
08/03/2017 14:28,2059.131969,-48.06
08/03/2017 15:02,2062.131969,-48.22
08/03/2017 16:11,2085.131969,-48.16
08/03/2017 16:45,2023.131969,-47.7
08/03/2017 17:54,1987.131969,-47.5
08/03/2017 18:28,1983.131969,-47.71
08/03/2017 19:37,1970.131969,-47.65
08/03/2017 20:11,1968.131969,-47.7
08/03/2017 21:20,1983.131969,-47.69
08/03/2017 21:55,1989.131969,-47.75
08/03/2017 23:03,2007.131969,-47.94
08/03/2017 23:38,2014.131969,-47.85
09/03/2017 00:47,2113.131969,-48.52
09/03/2017 01:21,2191.131969,-49.13
09/03/2017 02:30,2201.131969,-49.15
09/03/2017 03:04,2239.131969,-49.2
09/03/2017 04:13,2179.131969,-48.82
09/03/2017 04:47,2191.131969,-48.94
09/03/2017 05:56,2207.131969,-48.94
09/03/2017 06:30,2227.131969,-48.92
09/03/2017 07:39,2200.131969,-48.81
09/03/2017 08:14,2208.131969,-48.95
09/03/2017 09:22,2233.131969,-49.32
09/03/2017 09:57,2213.131969,-49.37
09/03/2017 11:06,2192.131969,-49.17
09/03/2017 11:40,2171.131969,-48.88
09/03/2017 12:49,2028.131969,-47.94
09/03/2017 13:23,1996.131969,-47.82
09/03/2017 14:32,1975.131969,-47.81
09/03/2017 15:06,1972.131969,-47.68
09/03/2017 16:15,1960.131969,-47.86
09/03/2017 16:49,1955.131969,-47.75
09/03/2017 17:58,1952.131969,-47.53
09/03/2017 18:33,1957.131969,-47.7
09/03/2017 19:41,1949.131969,-47.55
09/03/2017 20:16,1950.131969,-47.65
09/03/2017 21:24,1942.131969,-47.73
09/03/2017 21:59,1944.131969,-47.63
09/03/2017 23:08,1950.131969,-47.6
09/03/2017 23:42,1956.131969,-47.63
10/03/2017 00:51,1949.131969,-47.54
10/03/2017 01:25,1953.131969,-47.6
10/03/2017 02:34,1948.131969,-47.77
10/03/2017 03:08,1947.131969,-47.57
10/03/2017 04:17,1950.131969,-47.74
10/03/2017 04:52,1952.131969,-47.59
10/03/2017 06:00,1955.131969,-47.75
10/03/2017 10:49,1945.131969,-47.8
10/03/2017 11:23,1953.131969,-47.44
10/03/2017 12:32,1961.131969,-47.52
10/03/2017 13:07,1960.131969,-47.58
10/03/2017 14:15,1948.131969,-47.54
10/03/2017 14:50,1952.131969,-47.58
10/03/2017 15:59,1950.131969,-47.54
10/03/2017 16:33,1949.131969,-47.64
10/03/2017 17:42,1965.131969,-47.47
10/03/2017 18:16,1979.131969,-47.2
10/03/2017 19:25,1995.131969,-47.13
10/03/2017 19:59,1981.131969,-47.47
10/03/2017 21:08,1957.131969,-47.45
10/03/2017 21:42,1961.131969,-47.24
10/03/2017 22:51,2114.131969,-48.49
10/03/2017 23:26,2117.131969,-48.29
11/03/2017 00:34,2091.131969,-48.39
11/03/2017 01:09,2135.131969,-48.49
11/03/2017 02:17,2114.131969,-48.77
11/03/2017 02:52,2152.131969,-48.91
11/03/2017 04:01,2188.131969,-48.83
11/03/2017 04:35,2201.131969,-48.9
11/03/2017 05:44,2230.131969,-49.03
11/03/2017 06:18,2200.131969,-48.89
11/03/2017 07:27,2287.131969,-49.18
11/03/2017 08:01,2250.131969,-49.34
11/03/2017 09:10,2302.131969,-49.11
11/03/2017 09:45,2338.131969,-49.06
11/03/2017 10:53,2227.131969,-48.89
11/03/2017 11:28,2138.131969,-48.46
11/03/2017 12:36,2077.131969,-48.2
11/03/2017 13:11,2063.131969,-47.99
11/03/2017 14:20,2054.131969,-48.25
11/03/2017 14:54,2068.131969,-48.19
11/03/2017 16:03,2097.131969,-48.35
11/03/2017 16:37,2091.131969,-48.52
11/03/2017 17:46,2126.131969,-48.86
11/03/2017 18:20,2076.131969,-48.59
11/03/2017 19:29,2201.131969,-49.44
11/03/2017 20:03,2209.131969,-49.32
11/03/2017 21:12,2153.131969,-48.91
11/03/2017 21:47,2148.131969,-48.79
11/03/2017 22:55,2147.131969,-48.71
11/03/2017 23:30,2160.131969,-48.82
12/03/2017 00:39,2144.131969,-48.79
12/03/2017 01:13,2132.131969,-48.55
12/03/2017 02:22,2128.131969,-48.45
12/03/2017 02:56,2121.131969,-48.42
12/03/2017 04:05,2124.131969,-48.48
12/03/2017 04:39,2131.131969,-48.54
12/03/2017 05:48,2149.131969,-48.55
12/03/2017 06:22,2142.131969,-48.47
12/03/2017 07:31,2157.131969,-48.77
12/03/2017 13:38,2022.934375,-48.04
12/03/2017 14:12,2038.934375,-48.27
12/03/2017 15:21,2049.934375,-48.05
12/03/2017 15:55,2043.934375,-48.16
12/03/2017 17:34,2036,-48.28
12/03/2017 18:41,2090,-48.41
12/03/2017 19:15,2077,-48.27
12/03/2017 20:23,2123,-48.59
12/03/2017 20:57,2049,-48.54
12/03/2017 22:05,2139,-48.71
12/03/2017 22:39,2135,-48.71
12/03/2017 23:46,2106,-48.68
13/03/2017 00:20,2067,-48.72
13/03/2017 01:28,2151,-48.85
13/03/2017 02:02,2127,-48.69
13/03/2017 03:09,2244,-49.13
13/03/2017 03:43,2123,-48.37
13/03/2017 04:51,2174,-48.65
13/03/2017 05:25,2241,-48.78
13/03/2017 06:33,2248,-48.78
13/03/2017 07:07,2196,-48.84
13/03/2017 08:14,2373,-49.46
13/03/2017 08:48,2403,-50.01
13/03/2017 09:56,2351,-49.37
13/03/2017 10:30,2278,-49.31
13/03/2017 11:38,2130,-48.57
13/03/2017 12:11,2125,-48.45
13/03/2017 13:19,2143,-48.3
13/03/2017 13:53,2088,-48.28
13/03/2017 15:01,2027,-47.97
13/03/2017 15:35,2018,-48.01
13/03/2017 16:42,2000,-47.75
13/03/2017 17:16,1891,-47.62
13/03/2017 18:24,1909,-47.57
13/03/2017 18:58,1962,-47.74
13/03/2017 20:06,1918,-47.54
13/03/2017 20:39,1923,-47.6
13/03/2017 21:47,2013,-48.24
13/03/2017 22:21,2098,-48.37
13/03/2017 23:29,2063,-48.39
14/03/2017 00:03,2025,-48.37
14/03/2017 01:10,2056,-48.75
14/03/2017 01:44,2071,-48.69
14/03/2017 02:52,2088,-48.63
14/03/2017 03:26,2013,-48.4
14/03/2017 04:34,2140,-48.72
14/03/2017 05:07,2148,-48.89
14/03/2017 06:15,2217,-49.32
14/03/2017 06:49,2140,-48.73
14/03/2017 07:57,2138,-48.73
14/03/2017 08:31,2123,-48.75
14/03/2017 09:38,2025,-48.11
14/03/2017 10:12,2057,-48.15
14/03/2017 11:20,1972,-47.7
14/03/2017 11:54,2046,-47.97
14/03/2017 13:02,1966,-47.87
14/03/2017 16:21,2064,-48
14/03/2017 17:29,2039,-48.05
14/03/2017 18:02,2074,-48.14
14/03/2017 19:10,2058,-48.09
14/03/2017 19:44,1982,-48.05
14/03/2017 20:52,2037,-48
14/03/2017 21:26,2051,-48.02
14/03/2017 22:33,2092,-48.26
14/03/2017 23:07,2031,-48.26
15/03/2017 00:15,2050,-48.18
15/03/2017 00:49,2005,-48.17
15/03/2017 01:57,1964,-47.84
15/03/2017 02:30,1965,-47.95
15/03/2017 03:38,1923,-47.59
15/03/2017 04:12,1948,-47.55
15/03/2017 05:20,1942,-47.61
15/03/2017 05:54,1911,-47.56
15/03/2017 07:01,1968,-47.72
15/03/2017 07:35,1936,-47.59
15/03/2017 08:43,1942,-47.51
15/03/2017 09:17,1895,-47.6
15/03/2017 10:25,1921,-47.63
15/03/2017 10:58,1973,-47.78
15/03/2017 12:06,1919,-47.74
15/03/2017 12:40,1898,-47.53
15/03/2017 13:48,1953,-47.75
15/03/2017 14:22,1981,-47.69
15/03/2017 15:29,1958,-47.73
15/03/2017 16:03,1981,-47.84
15/03/2017 17:11,1964,-47.54
15/03/2017 17:45,2059,-47.81
19/03/2017 18:43,1956.02554,-47.68
19/03/2017 19:51,1956.02554,-47.62
19/03/2017 20:59,1970.02554,-47.72
19/03/2017 22:07,1945.02554,-47.69
20/03/2017 00:23,1966.02554,-47.71
20/03/2017 01:31,1909.02554,-47.6
20/03/2017 02:39,1933.02554,-47.79
20/03/2017 03:47,1937.02554,-47.72
20/03/2017 06:03,2022.02554,-47.91
20/03/2017 07:11,1971.02554,-47.98
20/03/2017 08:19,1941.02554,-47.77
20/03/2017 09:27,1946.02554,-47.6
20/03/2017 11:43,1981.02554,-47.56
20/03/2017 12:51,1979.02554,-47.78
20/03/2017 13:59,1973.02554,-47.77
20/03/2017 15:07,1986.02554,-47.86
20/03/2017 17:23,1922.02554,-47.34
20/03/2017 18:31,1975.02554,-47.63
20/03/2017 19:39,1964.02554,-47.49
20/03/2017 20:47,1969.02554,-47.68
20/03/2017 23:03,1976.02554,-47.57
21/03/2017 00:11,1989.02554,-47.64
21/03/2017 01:19,1981.02554,-47.75
21/03/2017 02:27,2038.02554,-48.11
21/03/2017 04:43,2003.02554,-48.19
21/03/2017 05:51,2013.02554,-48.13
21/03/2017 06:59,1997.02554,-47.94
21/03/2017 08:07,1973.02554,-47.79
21/03/2017 10:23,1993.02554,-47.65
21/03/2017 11:31,1953.02554,-47.74
21/03/2017 12:39,1955.02554,-47.85
22/03/2017 23:48,2082.606659,-48.2
23/03/2017 00:56,2114.606659,-48.3
23/03/2017 02:04,2082.606659,-48.38
23/03/2017 03:12,2114.606659,-48.54
23/03/2017 05:28,2067.606659,-48.06
23/03/2017 06:36,2075.606659,-48.07
23/03/2017 07:44,2115.606659,-48.13
23/03/2017 08:52,2046.606659,-48.04
23/03/2017 11:08,2026.606659,-48.11
23/03/2017 12:16,2034.606659,-48.01
23/03/2017 13:24,2038.606659,-48.06
23/03/2017 14:32,1967.606659,-47.8
23/03/2017 16:49,1962.606659,-47.75
23/03/2017 17:57,1960.606659,-47.73
23/03/2017 19:05,1976.606659,-47.67
23/03/2017 20:13,1995.606659,-47.85
23/03/2017 22:29,1932.606659,-47.77
23/03/2017 23:37,1940.606659,-47.57
24/03/2017 00:45,1995.606659,-48.24
24/03/2017 01:53,2024.606659,-48.02
24/03/2017 04:09,2029.606659,-48.03
24/03/2017 05:17,2001.606659,-47.87
24/03/2017 06:25,1986.606659,-47.9
24/03/2017 07:33,2028.606659,-48
24/03/2017 09:49,1986.606659,-47.74
24/03/2017 10:57,2021.606659,-47.93
24/03/2017 12:05,2009.606659,-47.62
24/03/2017 13:13,2014.606659,-47.9
24/03/2017 15:29,2028.606659,-47.89
24/03/2017 16:37,1993.606659,-47.92
24/03/2017 17:45,2034.606659,-47.87
24/03/2017 18:53,2021.606659,-47.8
24/03/2017 21:09,2001.606659,-47.9
24/03/2017 22:17,1968.606659,-47.77
24/03/2017 23:25,1956.606659,-47.61
25/03/2017 00:33,1921.606659,-47.56
25/03/2017 02:49,1975.606659,-47.47
25/03/2017 03:57,1963.606659,-47.6
25/03/2017 05:05,1947.606659,-47.67
25/03/2017 06:13,1955.606659,-47.7
25/03/2017 08:29,1941.606659,-47.5
25/03/2017 09:37,1948.606659,-47.56
25/03/2017 10:45,1936.606659,-47.42
25/03/2017 11:53,1975.606659,-47.54
25/03/2017 14:09,1908.606659,-47.38
25/03/2017 17:25,1909.606659,-47.72
25/03/2017 18:33,1897.606659,-47.66
25/03/2017 19:41,1926.606659,-47.85
25/03/2017 20:49,1913.606659,-47.92
25/03/2017 23:05,1881.606659,-47.43
26/03/2017 00:13,1940.606659,-47.54
26/03/2017 01:21,1937.606659,-47.9
26/03/2017 02:29,1943.606659,-47.79
26/03/2017 04:45,1934.606659,-47.61
26/03/2017 05:53,1958.606659,-47.75
26/03/2017 07:01,1958.606659,-47.83
26/03/2017 08:09,1938.606659,-47.61
26/03/2017 10:25,2069.606659,-48.47
26/03/2017 11:33,1982.606659,-47.66
26/03/2017 12:41,1979.606659,-47.82
26/03/2017 13:49,1912.606659,-47.51
26/03/2017 16:05,1967.606659,-47.57
26/03/2017 17:13,1904.606659,-47.44
26/03/2017 18:21,1967.606659,-47.53
26/03/2017 19:29,1962.606659,-47.55
26/03/2017 21:45,1977.606659,-47.75
26/03/2017 22:53,2000.606659,-47.88
27/03/2017 00:01,1990.606659,-47.77
27/03/2017 01:09,1993.606659,-47.71
27/03/2017 03:25,1997.606659,-47.92
27/03/2017 04:33,2107.606659,-48.03
27/03/2017 05:41,2104.606659,-48.71
27/03/2017 06:49,2124.606659,-48.62
27/03/2017 09:05,2250.606659,-49.43
27/03/2017 10:13,2231.606659,-49.33
27/03/2017 11:21,2152.606659,-48.75
27/03/2017 12:29,2098.606659,-48.7
27/03/2017 14:46,2108.606659,-48.47
27/03/2017 15:54,2133.606659,-48.52
27/03/2017 17:02,2163.606659,-48.96
27/03/2017 18:10,2131.606659,-48.75
27/03/2017 20:26,2014.606659,-47.86
27/03/2017 21:34,2014.606659,-47.68
27/03/2017 22:42,2032.606659,-47.86
27/03/2017 23:50,2072.606659,-48.17
28/03/2017 02:06,2171.606659,-48.62
28/03/2017 03:14,2195.606659,-49.03
28/03/2017 04:22,2131.606659,-48.62
28/03/2017 05:30,2217.606659,-49.28
28/03/2017 07:46,2409.606659,-50.07
28/03/2017 08:54,2692.606659,-51.24
28/03/2017 10:02,2593.606659,-50.68
28/03/2017 11:10,2287.606659,-49.62
28/03/2017 13:26,2182.606659,-48.91
28/03/2017 14:34,2227.606659,-48.95
28/03/2017 15:42,2166.606659,-48.86
28/03/2017 16:50,2184.606659,-48.5
28/03/2017 19:06,2047.606659,-48.26
28/03/2017 20:14,2102.606659,-48.52
28/03/2017 22:30,2109.606659,-48.49
28/03/2017 23:38,2046.606659,-48.28
29/03/2017 00:46,2069.606659,-48.33
29/03/2017 01:54,2060.606659,-48.35
29/03/2017 04:10,2000.606659,-47.92
29/03/2017 05:18,2005.606659,-47.96
29/03/2017 06:26,1987.606659,-47.76
29/03/2017 07:34,1996.606659,-47.84
29/03/2017 09:50,2029.606659,-48.21
29/03/2017 10:58,1970.606659,-47.9
29/03/2017 12:06,1972.606659,-47.61
29/03/2017 13:14,2002.606659,-47.8
29/03/2017 15:30,1987.606659,-47.78
29/03/2017 16:38,1999.606659,-47.96
29/03/2017 17:46,2062.606659,-48.06
29/03/2017 18:54,2027.606659,-48.1
29/03/2017 21:10,2036.606659,-48.2
29/03/2017 22:18,2077.606659,-48.17
29/03/2017 23:26,2097.606659,-48.59
30/03/2017 00:34,2095.606659,-48.41
30/03/2017 02:50,2064.606659,-48.28
30/03/2017 03:58,2076.606659,-48.25
30/03/2017 05:06,2105.606659,-48.39
30/03/2017 06:14,2145.606659,-48.48
30/03/2017 08:30,2208.606659,-48.93
30/03/2017 09:38,2140.606659,-48.46
30/03/2017 10:46,2135.606659,-48.43
30/03/2017 11:54,2110.606659,-48.19
30/03/2017 14:10,2008.606659,-47.98
30/03/2017 15:18,1969.606659,-47.85
30/03/2017 16:26,1964.606659,-47.97
30/03/2017 17:34,1999.606659,-48.03
30/03/2017 19:50,2097.606659,-48.55
30/03/2017 20:58,2140.606659,-48.69
30/03/2017 22:06,2121.606659,-48.52
30/03/2017 23:14,2154.606659,-49.13
31/03/2017 01:30,2209.606659,-49.4
31/03/2017 02:38,2203.606659,-49.4
31/03/2017 03:46,2152.606659,-48.92
31/03/2017 04:54,2190.606659,-49.05
31/03/2017 07:10,2198.606659,-49.13
31/03/2017 08:18,2205.606659,-49.27
31/03/2017 09:26,2135.606659,-48.85
31/03/2017 10:34,2118.606659,-48.76
31/03/2017 12:50,2081.606659,-48.79
31/03/2017 13:58,2053.606659,-48.38
31/03/2017 15:06,2072.606659,-48.51
31/03/2017 16:14,2068.606659,-48.27
31/03/2017 18:30,2006.606659,-48.06
31/03/2017 19:38,2039.606659,-48.29
31/03/2017 20:46,2052.606659,-48.28
31/03/2017 21:54,2055.606659,-48.37