filling time,[CH4] (ppb),δ¹³C VPDB (‰)
12/11/2016 21:05,,-48.3
12/11/2016 21:39,,-48.41
12/11/2016 22:46,,-48.24
12/11/2016 23:20,,-48.39
13/11/2016 00:28,,-48.59
13/11/2016 01:01,,-48.54
13/11/2016 02:09,,-48.43
13/11/2016 02:43,,-48.04
13/11/2016 03:50,,-48.36
13/11/2016 04:24,,-48.34
13/11/2016 05:32,,-48.26
13/11/2016 06:06,,-48.35
13/11/2016 07:13,,-48.28
13/11/2016 07:47,,-48.28
13/11/2016 08:55,,-48.54
13/11/2016 09:29,,-48.55
13/11/2016 11:16,,-48.65
13/11/2016 12:24,,-48.75
13/11/2016 12:57,,-48.78
13/11/2016 14:05,,-48.8
13/11/2016 14:39,,-48.85
13/11/2016 15:47,,-48.99
13/11/2016 16:20,,-48.85
13/11/2016 17:28,,-49.51
13/11/2016 18:02,,-48.9
13/11/2016 19:10,,-48.63
13/11/2016 19:43,,-48.67
13/11/2016 20:51,,-48.94
13/11/2016 21:25,,-48.89
13/11/2016 22:32,,-49.16
13/11/2016 23:06,,-49.18
14/11/2016 00:14,,-49.63
14/11/2016 00:48,,-49.4
14/11/2016 01:55,,-50.13
14/11/2016 02:29,,-50.3
14/11/2016 03:37,,-50.16
14/11/2016 04:11,,-50.21
14/11/2016 05:18,,-50.77
14/11/2016 05:52,,-50.91
14/11/2016 10:23,,
14/11/2016 10:56,,-49.89
14/11/2016 12:04,,
14/11/2016 12:38,,-49.33
14/11/2016 13:46,,-49.06
14/11/2016 14:19,,
14/11/2016 15:27,,-48.93
14/11/2016 16:01,,-49.05
14/11/2016 23:07,2275.850441,
14/11/2016 23:41,2245.850441,-48.99
15/11/2016 00:49,2240.850441,
15/11/2016 01:22,2206.850441,-48.87
15/11/2016 02:30,2197.850441,-48.72
15/11/2016 03:04,2207.850441,-48.8
15/11/2016 04:11,2201.850441,-48.66
15/11/2016 04:45,2205.850441,-48.85
15/11/2016 05:53,2203.850441,-48.87
15/11/2016 06:27,2203.850441,-48.9
15/11/2016 07:34,2216.850441,-48.9
15/11/2016 08:08,2189.850441,-48.99
15/11/2016 09:16,2099.850441,-48.85
15/11/2016 09:50,1993.850441,-48.15
15/11/2016 10:57,1968.850441,-48.14
15/11/2016 11:31,1960.850441,-48.12
15/11/2016 14:24,1963.850441,-47.9
15/11/2016 14:58,1953.850441,-48.06
15/11/2016 16:05,1938.850441,-47.99
15/11/2016 16:39,1937.850441,-48.08
15/11/2016 17:47,1937.850441,-48
15/11/2016 18:21,1945.850441,-47.97
15/11/2016 19:28,1949.850441,-47.62
15/11/2016 20:02,1974.850441,-48.18
15/11/2016 21:10,1946.850441,-47.95
15/11/2016 21:44,1943.850441,-47.92
15/11/2016 22:51,2023.850441,-48.52
15/11/2016 23:25,2071.850441,-48.65
16/11/2016 00:33,2099.850441,-48.74
16/11/2016 01:06,2094.850441,-48.98
16/11/2016 02:14,2031.850441,-48.65
16/11/2016 02:48,1998.850441,-48.26
16/11/2016 03:56,1987.850441,-48.24
16/11/2016 04:29,2046.850441,-48.56
16/11/2016 05:37,2175.850441,-49.6
16/11/2016 06:11,2152.850441,-49.32
16/11/2016 07:19,2212.850441,-49.59
16/11/2016 07:52,2172.850441,-49.26
16/11/2016 10:38,1976.850441,-48.08
16/11/2016 11:12,1960.850441,-47.94
16/11/2016 12:20,1949.850441,-47.93
16/11/2016 12:54,1947.850441,-48.13
16/11/2016 14:01,1955.850441,-48.13
16/11/2016 14:35,1954.850441,-47.91
16/11/2016 15:43,1963.850441,-48.18
16/11/2016 16:17,1973.850441,-48.38
16/11/2016 17:24,1985.850441,-48.2
16/11/2016 17:58,1983.850441,-48.2
16/11/2016 19:06,1985.850441,-47.87
16/11/2016 19:40,1976.850441,-47.9
16/11/2016 20:47,1943.850441,-47.82
16/11/2016 21:21,1957.850441,-47.92
16/11/2016 22:29,2006.850441,-48.3
16/11/2016 23:02,2026.850441,-48.52
17/11/2016 00:10,1982.850441,-48.42
17/11/2016 00:44,1967.850441,-48.31
17/11/2016 01:52,1993.850441,-48.37
17/11/2016 02:25,2028.850441,-48.25
17/11/2016 03:33,2065.850441,-48.75
17/11/2016 04:07,2078.850441,-48.75
17/11/2016 05:14,2115.850441,-49.11
17/11/2016 05:48,2149.850441,-49.5
17/11/2016 06:56,2144.850441,-49.14
17/11/2016 07:30,2112.850441,-49.08
17/11/2016 08:37,2091.850441,-48.8
17/11/2016 09:11,2068.850441,-48.54
17/11/2016 10:19,2090.850441,-48.84
17/11/2016 10:53,2031.850441,-48.48
17/11/2016 12:00,2003.850441,-48.21
17/11/2016 12:34,2015.850441,-48.24
17/11/2016 13:42,2011.850441,-48.28
17/11/2016 14:16,2011.850441,-48.12
17/11/2016 15:23,2003.850441,-48.13
17/11/2016 15:57,2007.850441,-48.19
17/11/2016 17:05,2022.850441,-48.38
17/11/2016 17:38,2027.850441,-48.55
17/11/2016 18:46,1998.850441,-48.29
17/11/2016 19:20,1939.850441,-47.86
17/11/2016 20:28,2002.850441,-48.17
17/11/2016 21:01,1988.850441,-48.2
17/11/2016 22:09,1958.850441,-47.73
17/11/2016 22:43,1949.850441,-47.97
17/11/2016 23:51,1979.850441,-48.14
18/11/2016 00:24,1985.850441,-48.14
18/11/2016 01:32,2015.850441,-48.42
18/11/2016 02:06,2039.850441,-48.69
18/11/2016 03:13,2054.850441,-48.7
18/11/2016 03:47,2040.850441,-48.38
18/11/2016 04:55,2026.850441,-48.52
18/11/2016 05:29,1982.850441,-48.2
18/11/2016 06:36,2006.850441,-48.34
18/11/2016 07:10,1961.850441,-48.11
18/11/2016 08:18,1994.850441,-48.02
18/11/2016 08:52,2001.850441,-48.29
18/11/2016 21:24,2007.14611,-48.22
18/11/2016 21:58,2011.14611,-48.27
18/11/2016 23:05,2009.14611,-48.26
18/11/2016 23:39,2019.14611,-48.4
19/11/2016 00:47,2052.14611,-48.61
19/11/2016 01:21,2071.14611,-48.81
19/11/2016 02:28,2078.14611,-48.76
19/11/2016 03:02,2098.14611,-48.89
19/11/2016 04:10,2090.14611,-48.73
19/11/2016 04:43,2095.14611,-48.69
19/11/2016 05:51,2087.14611,-48.96
19/11/2016 06:25,2087.14611,-48.84
19/11/2016 07:33,2059.14611,-49.04
19/11/2016 08:06,2049.14611,-48.53
19/11/2016 09:14,1933.14611,-47.85
19/11/2016 09:48,1960.14611,-48.04
19/11/2016 10:55,1982.14611,-48.15
19/11/2016 11:29,1997.14611,-48.39
19/11/2016 12:37,1983.14611,-48.21
19/11/2016 13:11,1989.14611,-48.25
19/11/2016 14:18,2008.14611,-48.23
19/11/2016 14:52,2039.14611,-48.57
19/11/2016 16:00,2017.14611,-48.49
19/11/2016 16:34,1996.14611,-48.36
19/11/2016 17:41,2026.14611,-48.54
19/11/2016 18:15,2003.14611,-48.44
19/11/2016 19:23,2005.14611,-48.37
19/11/2016 19:57,2041.14611,-48.53
19/11/2016 21:04,2130.14611,-49.17
19/11/2016 21:38,2087.14611,-48.48
19/11/2016 22:46,2099.14611,-48.95
19/11/2016 23:19,2088.14611,-48.73
20/11/2016 00:27,2095.14611,-48.87
20/11/2016 01:01,2066.14611,-48.85
20/11/2016 02:08,2093.14611,-48.97
20/11/2016 02:42,2073.14611,-48.84
20/11/2016 03:50,2094.14611,-48.4
20/11/2016 04:24,2077.14611,-48.28
20/11/2016 05:31,2043.14611,-48.37
20/11/2016 06:05,2030.14611,-48.22
20/11/2016 07:13,2008.14611,-48.26
20/11/2016 07:47,2000.14611,-48.26
20/11/2016 08:54,2006.14611,-48.19
20/11/2016 09:28,1991.14611,-48.22
20/11/2016 10:36,1977.14611,-47.97
20/11/2016 11:10,1981.14611,-48.18
20/11/2016 12:17,1989.14611,-48.19
20/11/2016 12:51,1975.14611,-48.14
20/11/2016 13:59,1965.14611,-47.96
20/11/2016 14:33,2001.14611,-48.39
20/11/2016 15:40,2069.14611,-48.99
20/11/2016 16:14,2034.14611,-48.49
20/11/2016 17:22,2002.14611,-48.34
20/11/2016 17:55,2000.14611,-48.11
20/11/2016 19:03,2000.14611,-48.36
20/11/2016 19:37,2004.14611,-48.27
20/11/2016 22:07,2029.14611,-48.22
20/11/2016 22:40,2029.14611,-48.36
20/11/2016 23:48,2025.14611,-48.43
21/11/2016 00:22,2057.14611,-48.68
21/11/2016 01:30,2066.14611,-48.76
21/11/2016 02:03,2055.14611,-48.54
21/11/2016 03:11,2120.14611,-49.02
21/11/2016 03:45,2165.14611,-49.39
21/11/2016 04:53,2182.14611,-49.21
21/11/2016 05:26,2176.14611,-49.36
21/11/2016 06:34,2151.14611,-49.25
21/11/2016 07:08,2152.14611,-49
21/11/2016 08:15,2151.14611,-48.88
21/11/2016 08:49,2167.14611,-48.89
21/11/2016 09:57,2114.14611,-49.07
21/11/2016 10:31,2106.14611,-48.85
21/11/2016 11:38,2081.14611,-48.6
21/11/2016 12:12,2088.14611,-48.72
21/11/2016 13:20,2011.14611,-48.06
21/11/2016 13:54,2046.14611,-48.34
21/11/2016 15:01,1991.14611,-48.15
21/11/2016 15:35,1991.14611,-48.07
21/11/2016 16:43,1991.14611,-48.27
21/11/2016 17:17,2024.14611,-48.42
21/11/2016 18:24,2034.14611,-48.37
21/11/2016 18:58,2023.14611,-48.28
21/11/2016 20:06,2043.14611,-48.65
21/11/2016 20:39,2038.14611,-48.44
21/11/2016 21:47,2094.14611,-48.53
21/11/2016 22:21,2097.14611,-48.9
21/11/2016 23:29,1996.14611,-48.29
22/11/2016 00:02,1998.14611,-48.27
22/11/2016 01:10,2016.14611,-48.32
22/11/2016 01:44,2023.14611,-48.27
22/11/2016 02:51,2035.14611,-48.48
22/11/2016 03:25,2026.14611,-48.58
22/11/2016 04:33,2006.14611,-48.52
22/11/2016 05:07,2009.14611,-48.5
22/11/2016 06:14,1994.14611,-48.44
22/11/2016 06:48,2011.14611,-48.55
22/11/2016 07:56,2011.14611,-48.69
22/11/2016 08:30,2019.14611,-48.65
22/11/2016 09:37,2000.14611,-48.46
22/11/2016 10:11,1989.14611,-48.43
22/11/2016 11:19,1964.14611,-48.43
22/11/2016 11:53,1975.14611,-48.3
22/11/2016 13:00,1972.14611,-48.19
22/11/2016 13:34,1978.14611,-48.14
22/11/2016 14:42,1989.14611,-48.34
22/11/2016 15:16,2009.14611,-48.52
22/11/2016 16:23,2052.14611,-48.92
22/11/2016 16:57,2054.14611,-48.78
22/11/2016 18:05,2109.14611,-48.93
22/11/2016 18:38,2144.14611,-49.24
22/11/2016 19:46,2123.14611,-48.9
22/11/2016 20:20,2144.14611,-49.26
24/11/2016 18:00,1963.988812,-48.29
24/11/2016 19:42,1967.988812,-48.14
24/11/2016 20:16,1993.988812,-48.01
24/11/2016 21:58,2011.988812,-48.62
25/11/2016 00:48,2010.988812,-48.09
25/11/2016 02:30,2019.988812,-48.67
25/11/2016 03:03,2028.988812,-48.69
25/11/2016 04:45,2018.988812,-48.67
25/11/2016 07:35,1989.988812,-48.62
25/11/2016 09:17,2013.988812,-46.94
25/11/2016 09:51,2012.988812,-48.29
25/11/2016 11:33,2014.988812,-48.06
25/11/2016 15:36,2034.988812,-47.31
25/11/2016 16:10,2008.988812,-47.96
25/11/2016 18:26,1985.988812,-48.12
25/11/2016 20:08,2021.988812,-48.18
25/11/2016 22:23,2062.988812,-47.48
25/11/2016 22:57,2070.988812,-49.34
26/11/2016 01:13,2065.988812,-48.83
26/11/2016 02:55,2083.988812,-48.78
26/11/2016 05:11,2160.988812,-48.66
26/11/2016 05:44,2116.988812,-48.37
26/11/2016 08:00,1952.988812,-48.08
26/11/2016 09:42,1952.988812,-47.74
26/11/2016 11:58,2318.988812,-51.46
26/11/2016 12:32,2478.988812,-51.03
26/11/2016 14:47,2209.988812,-50.12
26/11/2016 16:29,2047.988812,-47.72
26/11/2016 18:45,2004.988812,-47.05
26/11/2016 19:19,2016.988812,-48.16
26/11/2016 21:35,1922.988812,-46.66
26/11/2016 23:17,1951.988812,-46.97
28/11/2016 00:52,1971,-47.37
28/11/2016 01:26,1937,-47.82
28/11/2016 03:42,1950,-47.84
28/11/2016 05:24,1977,-47.7
28/11/2016 07:40,1952,-47.68
28/11/2016 08:14,1931,-47.88
28/11/2016 10:29,1961,-48.24
28/11/2016 12:11,1996,-48.28
28/11/2016 14:27,1992,-47.94
28/11/2016 15:01,1987,-48.31
28/11/2016 17:17,1975,-47.98
28/11/2016 18:59,1989,-47.82
28/11/2016 21:15,1977,-47.95
28/11/2016 21:48,1969,-47.76
29/11/2016 00:04,1944,-47.93
29/11/2016 01:46,1987,-47.79
29/11/2016 04:02,2008,-47.92
29/11/2016 04:36,1984,-48.02
29/11/2016 06:51,1999,-48.48
29/11/2016 08:34,1995,-47.98
29/11/2016 10:49,2352,-50.69
29/11/2016 11:23,2368,-50.93
29/11/2016 13:39,2167,-49.67
29/11/2016 15:21,2288,-50.13
29/11/2016 17:37,2322,-49.95
29/11/2016 18:10,2304,-50.15
29/11/2016 20:26,2233,-49.9
29/11/2016 22:08,2279,-49.41
30/11/2016 00:24,2188,-49.04
30/11/2016 00:58,2176,-49.17
30/11/2016 03:14,2188,-49.08
30/11/2016 04:56,2192,-48.87
30/11/2016 17:21,1933.693502,-47.78
30/11/2016 17:55,1920.693502,-48
30/11/2016 20:10,1950.693502,-47.77
30/11/2016 22:26,1938.693502,-47.61
01/12/2016 00:08,1948.693502,-47.49
01/12/2016 02:24,1974.693502,-47.84
01/12/2016 02:58,1960.693502,-47.87
01/12/2016 05:14,1950.693502,-47.69
01/12/2016 07:29,1950.693502,-47.78
01/12/2016 09:11,1959.693502,-47.68
01/12/2016 11:27,1959.693502,-47.57
01/12/2016 12:01,1945.693502,-48.01
01/12/2016 14:17,1955.693502,-48.06
01/12/2016 14:55,1975.693502,-48.14
01/12/2016 17:11,1945.693502,-47.93
01/12/2016 17:45,1937.693502,-47.88
01/12/2016 20:01,1945.693502,-47.71
01/12/2016 22:16,1928.693502,-47.61
01/12/2016 23:58,1930.693502,-47.49
02/12/2016 02:14,1944.693502,-47.28
02/12/2016 02:48,1927.693502,-47.57
02/12/2016 05:04,1921.693502,-47.87
02/12/2016 07:19,1929.693502,-47.83
02/12/2016 09:02,1942.693502,-47.63
02/12/2016 11:17,1950.693502,-47.53
02/12/2016 11:51,1932.693502,-47.91
02/12/2016 14:07,1939.693502,-47.76
02/12/2016 16:23,1939.693502,-47.68
02/12/2016 18:05,1964.693502,-47.43
02/12/2016 20:21,1952.693502,-47.7
02/12/2016 20:54,1946.693502,-47.51
02/12/2016 23:10,1926.693502,-48.12
03/12/2016 01:26,1925.693502,-47.88
03/12/2016 03:08,1951.693502,-47.67
03/12/2016 05:24,1961.693502,-47.67
03/12/2016 05:57,1947.693502,-47.66
03/12/2016 08:13,1943.693502,-47.67
03/12/2016 10:29,1926.693502,-47.52
03/12/2016 12:11,1956.693502,-47.65
03/12/2016 14:27,1942.693502,-47.93
03/12/2016 15:01,1927.693502,-47.8
03/12/2016 17:16,1933.693502,-47.42
03/12/2016 19:32,1939.693502,-48.08
03/12/2016 21:14,1979.693502,-47.66
03/12/2016 23:30,2070.693502,-48.81
04/12/2016 00:04,1943.693502,-47.77
04/12/2016 02:19,1992.693502,-48.26
04/12/2016 04:35,1992.693502,-48.17
04/12/2016 06:17,1967.693502,-47.7
04/12/2016 08:33,1963.693502,-47.83
04/12/2016 09:07,1943.693502,-47.88
04/12/2016 11:23,1989.693502,-48.26
04/12/2016 16:45,2446.04576,-50.5
04/12/2016 17:19,2346.04576,-50.19
04/12/2016 19:35,2207.04576,-49.55
04/12/2016 21:51,2409.04576,-50.36
04/12/2016 23:33,2340.04576,-49.12
05/12/2016 01:49,2131.04576,-47.99
05/12/2016 02:22,2139.04576,-48.62
05/12/2016 04:38,2235.04576,-49.07
05/12/2016 06:54,2186.04576,-48.55
05/12/2016 08:36,2563.04576,-49.1
05/12/2016 10:52,2158.04576,-48.41
05/12/2016 11:25,2115.04576,-48.4
05/12/2016 13:41,2625.04576,-51.4
05/12/2016 15:57,2406.04576,-50.37
05/12/2016 17:39,2170.04576,-49.01
05/12/2016 19:55,2206.04576,-48.89
05/12/2016 20:29,2165.04576,-48.86
05/12/2016 22:44,2192.04576,-48.9
06/12/2016 01:00,2166.04576,-48.8
06/12/2016 02:42,2583.04576,-50.97
06/12/2016 04:58,2713.04576,-51.65
06/12/2016 05:32,2726.04576,-51.8
06/12/2016 07:47,2306.04576,-49.5
06/12/2016 10:03,2371.04576,-49.46
06/12/2016 11:45,2825.04576,-51.1
06/12/2016 14:01,2697.04576,-50.23
06/12/2016 14:35,2609.04576,-50.35
06/12/2016 16:51,2631.04576,-50.4
06/12/2016 19:06,2638.04576,-50.54
06/12/2016 20:49,2540.04576,-49.84
06/12/2016 23:04,2527.04576,-49.82
06/12/2016 23:38,2515.04576,-50.03
07/12/2016 01:54,2547.04576,-50.1
07/12/2016 04:10,2606.04576,-50.59
07/12/2016 05:52,2619.04576,-50.77
07/12/2016 08:08,2400.04576,-49.82
07/12/2016 08:41,2400.04576,-49.9
07/12/2016 10:57,2367.04576,-50.16
07/12/2016 13:13,2258.04576,-49.75
07/12/2016 14:55,2239.04576,-49.14
07/12/2016 17:11,2235.04576,-48.61
07/12/2016 17:44,2190.04576,-48.98
07/12/2016 20:00,2172.04576,-48.61
07/12/2016 22:16,2153.04576,-48.62
07/12/2016 23:58,2181.04576,-48.34
08/12/2016 02:14,2182.04576,-48.6
08/12/2016 02:48,2166.04576,-48.77
08/12/2016 05:03,2145.04576,-48.72
08/12/2016 22:49,2153,-48.96
08/12/2016 23:23,2180,-48.32
09/12/2016 00:32,2115,-48.51
09/12/2016 01:06,2092,-48.27
09/12/2016 02:15,1992,-47.47
09/12/2016 02:49,1988,-47.97
09/12/2016 03:58,1964,-47.89
09/12/2016 04:33,1989,-47.32
09/12/2016 05:41,1979,-48.17
09/12/2016 06:16,1972,-48.17
09/12/2016 07:25,2015,-47.97
09/12/2016 07:59,2016,-48.25
09/12/2016 09:08,1978,-48.3
09/12/2016 09:42,1986,-47.76
09/12/2016 10:51,2027,-48.22
09/12/2016 11:25,2037,-47.71
09/12/2016 12:34,2160,-48.84
09/12/2016 13:08,2193,-48.65
09/12/2016 14:17,2229,-49.48
09/12/2016 14:52,2230,-48.59
09/12/2016 16:00,2184,-48.56
09/12/2016 16:35,2181,-49.01
09/12/2016 17:44,2178,-48.12
09/12/2016 18:18,2133,-48.57
09/12/2016 19:27,2100,-48.55
09/12/2016 20:01,2093,-49.08
09/12/2016 21:10,2131,-49.41
09/12/2016 21:44,2147,-48.74
09/12/2016 22:53,2137,-49.02
09/12/2016 23:27,2171,-49.26
10/12/2016 00:36,2117,-48.27
10/12/2016 01:11,2154,-48.05
10/12/2016 02:19,2196,-48.54
10/12/2016 02:54,2182,-48.58
10/12/2016 04:03,2200,-48.22
10/12/2016 04:37,2204,-48.53
10/12/2016 05:46,2186,-49.07
10/12/2016 06:20,2196,-49.32
10/12/2016 07:29,2183,-48.83
10/12/2016 08:03,2170,-48.78
10/12/2016 09:12,2191,-49.19
10/12/2016 09:46,2181,-48.69
10/12/2016 10:55,2181,-48.96
10/12/2016 11:30,2187,-48.54
10/12/2016 12:38,2182,-49.11
10/12/2016 13:13,2199,-48.5
10/12/2016 14:22,2193,-48.75
10/12/2016 14:56,2122,-48.79
10/12/2016 16:05,2158,-49.04
10/12/2016 16:39,2228,-49.45
10/12/2016 17:48,2243,-49.18
10/12/2016 18:22,2229,-49.26
11/12/2016 10:22,1914,-47.44
11/12/2016 10:57,1939,-47.52
11/12/2016 12:06,1938,-48.06
11/12/2016 12:40,1951,-47.69
11/12/2016 13:49,1930,-48.07
11/12/2016 14:23,1945,-47.79
11/12/2016 15:32,1941,-47.16
11/12/2016 16:06,1948,-47.74
11/12/2016 17:15,1930,-47.85
11/12/2016 17:50,1957,-47.44
11/12/2016 18:58,1928,-47.74
11/12/2016 19:33,1937,-47.5
11/12/2016 20:41,1918,-47.95
11/12/2016 21:16,1928,-48.27
11/12/2016 22:25,1937,-47.78
11/12/2016 22:59,1924,-47.5
12/12/2016 00:08,1916,-47.76
12/12/2016 00:42,1948,-47.7
12/12/2016 01:51,1911,-47.13
12/12/2016 02:25,1948,-47.27
12/12/2016 03:34,1928,-47.31
12/12/2016 04:09,1934,-47.12
12/12/2016 05:17,1942,-47.83
12/12/2016 05:52,1937,-47.64
12/12/2016 07:00,1932,-47.4
12/12/2016 07:35,1943,-47.11
12/12/2016 08:44,1925,-47.78
12/12/2016 09:18,1935,-47.06
12/12/2016 10:27,1949,-47.63
12/12/2016 11:01,1980,-47.75
12/12/2016 12:10,2093,-48.91
12/12/2016 12:44,2106,-49.08
12/12/2016 13:53,2044,-48.47
12/12/2016 17:32,2098,-48.94
12/12/2016 18:06,2227,-50.03
12/12/2016 19:15,2267,-49.78
12/12/2016 19:49,2281,-49.64
12/12/2016 20:58,2247,-50.19
12/12/2016 21:33,2289,-49.4
12/12/2016 22:41,2243,-49.62
12/12/2016 23:16,2254,-49.62
13/12/2016 00:24,2345,-50.2
13/12/2016 00:59,2321,-49.83
13/12/2016 02:08,2286,-50.1
13/12/2016 02:42,2279,-49.97
13/12/2016 03:51,2199,-49.87
13/12/2016 04:25,2207,-49.31
13/12/2016 05:34,2253,-48.73
13/12/2016 06:08,2266,-49.33
13/12/2016 07:17,2278,-49.23
13/12/2016 07:52,2298,-49.36
15/12/2016 23:45,2036.32009,-48.42
16/12/2016 00:19,2080.32009,-47.84
16/12/2016 01:28,2145.32009,-48.56
16/12/2016 02:02,2165.32009,-49.01
16/12/2016 03:11,2160.32009,-48.32
16/12/2016 03:45,2148.32009,-49.04
16/12/2016 04:54,2172.32009,-49.42
16/12/2016 05:29,2188.32009,-49.05
16/12/2016 06:37,2154.32009,-49.66
16/12/2016 07:12,2170.32009,-49.38
16/12/2016 08:21,2175.32009,-49.54
16/12/2016 09:32,2237.32009,-48.88
16/12/2016 10:06,2252.32009,-49.01
16/12/2016 11:15,2173.32009,-49.04
16/12/2016 11:50,2171.32009,-48.79
16/12/2016 12:58,2144.32009,-48.75
16/12/2016 13:33,2155.32009,-48.85
16/12/2016 14:41,2184.32009,-48.92
16/12/2016 15:16,2190.32009,-49.08
16/12/2016 16:25,2205.32009,-48.97
16/12/2016 16:59,2188.32009,-48.97
16/12/2016 18:08,2233.32009,-49.04
16/12/2016 18:42,2283.32009,-49.33
16/12/2016 19:51,2290.32009,-49.49
16/12/2016 20:25,2322.32009,-49.43
16/12/2016 21:34,2344.32009,-50.04
16/12/2016 22:09,2360.32009,-50.37
16/12/2016 23:17,2423.32009,-50.54
16/12/2016 23:52,2438.32009,-50.64
17/12/2016 01:00,2419.32009,-50.37
17/12/2016 01:35,2372.32009,-50.15
17/12/2016 02:44,2336.32009,-50.19
17/12/2016 03:18,2361.32009,-50.28
17/12/2016 04:27,2400.32009,-50.5
17/12/2016 05:01,2441.32009,-50.83
17/12/2016 06:10,2488.32009,-50.94
17/12/2016 06:44,2490.32009,-51.13
17/12/2016 07:53,2482.32009,-50.96
17/12/2016 08:28,2473.32009,-51.08
17/12/2016 09:36,2467.32009,-50.78
17/12/2016 10:11,2480.32009,-50.8
17/12/2016 11:19,2463.32009,-50.55
17/12/2016 11:54,2494.32009,-50.91
17/12/2016 13:03,2483.32009,-50.85
17/12/2016 13:37,2506.32009,-50.82
17/12/2016 14:46,2514.32009,-50.77
17/12/2016 15:20,2444.32009,-50.47
17/12/2016 16:29,2018.32009,-47.74
17/12/2016 17:03,2005.32009,-47.72
17/12/2016 18:47,2089.32009,-48.86
17/12/2016 19:22,2089.32009,-48.7
17/12/2016 20:30,2062.32009,-48.42
17/12/2016 21:05,1995.32009,-47.77
17/12/2016 22:14,1993.32009,-47.97
17/12/2016 22:48,2060.32009,-48.3
17/12/2016 23:57,2096.32009,-48.1
18/12/2016 00:31,2057.32009,-48.72
18/12/2016 01:40,2034.32009,-48.39
18/12/2016 02:14,2071.32009,-48.79
18/12/2016 03:23,2051.32009,-48.52
18/12/2016 03:57,2085.32009,-48.63
18/12/2016 05:06,2044.32009,-48.35
18/12/2016 05:41,2049.32009,-48.48
18/12/2016 06:49,2041.32009,-47.84
18/12/2016 07:24,2067.32009,-48.41
18/12/2016 08:32,2066.32009,-48.67
18/12/2016 09:07,2037.32009,-48.29
18/12/2016 10:16,2079.32009,-48.68
18/12/2016 10:50,2082.32009,-48.9
18/12/2016 11:59,2015.32009,-48.21
18/12/2016 12:33,1977.32009,-48
18/12/2016 13:42,1993.32009,-47.61
18/12/2016 14:16,1984.32009,-48.1
18/12/2016 15:25,1974.32009,-48.05
18/12/2016 15:59,1976.32009,-47.8
18/12/2016 17:44,1981.32009,-47.94
18/12/2016 18:18,2009.32009,-47.95
18/12/2016 19:27,1992.32009,-47.87
18/12/2016 20:01,2015.32009,-47.85
18/12/2016 21:10,2089.32009,-48.6
18/12/2016 21:44,2200.32009,-49.61
18/12/2016 22:53,2061.32009,-47.91
18/12/2016 23:28,2124.32009,-48.68
19/12/2016 00:36,2262.32009,-50.04
19/12/2016 01:11,2047.32009,-48.41
19/12/2016 02:20,2183.32009,-49.68
19/12/2016 02:54,2126.32009,-49.03
19/12/2016 04:03,2021.32009,-48.17
19/12/2016 04:37,2057.32009,-48.52
19/12/2016 05:46,2196.32009,-49.72
19/12/2016 06:20,2331.32009,-50.6
19/12/2016 07:29,2248.32009,-49.69
19/12/2016 08:03,2150.32009,-49.33
19/12/2016 09:12,2064.32009,-48.57
19/12/2016 09:47,2126.32009,-48.97
19/12/2016 10:55,2233.32009,-50.16
19/12/2016 11:30,2399.32009,-50.96
19/12/2016 12:39,2428.32009,-50.78
19/12/2016 13:13,2476.32009,-51.35
19/12/2016 14:22,2196.32009,-49.54
19/12/2016 14:56,2121.32009,-49.08
19/12/2016 16:05,2035.32009,-48.65
19/12/2016 16:39,2126.32009,-49.07
19/12/2016 17:48,2336.32009,-50.4
19/12/2016 18:22,2346.32009,-50.3
19/12/2016 19:31,2117.32009,-48.85
19/12/2016 20:06,2105.32009,-48.63
19/12/2016 21:14,2093.32009,-48.54
19/12/2016 21:49,2099.32009,-48.53
19/12/2016 22:57,2078.32009,-48.02
19/12/2016 23:32,2080.32009,-48.38
20/12/2016 00:41,2059.32009,-48.51
20/12/2016 01:15,2081.32009,-48.59
20/12/2016 02:24,2075.32009,-47.97
20/12/2016 02:58,2073.32009,-48.5
20/12/2016 04:07,2057.32009,-48.47
20/12/2016 04:41,2085.32009,-48.53
20/12/2016 05:50,2100.32009,-48.72
20/12/2016 06:24,2103.32009,-48.3
20/12/2016 07:33,2086.32009,-48.48
20/12/2016 08:08,2108.32009,-48.48
20/12/2016 09:16,2061.32009,-48.23
20/12/2016 09:51,2090.32009,-48.16
20/12/2016 11:00,2078.32009,-48.6
20/12/2016 11:34,2084.32009,-48.53
20/12/2016 12:43,2085.32009,-48.34
20/12/2016 13:17,2094.32009,-48.64
20/12/2016 14:26,2089.32009,-48.44
20/12/2016 15:00,2083.32009,-48.39
20/12/2016 16:08,2123.32009,-48.25
20/12/2016 19:48,2173.32009,-48.52
20/12/2016 20:22,2213.32009,-48.05
20/12/2016 22:06,2157.32009,-48.47
20/12/2016 22:40,2207.32009,-48.7
20/12/2016 23:49,2216.32009,-48.75
21/12/2016 00:24,2240.32009,-48.71
21/12/2016 01:32,2328.32009,-49.18
21/12/2016 02:07,2392.32009,-49.34
21/12/2016 03:16,2443.32009,-49.39
21/12/2016 03:50,2410.32009,-49.25
21/12/2016 04:59,2353.32009,-49.38
21/12/2016 05:33,2389.32009,-49.5
21/12/2016 06:42,2315.32009,-49.1
21/12/2016 07:17,2289.32009,-48.92
21/12/2016 08:26,2286.32009,-49.26
21/12/2016 09:00,2270.32009,-49.11
21/12/2016 10:48,2127.32009,-47.72
21/12/2016 11:22,2141.32009,-48.28
22/12/2016 13:50,2011,-48.97
22/12/2016 14:24,2128,-48.41
22/12/2016 15:33,2085,-48.51
22/12/2016 16:08,2139,-48.58
22/12/2016 17:16,2141,-48.75
22/12/2016 17:51,2165,-48.77
22/12/2016 19:00,2121,-48.41
22/12/2016 19:34,2109,-48.42
22/12/2016 20:43,2106,-48.28
22/12/2016 21:17,2097,-48.2
22/12/2016 22:26,2101,-48.36
22/12/2016 23:00,2110,-48.39
23/12/2016 00:09,2099,-48.26
23/12/2016 00:44,2106,-48.13
23/12/2016 01:52,2075,-48.09
23/12/2016 02:27,2086,-48.21
23/12/2016 03:35,2101,-48.44
23/12/2016 04:10,2105,-48.56
23/12/2016 05:19,2121,-48.67
23/12/2016 05:53,2133,-48.71
23/12/2016 07:02,2148,-48.8
23/12/2016 07:36,2130,-48.73
23/12/2016 09:24,2158,-48.57
23/12/2016 09:59,2123,-48.71
23/12/2016 11:07,2120,-48.64
23/12/2016 11:42,2124,-48.48
23/12/2016 12:51,2083,-48.24
23/12/2016 13:25,2072,-48.35
23/12/2016 14:34,2078,-48.29
23/12/2016 15:08,2071,-48.04
23/12/2016 16:17,2083,-48.12
23/12/2016 16:51,2085,-48.15
23/12/2016 18:00,2025,-47.97
23/12/2016 18:34,2015,-48.26
23/12/2016 19:43,2011,-48.12
23/12/2016 20:18,2004,-47.98
23/12/2016 21:26,2012,-48.02
23/12/2016 22:01,2017,-47.87
23/12/2016 23:10,2012,-48.05
23/12/2016 23:44,2016,-47.87
24/12/2016 00:53,2019,-48.13
24/12/2016 01:27,2026,-48.29
24/12/2016 02:36,1991,-48.06
24/12/2016 03:10,1998,-47.86
24/12/2016 04:19,1974,-47.73
24/12/2016 04:53,1954,-47.52
24/12/2016 06:02,1965,-47.99
24/12/2016 06:37,1968,-48
24/12/2016 07:45,1972,-47.83
24/12/2016 08:20,1969,-47.71
24/12/2016 09:29,1983,-47.91
24/12/2016 10:03,1981,-47.88
24/12/2016 11:12,1968,-47.83
24/12/2016 11:46,1958,-47.95
24/12/2016 15:32,1964,-47.67
24/12/2016 16:07,1943,-47.79
24/12/2016 17:15,1948,-47.95
24/12/2016 17:50,1948,-48.07
24/12/2016 18:59,1966,-47.88
24/12/2016 19:33,1960,-47.92
24/12/2016 20:42,1959,-47.54
24/12/2016 21:16,1958,-47.8
24/12/2016 22:25,1956,-47.84
24/12/2016 22:59,1957,-47.7
25/12/2016 00:08,1948,-47.94
25/12/2016 00:42,1954,-47.86
25/12/2016 01:51,1961,-47.97
25/12/2016 02:26,1957,-47.97
25/12/2016 03:34,1951,-47.89
25/12/2016 04:09,1953,-47.78
25/12/2016 05:18,1950,-47.76
25/12/2016 05:52,1973,-47.75
25/12/2016 07:01,1976,-47.51
25/12/2016 07:35,1971,-47.94
25/12/2016 08:44,1955,-47.8
25/12/2016 09:18,1957,-47.85
25/12/2016 10:27,1975,-47.48
25/12/2016 11:01,1959,-47.7
25/12/2016 12:10,1956,-47.63
25/12/2016 12:45,1957,-47.78
25/12/2016 13:53,1946,-47.72
25/12/2016 14:28,1960,-47.63
25/12/2016 15:37,1962,-47.74
25/12/2016 16:11,1958,-47.84
25/12/2016 17:20,1957,-47.72
25/12/2016 17:54,1956,-47.83
25/12/2016 19:03,1963,-47.53
25/12/2016 19:37,1949,-47.77
25/12/2016 20:46,1946,-47.71
25/12/2016 21:20,1946,-47.5
25/12/2016 22:29,1952,-47.87
25/12/2016 23:04,1941,-47.92
26/12/2016 00:12,1949,-47.34
26/12/2016 00:47,1947,-47.77
26/12/2016 01:55,1944,-47.62
26/12/2016 02:30,1941,-47.62
26/12/2016 03:39,1932,-47.92
26/12/2016 04:13,1942,-47.57
26/12/2016 05:22,1944,-47.62
26/12/2016 05:56,1942,-47.87
26/12/2016 07:05,1916,-47.92
26/12/2016 07:39,1956,-47.71
26/12/2016 08:48,1954,-47.62
26/12/2016 09:22,1962,-47.87
26/12/2016 10:31,1960,-47.64
26/12/2016 11:06,1943,-47.84
26/12/2016 12:14,1942,-47.71
26/12/2016 12:49,1944,-47.72
27/12/2016 10:34,1934.084814,-47.96
27/12/2016 11:09,1938.084814,-47.78
27/12/2016 12:18,1940.084814,-47.74
27/12/2016 12:52,1949.084814,-47.71
27/12/2016 14:01,1951.084814,-47.63
27/12/2016 14:35,1947.084814,-47.71
27/12/2016 15:44,1954.084814,-47.68
27/12/2016 16:18,1957.084814,-47.65
27/12/2016 17:27,1958.084814,-47.62
27/12/2016 18:01,1955.084814,-47.74
27/12/2016 19:10,1950.084814,-47.6
27/12/2016 19:45,1948.084814,-47.64
27/12/2016 20:53,1954.084814,-47.55
27/12/2016 21:28,1950.084814,-47.69
27/12/2016 22:37,1945.084814,-47.72
27/12/2016 23:11,1964.084814,-47.82
28/12/2016 00:20,2028.084814,-48.21
28/12/2016 00:54,2003.084814,-48.4
28/12/2016 02:03,1976.084814,-47.84
28/12/2016 02:37,1960.084814,-48.02
28/12/2016 03:46,1969.084814,-47.93
28/12/2016 04:20,1984.084814,-47.87
28/12/2016 05:29,1944.084814,-47.58
28/12/2016 06:04,1945.084814,-47.62
28/12/2016 07:12,1956.084814,-47.59
28/12/2016 07:47,1950.084814,-47.69
28/12/2016 08:56,1947.084814,-47.83
28/12/2016 09:30,1944.084814,-47.76
24/01/2017 05:23,2410.313936,-49.69
24/01/2017 05:57,2417.313936,-49.88
24/01/2017 07:06,2490.313936,-50.16
24/01/2017 07:40,2461.313936,-49.95
24/01/2017 08:49,2465.313936,-50.2
24/01/2017 09:23,2390.313936,-49.82
24/01/2017 10:32,2310.313936,-49.66
24/01/2017 11:07,2318.313936,-49.47
24/01/2017 12:15,2321.313936,-49.67
24/01/2017 12:50,2318.313936,-49.64
24/01/2017 13:59,2289.313936,-49.4
24/01/2017 14:33,2263.313936,-49.23
24/01/2017 15:42,2259.313936,-49.24
24/01/2017 16:16,2229.313936,-49.1
24/01/2017 17:25,2249.313936,-49.12
24/01/2017 17:59,2236.313936,-49.26
24/01/2017 19:08,2156.313936,-48.77
24/01/2017 19:42,2159.313936,-48.94
24/01/2017 20:51,2177.313936,-48.82
24/01/2017 21:26,2221.313936,-48.99
24/01/2017 22:34,2279.313936,-49.4
24/01/2017 23:09,2300.313936,-49.52
25/01/2017 00:18,2374.313936,-49.76
25/01/2017 00:52,2295.313936,-49.41
25/01/2017 02:01,2293.313936,-49.46
25/01/2017 02:35,2305.313936,-49.47
25/01/2017 03:44,2224.313936,-48.88
25/01/2017 04:18,2210.313936,-48.86
25/01/2017 05:27,2209.313936,-48.82
25/01/2017 06:01,2218.313936,-48.92
25/01/2017 07:10,2232.313936,-48.83
25/01/2017 07:45,2247.313936,-48.98
25/01/2017 08:53,2209.313936,-48.88
25/01/2017 09:28,2222.313936,-48.92
25/01/2017 11:17,2331.313936,-49.6
25/01/2017 11:51,2306.313936,-49.24
25/01/2017 13:00,2285.313936,-49.22
25/01/2017 13:35,2249.313936,-48.87
25/01/2017 14:43,2233.313936,-48.65
25/01/2017 15:18,2176.313936,-48.56
25/01/2017 16:27,2197.313936,-48.71
25/01/2017 17:01,2161.313936,-48.4
25/01/2017 18:10,2226.313936,-49.28
25/01/2017 18:44,2222.313936,-49.33
25/01/2017 19:53,2190.313936,-48.88
25/01/2017 20:27,2114.313936,-48.4
25/01/2017 21:36,2101.313936,-48.47
25/01/2017 22:10,2083.313936,-48.22
25/01/2017 23:19,2111.313936,-48.38
25/01/2017 23:54,2154.313936,-48.61
26/01/2017 01:02,2062.313936,-47.87
26/01/2017 01:37,2078.313936,-47.96
26/01/2017 02:46,2259.313936,-49.24
26/01/2017 03:20,2247.313936,-49.19
26/01/2017 04:29,2227.313936,-49.02
26/01/2017 05:03,2244.313936,-49.08
26/01/2017 06:12,2334.313936,-49.54
26/01/2017 06:46,2346.313936,-49.63
26/01/2017 07:55,2352.313936,-49.51
26/01/2017 08:29,2334.313936,-49.42
26/01/2017 09:51,2301.313936,-49.59
26/01/2017 10:25,2288.313936,-49.43
26/01/2017 12:09,2212.313936,-48.99
26/01/2017 13:17,2148.313936,-48.6
26/01/2017 13:52,2154.313936,-48.59
26/01/2017 15:00,2168.313936,-48.81
26/01/2017 15:35,2163.313936,-48.75
26/01/2017 16:44,2195.313936,-49.27
26/01/2017 17:18,2204.313936,-48.98
26/01/2017 18:27,2195.313936,-49.19
26/01/2017 19:01,2204.313936,-49.25
26/01/2017 20:10,2183.313936,-49.15
26/01/2017 20:44,2193.313936,-49.24
26/01/2017 21:53,2208.313936,-49.28
26/01/2017 22:27,2215.313936,-49.34
26/01/2017 23:36,2226.313936,-49.24
27/01/2017 00:11,2238.313936,-49.54
27/01/2017 01:19,2258.313936,-49.74
27/01/2017 01:54,2244.313936,-49.29
27/01/2017 03:03,2215.313936,-49
27/01/2017 03:37,2228.313936,-49.2
27/01/2017 04:46,2277.313936,-49.58
27/01/2017 05:20,2282.313936,-49.48
27/01/2017 06:29,2259.313936,-49.43
27/01/2017 07:03,2255.313936,-49.04
27/01/2017 08:12,2250.313936,-49.4
27/01/2017 08:46,2267.313936,-49.5
27/01/2017 09:55,2233.313936,-49.05
27/01/2017 10:30,2206.313936,-48.79
27/01/2017 11:38,2170.313936,-48.86
27/01/2017 12:13,2176.313936,-48.67
27/01/2017 13:22,2171.313936,-48.65
27/01/2017 13:56,2176.313936,-48.98
27/01/2017 15:05,2194.313936,-49.09
27/01/2017 15:39,2236.313936,-49.68
27/01/2017 16:48,2259.313936,-49.52
27/01/2017 17:22,2257.313936,-49.12
27/01/2017 18:31,2219.313936,-49
27/01/2017 19:05,2219.313936,-48.99
27/01/2017 20:14,2209.313936,-49.04
27/01/2017 20:49,2228.313936,-48.99
27/01/2017 21:57,2269.313936,-49.11
27/01/2017 22:32,2288.313936,-49.3
27/01/2017 23:41,2244.313936,-49.18
28/01/2017 00:15,2266.313936,-49.19
28/01/2017 01:24,2290.313936,-49.31
28/01/2017 01:58,2238.313936,-49.08
28/01/2017 03:07,2255.313936,-49.28
28/01/2017 03:41,2254.313936,-49.34
28/01/2017 04:50,2227.313936,-49.28
28/01/2017 05:24,2230.313936,-49.1
28/01/2017 06:33,2197.313936,-49.09
28/01/2017 07:08,2212.313936,-49.31
28/01/2017 08:16,2229.313936,-49.52
28/01/2017 08:51,2243.313936,-49.5
28/01/2017 09:59,2215.313936,-49.47
28/01/2017 10:34,2144.313936,-49.07
28/01/2017 11:43,2094.313936,-48.87
28/01/2017 12:17,2103.313936,-48.84
28/01/2017 13:26,2141.313936,-49.11
28/01/2017 14:00,2152.313936,-49.19
28/01/2017 15:09,2168.313936,-49.15
28/01/2017 15:43,2162.313936,-48.98
28/01/2017 16:52,2215.313936,-49.31
28/01/2017 17:27,2226.313936,-49.43
28/01/2017 18:35,2210.313936,-49.45
28/01/2017 19:10,2173.313936,-49.3
28/01/2017 20:18,2198.313936,-49.52
28/01/2017 20:53,2224.313936,-49.67
28/01/2017 22:02,2160.313936,-49
28/01/2017 22:36,2190.313936,-49.13
28/01/2017 23:45,2232.313936,-49.55
29/01/2017 00:19,2206.313936,-49.2
29/01/2017 01:28,2141.313936,-48.8
29/01/2017 02:02,2132.313936,-48.51
29/01/2017 03:11,2139.313936,-48.91
29/01/2017 03:45,2140.313936,-48.9
29/01/2017 04:54,2131.313936,-48.79
29/01/2017 05:28,2130.313936,-48.7
29/01/2017 06:37,2180.313936,-49.44
29/01/2017 07:12,2216.313936,-49.59
29/01/2017 08:20,2180.313936,-49.39
29/01/2017 08:55,2154.313936,-49.34
29/01/2017 10:04,2124.313936,-48.74
29/01/2017 10:38,2110.313936,-48.64
29/01/2017 11:47,2083.313936,-48.31
29/01/2017 12:21,2074.313936,-48.35
29/01/2017 13:30,2028.313936,-48.17
29/01/2017 14:04,2036.313936,-47.96
29/01/2017 15:13,2027.313936,-48.04
29/01/2017 15:47,2045.313936,-48.17
29/01/2017 16:56,2071.313936,-48.4
29/01/2017 17:31,2075.313936,-48.42
29/01/2017 18:39,2114.313936,-48.78
29/01/2017 19:14,2111.313936,-48.74
29/01/2017 20:23,2188.313936,-49.5
29/01/2017 20:57,2144.313936,-49.12
29/01/2017 22:06,2139.313936,-49.18
29/01/2017 22:40,2123.313936,-49.14
29/01/2017 23:49,2110.313936,-48.88
30/01/2017 00:23,2108.313936,-48.96
30/01/2017 01:32,2106.313936,-48.88
30/01/2017 02:06,2078.313936,-48.69
30/01/2017 03:15,2104.313936,-48.81
30/01/2017 03:50,2085.313936,-48.8
30/01/2017 04:58,2130.313936,-48.84
30/01/2017 05:33,2111.313936,-48.82
30/01/2017 06:42,2125.313936,-48.91
30/01/2017 07:16,2128.313936,-49.04
30/01/2017 08:25,2143.313936,-49.06
30/01/2017 08:59,2133.313936,-48.8
30/01/2017 10:08,2122.313936,-48.5
30/01/2017 10:42,2096.313936,-48.36
30/01/2017 11:51,2086.313936,-48.49
30/01/2017 12:25,2071.313936,-48.29
30/01/2017 13:34,2100.313936,-48.59
30/01/2017 14:09,2082.313936,-48.35
30/01/2017 15:17,2052.313936,-48.4
30/01/2017 15:52,2048.313936,-48.01
30/01/2017 17:01,2059.313936,-48.25
30/01/2017 17:35,2044.313936,-48
30/01/2017 18:44,2029.313936,-48.1
30/01/2017 19:18,2032.313936,-48.12
30/01/2017 20:27,1993.313936,-47.82
30/01/2017 21:01,1987.313936,-47.76
30/01/2017 22:10,1995.313936,-47.72
30/01/2017 22:44,1997.313936,-47.92
30/01/2017 23:53,2002.313936,-47.86
31/01/2017 09:51,2151.740641,-47.74
31/01/2017 10:24,2113.740641,-47.76
31/01/2017 11:32,2016.740641,-47.79
31/01/2017 12:06,2042.740641,-47.89
31/01/2017 13:14,2101.740641,-48.01
31/01/2017 13:48,2106.740641,-47.87
31/01/2017 14:55,2151.740641,-48.45
31/01/2017 15:29,2158.740641,-48.24
31/01/2017 16:37,2202.740641,-48.75
31/01/2017 17:11,2225.740641,-48.53
31/01/2017 18:19,2262.740641,-48.96
31/01/2017 18:53,2283.740641,-49.04
31/01/2017 20:00,2193.740641,-48.31
31/01/2017 20:34,2269.740641,-48.63
31/01/2017 21:42,2129.740641,-48.46
31/01/2017 22:16,2179.740641,-48.21
31/01/2017 23:23,2106.740641,-48.42
31/01/2017 23:57,2160.740641,-48.43
01/02/2017 01:05,2155.740641,-48.5
01/02/2017 01:39,2210.740641,-48.41
01/02/2017 02:47,2197.740641,-48.43
01/02/2017 03:21,2284.740641,-48.5
01/02/2017 04:28,2207.740641,-48.66
01/02/2017 05:02,2206.740641,-48.55
01/02/2017 06:10,2189.740641,-48.33
01/02/2017 06:44,2130.740641,-48.52
01/02/2017 07:52,2120.740641,-48.44
01/02/2017 09:18,2150.793739,-48.42
01/02/2017 09:52,2149.793739,-48.27
01/02/2017 11:01,2141.793739,-48.32
01/02/2017 11:35,2117.793739,-48.48
01/02/2017 12:44,2108.793739,-48.46
01/02/2017 13:18,2117.793739,-48.66
01/02/2017 14:27,2131.793739,-48.39
01/02/2017 15:02,2108.793739,-48.61
01/02/2017 16:10,2126.793739,-48.75
01/02/2017 16:45,2126.793739,-48.75
01/02/2017 17:53,2190.793739,-48.95
01/02/2017 18:28,2183.793739,-48.61
01/02/2017 19:37,2189.793739,-48.86
01/02/2017 20:11,2187.793739,-48.67
01/02/2017 21:20,2204.793739,-49.04
01/02/2017 21:54,2195.793739,-48.66
01/02/2017 23:03,2196.793739,-48.87
01/02/2017 23:37,2195.793739,-48.75
02/02/2017 00:46,2173.793739,-48.73
02/02/2017 01:21,2166.793739,-48.9
02/02/2017 02:29,2172.793739,-48.89
02/02/2017 03:04,2183.793739,-49.03
02/02/2017 04:12,2201.793739,-49.34
02/02/2017 04:47,2211.793739,-49.08
02/02/2017 05:56,2225.793739,-49.4
02/02/2017 06:30,2238.793739,-49.51
02/02/2017 07:39,2211.793739,-49.51
02/02/2017 08:13,2218.793739,-49.5
02/02/2017 10:10,2158.793739,-49.29
02/02/2017 10:44,2144.793739,-49.15
02/02/2017 11:53,2100.793739,-49.35
02/02/2017 12:28,2176.793739,-49.49
02/02/2017 13:36,2160.793739,-49.21
02/02/2017 14:11,2129.793739,-48.91
02/02/2017 15:20,2132.793739,-48.74
02/02/2017 15:54,2116.793739,-48.54
02/02/2017 17:03,2157.793739,-48.71
02/02/2017 17:37,2143.793739,-48.81
02/02/2017 18:46,2198.793739,-48.58
02/02/2017 19:20,2203.793739,-48.26
02/02/2017 20:29,2179.793739,-48.54
02/02/2017 21:03,2150.793739,-48.62
02/02/2017 22:12,2160.793739,-48.86
02/02/2017 22:47,2172.793739,-49.02
02/02/2017 23:55,2221.793739,-49.25
03/02/2017 00:30,2216.793739,-49.35
03/02/2017 01:39,2230.793739,-49.5
03/02/2017 02:13,2221.793739,-49.44
03/02/2017 03:22,2205.793739,-49.42
03/02/2017 03:56,2224.793739,-49.31
03/02/2017 05:05,2226.793739,-49.24
03/02/2017 05:39,2235.793739,-49.45
03/02/2017 06:48,2217.793739,-49.65
03/02/2017 07:22,2248.793739,-49.75
03/02/2017 08:31,2283.793739,-50.27
03/02/2017 09:06,2295.793739,-50.28
03/02/2017 10:14,2300.793739,-50.23
03/02/2017 10:49,2299.793739,-50.37
03/02/2017 11:58,2262.793739,-50.2
03/02/2017 12:32,2281.793739,-50.03
03/02/2017 13:41,2272.793739,-50.1
03/02/2017 14:15,2205.793739,-49.26
03/02/2017 15:24,2183.793739,-49.18
03/02/2017 15:58,2193.793739,-49.73
03/02/2017 17:07,2224.793739,-49.64
03/02/2017 17:41,2173.793739,-49.34
03/02/2017 18:50,2173.793739,-49.56
03/02/2017 19:25,2199.793739,-49.56
03/02/2017 20:33,2257.793739,-49.7
03/02/2017 21:08,2249.793739,-49.73
03/02/2017 22:17,2224.793739,-49.38
03/02/2017 22:51,2168.793739,-48.94
04/02/2017 00:00,2110.793739,-48.57
04/02/2017 00:34,2147.793739,-48.76
04/02/2017 01:43,2158.793739,-48.8
04/02/2017 02:17,2132.793739,-48.69
04/02/2017 03:26,2129.793739,-48.53
04/02/2017 04:00,2130.793739,-48.87
04/02/2017 05:09,2146.793739,-48.89
04/02/2017 05:44,2129.793739,-48.79
04/02/2017 06:52,2133.793739,-48.79
04/02/2017 12:59,2061.206852,-48.72
04/02/2017 13:33,2038.206852,-48.9
04/02/2017 14:42,2022.206852,-49.1
04/02/2017 15:16,2025.206852,-49.19
04/02/2017 16:25,2082.206852,-48.62
04/02/2017 17:00,2060.206852,-48.59
04/02/2017 18:08,2056.206852,-48.27
04/02/2017 18:43,2060.206852,-48.39
04/02/2017 19:51,2063.206852,-48.41
04/02/2017 20:26,2081.206852,-48.73
04/02/2017 21:35,2062.206852,-48.47
04/02/2017 22:09,2066.206852,-48.68
04/02/2017 23:18,2117.206852,-48.84
04/02/2017 23:52,2113.206852,-48.97
05/02/2017 01:01,2113.206852,-48.96
05/02/2017 01:35,2128.206852,-48.84
05/02/2017 02:44,2111.206852,-49.09
05/02/2017 03:18,2098.206852,-48.7
05/02/2017 04:27,2131.206852,-48.96
05/02/2017 05:02,2133.206852,-48.82
05/02/2017 06:10,2176.206852,-49.25
05/02/2017 06:45,2185.206852,-49.43
05/02/2017 07:53,2216.206852,-49.62
05/02/2017 08:28,2216.206852,-49.51
05/02/2017 09:37,2248.206852,-49.74
05/02/2017 10:11,2274.206852,-50.01
05/02/2017 11:20,2288.206852,-50.18
05/02/2017 11:54,2293.206852,-50.07
05/02/2017 13:03,2255.206852,-50.26
05/02/2017 13:37,2240.206852,-50.23
05/02/2017 14:46,2214.206852,-50.09
05/02/2017 15:20,2215.206852,-50.06
05/02/2017 16:29,2215.206852,-49.81
05/02/2017 17:04,2268.206852,-50.09
05/02/2017 18:12,2177.206852,-49.3
05/02/2017 18:47,2179.206852,-49.13
05/02/2017 19:56,2249.206852,-49.77
05/02/2017 20:30,2247.206852,-49.53
05/02/2017 21:39,2293.206852,-49.35
05/02/2017 22:13,2295.206852,-49.59
05/02/2017 23:22,2251.206852,-49.34
05/02/2017 23:56,2257.206852,-49.33
06/02/2017 01:05,2225.206852,-48.91
06/02/2017 01:39,2241.206852,-48.83
06/02/2017 02:48,2254.206852,-48.86
06/02/2017 03:23,2249.206852,-48.47
06/02/2017 04:31,2245.206852,-48.28
06/02/2017 05:06,2244.206852,-48.43
06/02/2017 06:15,2242.206852,-48.35
06/02/2017 06:49,2250.206852,-48.31
06/02/2017 09:30,2245.206852,-48.85
06/02/2017 10:05,2265.206852,-48.71
06/02/2017 11:14,2237.206852,-48.43
06/02/2017 11:48,2228.206852,-48.25
06/02/2017 12:57,2210.206852,-48.38
06/02/2017 13:31,2211.206852,-48.32
06/02/2017 14:40,2181.206852,-48.39
06/02/2017 15:14,2166.206852,-48.2
06/02/2017 16:23,2144.206852,-48.01
06/02/2017 16:58,2145.206852,-48.13
06/02/2017 18:06,2140.206852,-47.94
06/02/2017 18:41,2142.206852,-48.11
06/02/2017 19:49,2120.206852,-48.12
06/02/2017 20:24,2100.206852,-48.18
06/02/2017 21:33,2067.206852,-48.11
06/02/2017 22:07,2064.206852,-48.05
06/02/2017 23:16,2065.206852,-48.04
06/02/2017 23:50,2063.206852,-48.09
07/02/2017 00:59,2059.206852,-48.32
07/02/2017 01:33,2075.206852,-48.09
07/02/2017 02:42,2061.206852,-48.06
07/02/2017 03:16,2048.206852,-48.16
07/02/2017 04:25,2054.206852,-48.03
07/02/2017 05:00,2038.206852,-47.89
07/02/2017 10:26,2005.645849,-47.92
07/02/2017 11:34,2009.645849,-47.84
07/02/2017 12:42,2012.645849,-47.94
07/02/2017 14:57,2019.645849,-47.85
07/02/2017 16:05,2026.645849,-47.7
07/02/2017 17:13,2032.645849,-47.88
07/02/2017 19:29,2003.645849,-47.8
07/02/2017 20:37,2000.645849,-47.95
07/02/2017 21:45,1995.645849,-47.71
08/02/2017 00:00,2018.645849,-47.91
08/02/2017 01:08,2055.645849,-48.1
08/02/2017 02:16,2036.645849,-47.9
08/02/2017 04:32,2024.645849,-47.77
08/02/2017 05:40,2032.645849,-47.91
08/02/2017 06:48,2031.645849,-47.77
08/02/2017 09:04,2039.645849,-47.82
08/02/2017 10:11,2034.645849,-47.83
08/02/2017 11:19,2020.645849,-47.81
08/02/2017 13:35,2016.645849,-47.96
08/02/2017 14:43,2026.645849,-47.91
08/02/2017 15:51,2022.645849,-47.98
08/02/2017 18:07,2025.645849,-47.84
08/02/2017 19:15,2029.645849,-47.9
08/02/2017 20:22,2021.645849,-47.8
08/02/2017 22:38,2016.645849,-47.66
08/02/2017 23:46,2019.645849,-47.84
09/02/2017 00:54,2014.645849,-47.75
09/02/2017 03:10,2008.645849,-47.86
09/02/2017 04:18,2014.645849,-47.73
09/02/2017 05:26,2017.645849,-47.85
09/02/2017 07:41,2017.645849,-47.88
09/02/2017 08:49,2019.645849,-47.92
09/02/2017 09:57,2015.645849,-48
09/02/2017 12:13,2045.645849,-47.84
09/02/2017 13:21,2038.645849,-47.81
09/02/2017 14:29,2047.645849,-47.89
09/02/2017 16:45,2046.645849,-47.95
09/02/2017 17:52,2060.645849,-47.77
09/02/2017 19:00,2056.645849,-47.81
09/02/2017 21:16,2071.645849,-47.83
09/02/2017 22:24,2085.645849,-47.81
09/02/2017 23:32,2091.645849,-47.93
10/02/2017 01:48,2097.645849,-47.98
10/02/2017 02:56,2084.645849,-47.92
10/02/2017 04:03,2084.645849,-47.79
10/02/2017 06:19,2086.645849,-47.81
10/02/2017 07:27,2091.645849,-47.82
10/02/2017 08:35,2079.645849,-47.79
10/02/2017 10:51,2087.645849,-47.76
10/02/2017 11:59,2096.645849,-47.83
10/02/2017 13:07,2095.645849,-47.85
10/02/2017 15:22,2110.645849,-47.89
10/02/2017 16:30,2104.645849,-47.84
10/02/2017 17:38,2121.645849,-48.01
11/02/2017 00:13,2123,-47.77
11/02/2017 01:21,2124,-47.75
11/02/2017 02:29,2130,-47.87
11/02/2017 04:45,2137,-47.86
11/02/2017 05:53,2150,-47.79
11/02/2017 07:01,2139,-47.87
11/02/2017 09:16,2135,-47.69
11/02/2017 10:24,2153,-47.87
11/02/2017 11:32,2149,-47.79
11/02/2017 13:48,2131,-47.74
11/02/2017 14:56,2128,-47.67
11/02/2017 16:04,2108,-47.69
11/02/2017 18:20,2095,-47.49
11/02/2017 19:27,2088,-47.71
11/02/2017 20:35,2083,-47.89
11/02/2017 22:51,2059,-47.65
11/02/2017 23:59,2050,-47.7
12/02/2017 01:07,2050,-47.76
12/02/2017 03:23,2043,-47.68
12/02/2017 04:31,2059,-47.69
12/02/2017 05:38,2071,-47.86
12/02/2017 07:54,2054,-47.67
12/02/2017 09:02,2053,-47.83
12/02/2017 10:10,2053,-47.66
12/02/2017 12:26,2045,-47.8
12/02/2017 13:34,2046,-47.88
12/02/2017 14:42,2051,-47.87
12/02/2017 16:57,2046,-47.68
12/02/2017 18:05,2060,-47.77
12/02/2017 19:13,2070,-47.98
12/02/2017 21:29,2107,-47.87
12/02/2017 22:37,2098,-47.8
12/02/2017 23:45,2097,-47.96
13/02/2017 02:01,2114,-47.93
13/02/2017 03:08,2115,-47.92
13/02/2017 04:16,2122,-48.02
13/02/2017 06:32,2127,-48.17
13/02/2017 07:40,2144,-48.02
13/02/2017 08:48,2140,-47.9
13/02/2017 11:04,2124,-47.74
13/02/2017 12:12,2115,-47.88
13/02/2017 13:19,2096,-47.65
13/02/2017 15:35,2075,-47.69
13/02/2017 16:43,2088,-47.73
13/02/2017 17:51,2104,-47.93
13/02/2017 20:07,2147,-47.88
13/02/2017 21:15,2119,-47.77
13/02/2017 22:23,2120,-47.83
14/02/2017 00:38,2105,-47.93
14/02/2017 01:46,2094,-47.96
14/02/2017 02:54,2079,-48
14/02/2017 05:10,2094,-48.1
14/02/2017 06:18,2107,-48.15
14/02/2017 07:26,2103,-48.28
14/02/2017 09:41,2111,-48.11
14/02/2017 10:49,2111,-48.23
14/02/2017 11:57,2112,-48.12
14/02/2017 14:13,2115,-48.08
14/02/2017 15:21,2125,-48.19
14/02/2017 16:29,2158,-48.35
14/02/2017 18:45,2183,-48.37
14/02/2017 21:45,2162,-48.85
15/02/2017 00:01,2291,-48.58
15/02/2017 01:09,2289,-48.39
15/02/2017 02:17,2277,-48.58
15/02/2017 04:32,2158,-47.94
15/02/2017 05:40,2351,-49.33
15/02/2017 06:48,2253,-48.81
15/02/2017 09:04,2110,-48.04
15/02/2017 10:12,2476,-50.42
15/02/2017 11:20,2548,-50.44
15/02/2017 13:36,2437,-50.37
15/02/2017 14:43,2401,-50.07
15/02/2017 15:51,2227,-49.41
15/02/2017 18:07,2541,-49.99
15/02/2017 19:15,2555,-50.19
15/02/2017 20:23,2478,-49.71
15/02/2017 22:39,2435,-50.08
15/02/2017 23:47,2266,-49.26
16/02/2017 00:55,2150,-48.61
16/02/2017 03:10,2081,-48.52
16/02/2017 04:18,2063,-48.41
16/02/2017 05:26,2064,-48.15
16/02/2017 07:42,2043,-48.07
16/02/2017 08:50,2047,-48.09
16/02/2017 09:58,2036,-47.84
16/02/2017 12:13,2065,-48.34
16/02/2017 13:21,2050,-48.14
16/02/2017 14:29,2022,-48.11
16/02/2017 16:45,2031,-47.92
16/02/2017 17:53,2041,-48.18
16/02/2017 19:01,2045,-48.38
16/02/2017 21:17,2061,-47.87
16/02/2017 22:24,2063,-47.92
16/02/2017 23:32,2052,-47.94
17/02/2017 01:48,2000,-47.89
17/02/2017 02:56,1991,-47.78
17/02/2017 04:04,1994,-47.78
17/02/2017 06:20,1992,-47.82
17/02/2017 07:28,1994,-47.84
17/02/2017 08:35,1985,-47.8
17/02/2017 10:51,1970,-47.63
17/02/2017 11:59,1975,-47.67
17/02/2017 13:07,1978,-47.63
17/02/2017 15:23,1970,-47.79
17/02/2017 16:31,1994,-47.7
17/02/2017 17:39,2002,-47.87
17/02/2017 19:54,2011,-47.7
17/02/2017 21:02,2015,-47.84
17/02/2017 22:10,2003,-47.9
18/02/2017 00:26,1983,-47.75
18/02/2017 01:34,2000,-47.63
18/02/2017 02:42,1992,-47.64
18/02/2017 04:58,1989,-47.87
18/02/2017 06:05,1996,-47.84
18/02/2017 07:13,2022,-47.68
18/02/2017 09:29,2052,-48.22
18/02/2017 10:37,2077,-48.3
18/02/2017 11:45,2068,-48.08
18/02/2017 14:37,2074,-48.36
18/02/2017 15:45,2104,-48.35
18/02/2017 16:52,2148,-48.48
18/02/2017 19:08,2202,-48.78
18/02/2017 20:16,2225,-48.88
18/02/2017 21:24,2271,-49.41
18/02/2017 23:40,2430,-50.02
19/02/2017 00:48,2382,-49.67
19/02/2017 01:55,2279,-48.99
19/02/2017 04:11,2184,-48.61
19/02/2017 05:19,2173,-48.36
19/02/2017 06:27,2162,-48.26
19/02/2017 08:43,2102,-47.98
19/02/2017 09:51,2081,-47.92
19/02/2017 10:59,2058,-47.98
19/02/2017 13:14,2022,-47.58
19/02/2017 14:22,2017,-47.83
19/02/2017 15:30,1982,-47.79
19/02/2017 17:46,1979,-47.64
19/02/2017 18:54,1993,-47.86
19/02/2017 20:02,2005,-47.73
19/02/2017 22:18,2039,-48.03
19/02/2017 23:25,2062,-48.29
20/02/2017 00:33,2096,-48.53
20/02/2017 02:49,2091,-48.56
20/02/2017 03:57,2034,-48.2
20/02/2017 05:05,2024,-47.98
20/02/2017 07:21,2046,-48.16
20/02/2017 08:29,2068,-48.24
20/02/2017 09:36,2029,-48.09
20/02/2017 11:52,2005,-47.91
20/02/2017 13:00,1978,-47.68
20/02/2017 14:08,1970,-47.82
20/02/2017 16:24,1949,-47.59
20/02/2017 17:32,1937,-47.69
20/02/2017 18:40,1935,-47.58
20/02/2017 20:55,1928,-47.46
23/02/2017 14:57,1974.932376,-47.76
23/02/2017 15:31,1997.932376,-48.11
23/02/2017 16:40,2055.932376,-48.33
23/02/2017 17:14,2024.932376,-48.22
23/02/2017 18:23,1958.932376,-47.98
23/02/2017 18:58,1955.932376,-47.83
23/02/2017 20:06,1941.932376,-47.68
23/02/2017 20:41,1942.932376,-47.79
23/02/2017 21:49,1960.932376,-47.78
23/02/2017 22:24,1957.932376,-47.88
23/02/2017 23:33,1921.932376,-47.62
24/02/2017 00:07,1934.932376,-47.7
24/02/2017 01:16,1926.932376,-47.62
24/02/2017 01:50,1929.932376,-47.72
24/02/2017 02:59,1933.932376,-47.62
24/02/2017 03:33,1937.932376,-47.65
24/02/2017 04:42,1928.932376,-47.73
24/02/2017 05:17,1936.932376,-47.81
24/02/2017 06:25,1928.932376,-47.52
24/02/2017 07:00,1932.932376,-47.6
24/02/2017 08:08,1951.932376,-47.66
24/02/2017 08:43,1954.932376,-47.58
24/02/2017 09:52,1942.932376,-47.66
24/02/2017 10:26,1942.932376,-47.6
24/02/2017 11:35,1941.932376,-47.58
24/02/2017 12:09,1939.932376,-47.69
24/02/2017 13:18,1940.932376,-47.69
24/02/2017 13:52,1941.932376,-47.66
24/02/2017 15:01,1950.932376,-47.65
24/02/2017 15:35,1950.932376,-47.83
24/02/2017 16:44,1947.932376,-47.54
24/02/2017 17:19,1950.932376,-47.48
24/02/2017 18:27,1949.932376,-47.61
24/02/2017 19:02,1952.932376,-47.81
24/02/2017 20:11,1947.932376,-47.62
24/02/2017 20:45,1949.932376,-47.88
24/02/2017 21:54,2063.932376,-48.64
24/02/2017 22:28,2040.932376,-48.38
24/02/2017 23:37,2050.932376,-48.28
25/02/2017 00:11,2114.932376,-48.74
25/02/2017 01:20,2105.932376,-48.81
25/02/2017 01:54,2146.932376,-49.19
25/02/2017 03:03,2161.932376,-49.01
25/02/2017 03:38,2179.932376,-49.24
25/02/2017 04:46,2146.932376,-48.79
25/02/2017 05:21,2170.932376,-48.56
25/02/2017 06:30,2141.932376,-48.46
25/02/2017 07:04,2142.932376,-48.65
25/02/2017 08:13,2137.932376,-48.81
25/02/2017 08:47,2156.932376,-48.85
25/02/2017 09:56,2143.932376,-48.52
25/02/2017 10:30,2130.932376,-48.66
25/02/2017 11:39,2127.932376,-48.05
26/02/2017 14:58,2019.219528,-48.1
26/02/2017 15:33,2034.219528,-48.18
26/02/2017 16:41,2079.219528,-48.23
26/02/2017 17:16,2080.219528,-48.1
26/02/2017 18:25,2043.219528,-48.25
26/02/2017 18:59,2051.219528,-48.16
26/02/2017 20:08,1997.219528,-47.82
26/02/2017 20:42,2016.219528,-48.05
26/02/2017 21:51,1964.219528,-47.74
26/02/2017 22:25,1961.219528,-47.79
26/02/2017 23:34,1970.219528,-47.96
27/02/2017 00:09,1970.219528,-47.78
27/02/2017 01:17,1995.219528,-47.97
27/02/2017 01:52,1992.219528,-48.03
27/02/2017 03:00,2007.219528,-48.08
27/02/2017 03:35,2012.219528,-48.16
27/02/2017 04:44,2039.219528,-48.16
27/02/2017 05:18,2053.219528,-48.23
27/02/2017 06:27,2052.219528,-48.29
27/02/2017 07:01,2043.219528,-48.17
27/02/2017 08:10,2013.219528,-48.08
27/02/2017 08:44,2013.219528,-48.05
27/02/2017 09:53,1991.219528,-48.01
27/02/2017 10:27,1991.219528,-48.02
27/02/2017 11:36,1979.219528,-47.79
27/02/2017 12:11,1983.219528,-47.95
27/02/2017 13:19,1994.219528,-48.24
27/02/2017 13:54,1981.219528,-47.89
27/02/2017 15:03,1971.219528,-47.76
27/02/2017 15:37,1978.219528,-47.87
27/02/2017 16:46,1989.219528,-47.98
27/02/2017 17:20,1964.219528,-47.91
27/02/2017 18:29,1957.219528,-47.75
27/02/2017 19:03,1969.219528,-48.09
27/02/2017 20:12,1988.219528,-47.87
27/02/2017 20:46,1996.219528,-47.86
27/02/2017 21:55,1972.219528,-47.74
27/02/2017 22:30,1970.219528,-47.69
27/02/2017 23:38,1971.219528,-47.8
28/02/2017 00:13,1972.219528,-47.7
28/02/2017 01:22,1956.219528,-47.89
28/02/2017 01:56,1982.219528,-47.95
28/02/2017 03:05,1959.219528,-47.78
28/02/2017 03:39,1966.219528,-48
28/02/2017 04:48,1975.219528,-47.92
28/02/2017 05:22,1967.219528,-48
28/02/2017 06:31,1976.219528,-47.97
28/02/2017 07:05,1981.219528,-47.97
28/02/2017 08:14,1976.219528,-47.86
28/02/2017 08:49,1988.219528,-48.02
28/02/2017 09:57,2005.219528,-47.99
28/02/2017 10:32,2001.219528,-47.95
28/02/2017 11:41,1970.219528,-47.9
28/02/2017 13:09,1958.219528,-47.75
28/02/2017 13:43,1956.219528,-47.85
28/02/2017 14:52,1981.219528,-47.63
28/02/2017 15:26,1963.219528,-47.69
28/02/2017 16:35,1955.219528,-47.61
28/02/2017 17:09,1959.219528,-47.76
28/02/2017 18:18,1966.219528,-47.81
28/02/2017 18:52,1985.219528,-47.94
28/02/2017 20:01,1995.219528,-48.04
28/02/2017 20:36,1995.219528,-48
28/02/2017 21:44,2033.219528,-48.27
28/02/2017 22:19,2042.219528,-48.42
01/03/2017 13:54,1956.445457,-47.72
01/03/2017 14:28,1960.445457,-47.74
01/03/2017 15:37,1979.445457,-48.04
01/03/2017 16:11,1977.445457,-47.83
01/03/2017 17:20,1994.445457,-48.04
01/03/2017 17:55,2007.445457,-48.34
01/03/2017 19:03,2046.445457,-48.42
01/03/2017 19:38,2058.445457,-48.61
01/03/2017 20:47,2119.445457,-48.51
01/03/2017 21:21,2159.445457,-48.94
01/03/2017 22:30,2175.445457,-49.17
01/03/2017 23:04,2213.445457,-49.37
02/03/2017 00:13,2185.445457,-49.26
02/03/2017 00:47,2125.445457,-48.69
02/03/2017 01:56,2024.445457,-48.04
02/03/2017 02:30,2002.445457,-48.15
02/03/2017 03:39,1998.445457,-47.92
02/03/2017 04:14,2014.445457,-48.1
02/03/2017 05:22,1978.445457,-47.76
02/03/2017 05:57,1949.445457,-47.8
02/03/2017 07:06,1973.445457,-47.76
02/03/2017 07:40,1985.445457,-47.85
02/03/2017 08:49,1955.445457,-48
02/03/2017 09:23,1954.445457,-47.86
02/03/2017 10:32,1969.445457,-47.96
02/03/2017 11:06,1977.445457,-47.87
02/03/2017 12:15,1965.445457,-47.9
02/03/2017 12:49,1972.445457,-48.05
04/03/2017 10:49,2262.817542,-49.45
04/03/2017 11:23,2201.817542,-49.71
04/03/2017 12:32,2118.817542,-49.14
04/03/2017 13:06,2104.817542,-49.07
04/03/2017 14:15,2080.817542,-48.63
04/03/2017 14:49,2093.817542,-48.73
04/03/2017 15:58,2156.817542,-48.7
04/03/2017 16:33,2120.817542,-48.54
04/03/2017 17:41,2100.817542,-48.6
04/03/2017 18:16,2085.817542,-48.6
04/03/2017 19:25,2061.817542,-48.33
04/03/2017 19:59,2096.817542,-48.43
04/03/2017 21:08,2259.817542,-48.71
04/03/2017 21:42,2232.817542,-48.6
04/03/2017 22:51,2313.817542,-49.4
04/03/2017 23:25,1971.817542,-47.8
05/03/2017 00:34,2022.817542,-48.11
05/03/2017 01:08,2001.817542,-47.97
05/03/2017 02:17,1959.817542,-47.83
05/03/2017 02:51,1950.817542,-47.74
05/03/2017 04:00,1984.817542,-47.86
05/03/2017 04:34,2067.817542,-48.56
05/03/2017 05:43,2087.817542,-48.39
05/03/2017 06:18,2135.817542,-48.55
05/03/2017 07:26,2052.817542,-48.28
05/03/2017 08:01,2042.817542,-48.1
05/03/2017 09:10,2045.817542,-48.07
05/03/2017 09:44,2030.817542,-47.99
05/03/2017 10:53,2008.817542,-47.8
05/03/2017 11:27,1994.817542,-47.76
05/03/2017 12:36,1982.817542,-47.77
05/03/2017 13:10,1979.817542,-47.7
05/03/2017 14:19,1998.817542,-47.75
05/03/2017 14:53,1993.817542,-47.93
05/03/2017 16:02,1975.817542,-47.75
05/03/2017 16:37,1986.817542,-48.07
05/03/2017 17:45,1979.817542,-48.12
05/03/2017 18:20,1985.817542,-47.99
05/03/2017 19:29,1982.817542,-47.93
05/03/2017 20:03,1988.817542,-48.08
05/03/2017 21:12,1995.817542,-47.9
05/03/2017 21:46,2003.817542,-48.1
05/03/2017 22:55,2026.817542,-48.09
05/03/2017 23:29,2041.817542,-48.3
06/03/2017 00:38,2069.817542,-48.29
06/03/2017 01:12,2071.817542,-48.49
06/03/2017 02:21,2054.817542,-48.43
06/03/2017 02:56,2072.817542,-48.4
06/03/2017 04:04,2072.817542,-48.53
06/03/2017 04:39,2100.817542,-48.67
06/03/2017 05:48,2116.817542,-48.6
06/03/2017 06:22,2124.817542,-48.72
06/03/2017 07:31,2203.817542,-48.98
06/03/2017 11:16,2109.817542,-48.77
06/03/2017 11:50,2122.817542,-48.61
06/03/2017 12:59,2096.817542,-48.41
06/03/2017 13:34,2153.817542,-48.61
06/03/2017 14:42,2085.817542,-48.42
06/03/2017 15:17,2060.817542,-48.18
06/03/2017 16:26,2064.817542,-48.04
06/03/2017 17:00,2055.817542,-48.11
06/03/2017 18:09,2032.817542,-47.88
06/03/2017 18:43,2015.817542,-47.8
06/03/2017 19:52,1998.817542,-47.68
06/03/2017 20:26,2002.817542,-47.77
06/03/2017 21:35,2003.817542,-48.09
06/03/2017 22:09,2010.817542,-47.98
06/03/2017 23:18,2032.817542,-48.06
06/03/2017 23:53,2032.817542,-48.05
07/03/2017 01:01,2025.817542,-48.02
07/03/2017 01:36,2017.817542,-47.97
07/03/2017 02:44,2019.817542,-47.83
07/03/2017 03:19,2034.817542,-47.85
07/03/2017 04:28,2105.817542,-47.34
07/03/2017 05:02,2067.817542,-47.62
07/03/2017 06:11,2005.817542,-47.86
07/03/2017 06:45,2014.817542,-47.88
07/03/2017 07:54,2021.817542,-48.09
07/03/2017 08:28,2017.817542,-48.03
07/03/2017 09:37,2014.817542,-47.87
07/03/2017 10:12,2022.817542,-47.99
07/03/2017 11:20,2024.817542,-48
07/03/2017 11:55,2011.817542,-47.96
07/03/2017 13:03,2002.817542,-47.92
07/03/2017 13:38,2002.817542,-48.09
07/03/2017 14:47,2000.817542,-47.96
07/03/2017 15:21,2001.817542,-47.94
07/03/2017 16:30,1997.817542,-47.94
07/03/2017 17:04,1998.817542,-47.77
07/03/2017 18:13,2039.817542,-48.17
07/03/2017 18:47,2044.817542,-48.21
07/03/2017 19:56,2073.817542,-48.35
07/03/2017 20:30,2065.817542,-48.24
07/03/2017 21:39,2100.817542,-48.42
07/03/2017 22:14,2117.817542,-48.03
07/03/2017 23:22,2177.817542,-48.57
07/03/2017 23:57,2161.817542,-48.48
08/03/2017 01:06,2260.817542,-49.25
08/03/2017 01:40,2302.817542,-49.55
08/03/2017 02:49,2293.817542,-49.59
08/03/2017 03:23,2272.817542,-49.38
08/03/2017 04:32,2246.817542,-49.15
08/03/2017 05:06,2257.817542,-49.48
08/03/2017 06:15,2215.817542,-49.22
08/03/2017 06:49,2189.817542,-49.2
08/03/2017 07:58,2188.817542,-48.93
08/03/2017 09:18,2233.817542,-49.21
08/03/2017 09:52,2159.817542,-48.76
08/03/2017 11:01,2040.817542,-48.23
08/03/2017 11:36,2024.817542,-48.22
08/03/2017 12:44,2034.817542,-48.03
08/03/2017 13:19,2038.817542,-48.08
08/03/2017 14:28,2060.817542,-48.06
08/03/2017 15:02,2063.817542,-48.22
08/03/2017 16:11,2086.817542,-48.16
08/03/2017 16:45,2024.817542,-47.7
08/03/2017 17:54,1988.817542,-47.5
08/03/2017 18:28,1984.817542,-47.71
08/03/2017 19:37,1971.817542,-47.65
08/03/2017 20:11,1969.817542,-47.7
08/03/2017 21:20,1984.817542,-47.69
08/03/2017 21:55,1990.817542,-47.75
08/03/2017 23:03,2008.817542,-47.94
08/03/2017 23:38,2015.817542,-47.85
09/03/2017 00:47,2114.817542,-48.52
09/03/2017 01:21,2192.817542,-49.13
09/03/2017 02:30,2202.817542,-49.15
09/03/2017 03:04,2240.817542,-49.2
09/03/2017 04:13,2180.817542,-48.82
09/03/2017 04:47,2192.817542,-48.94
09/03/2017 05:56,2208.817542,-48.94
09/03/2017 06:30,2228.817542,-48.92
09/03/2017 07:39,2201.817542,-48.81
09/03/2017 08:14,2209.817542,-48.95
09/03/2017 09:22,2234.817542,-49.32
09/03/2017 09:57,2214.817542,-49.37
09/03/2017 11:06,2193.817542,-49.17
09/03/2017 11:40,2172.817542,-48.88
09/03/2017 12:49,2029.817542,-47.94
09/03/2017 13:23,1997.817542,-47.82
09/03/2017 14:32,1976.817542,-47.81
09/03/2017 15:06,1973.817542,-47.68
09/03/2017 16:15,1961.817542,-47.86
09/03/2017 16:49,1956.817542,-47.75
09/03/2017 17:58,1953.817542,-47.53
09/03/2017 18:33,1958.817542,-47.7
09/03/2017 19:41,1950.817542,-47.55
09/03/2017 20:16,1951.817542,-47.65
09/03/2017 21:24,1943.817542,-47.73
09/03/2017 21:59,1945.817542,-47.63
09/03/2017 23:08,1951.817542,-47.6
09/03/2017 23:42,1957.817542,-47.63
10/03/2017 00:51,1950.817542,-47.54
10/03/2017 01:25,1954.817542,-47.6
10/03/2017 02:34,1949.817542,-47.77
10/03/2017 03:08,1948.817542,-47.57
10/03/2017 04:17,1951.817542,-47.74
10/03/2017 04:52,1953.817542,-47.59
10/03/2017 06:00,1956.817542,-47.75
10/03/2017 10:49,1946.817542,-47.8
10/03/2017 11:23,1954.817542,-47.44
10/03/2017 12:32,1962.817542,-47.52
10/03/2017 13:07,1961.817542,-47.58
10/03/2017 14:15,1949.817542,-47.54
10/03/2017 14:50,1953.817542,-47.58
10/03/2017 15:59,1951.817542,-47.54
10/03/2017 16:33,1950.817542,-47.64
10/03/2017 17:42,1966.817542,-47.47
10/03/2017 18:16,1980.817542,-47.2
10/03/2017 19:25,1996.817542,-47.13
10/03/2017 19:59,1982.817542,-47.47
10/03/2017 21:08,1958.817542,-47.45
10/03/2017 21:42,1962.817542,-47.24
10/03/2017 22:51,2115.817542,-48.49
10/03/2017 23:26,2118.817542,-48.29
11/03/2017 00:34,2092.817542,-48.39
11/03/2017 01:09,2136.817542,-48.49
11/03/2017 02:17,2115.817542,-48.77
11/03/2017 02:52,2153.817542,-48.91
11/03/2017 04:01,2189.817542,-48.83
11/03/2017 04:35,2202.817542,-48.9
11/03/2017 05:44,2231.817542,-49.03
11/03/2017 06:18,2201.817542,-48.89
11/03/2017 07:27,2288.817542,-49.18
11/03/2017 08:01,2251.817542,-49.34
11/03/2017 09:10,2303.817542,-49.11
11/03/2017 09:45,2339.817542,-49.06
11/03/2017 10:53,2228.817542,-48.89
11/03/2017 11:28,2139.817542,-48.46
11/03/2017 12:36,2078.817542,-48.2
11/03/2017 13:11,2064.817542,-47.99
11/03/2017 14:20,2055.817542,-48.25
11/03/2017 14:54,2069.817542,-48.19
11/03/2017 16:03,2098.817542,-48.35
11/03/2017 16:37,2092.817542,-48.52
11/03/2017 17:46,2127.817542,-48.86
11/03/2017 18:20,2077.817542,-48.59
11/03/2017 19:29,2202.817542,-49.44
11/03/2017 20:03,2210.817542,-49.32
11/03/2017 21:12,2154.817542,-48.91
11/03/2017 21:47,2149.817542,-48.79
11/03/2017 22:55,2148.817542,-48.71
11/03/2017 23:30,2161.817542,-48.82
12/03/2017 00:39,2145.817542,-48.79
12/03/2017 01:13,2133.817542,-48.55
12/03/2017 02:22,2129.817542,-48.45
12/03/2017 02:56,2122.817542,-48.42
12/03/2017 04:05,2125.817542,-48.48
12/03/2017 04:39,2132.817542,-48.54
12/03/2017 05:48,2150.817542,-48.55
12/03/2017 06:22,2143.817542,-48.47
12/03/2017 07:31,2158.817542,-48.77
12/03/2017 13:38,2022.934375,-48.04
12/03/2017 14:12,2038.934375,-48.27
12/03/2017 15:21,2049.934375,-48.05
12/03/2017 15:55,2043.934375,-48.16
12/03/2017 17:34,2036,-48.28
12/03/2017 18:41,2090,-48.41
12/03/2017 19:15,2077,-48.27
12/03/2017 20:23,2123,-48.59
12/03/2017 20:57,2049,-48.54
12/03/2017 22:05,2139,-48.71
12/03/2017 22:39,2135,-48.71
12/03/2017 23:46,2106,-48.68
13/03/2017 00:20,2067,-48.72
13/03/2017 01:28,2151,-48.85
13/03/2017 02:02,2127,-48.69
13/03/2017 03:09,2244,-49.13
13/03/2017 03:43,2123,-48.37
13/03/2017 04:51,2174,-48.65
13/03/2017 05:25,2241,-48.78
13/03/2017 06:33,2248,-48.78
13/03/2017 07:07,2196,-48.84
13/03/2017 08:14,2373,-49.46
13/03/2017 08:48,2403,-50.01
13/03/2017 09:56,2351,-49.37
13/03/2017 10:30,2278,-49.31
13/03/2017 11:38,2130,-48.57
13/03/2017 12:11,2125,-48.45
13/03/2017 13:19,2143,-48.3
13/03/2017 13:53,2088,-48.28
13/03/2017 15:01,2027,-47.97
13/03/2017 15:35,2018,-48.01
13/03/2017 16:42,2000,-47.75
13/03/2017 17:16,1891,-47.62
13/03/2017 18:24,1909,-47.57
13/03/2017 18:58,1962,-47.74
13/03/2017 20:06,1918,-47.54
13/03/2017 20:39,1923,-47.6
13/03/2017 21:47,2013,-48.24
13/03/2017 22:21,2098,-48.37
13/03/2017 23:29,2063,-48.39
14/03/2017 00:03,2025,-48.37
14/03/2017 01:10,2056,-48.75
14/03/2017 01:44,2071,-48.69
14/03/2017 02:52,2088,-48.63
14/03/2017 03:26,2013,-48.4
14/03/2017 04:34,2140,-48.72
14/03/2017 05:07,2148,-48.89
14/03/2017 06:15,2217,-49.32
14/03/2017 06:49,2140,-48.73
14/03/2017 07:57,2138,-48.73
14/03/2017 08:31,2123,-48.75
14/03/2017 09:38,2025,-48.11
14/03/2017 10:12,2057,-48.15
14/03/2017 11:20,1972,-47.7
14/03/2017 11:54,2046,-47.97
14/03/2017 13:02,1966,-47.87
14/03/2017 16:21,2064,-48
14/03/2017 17:29,2039,-48.05
14/03/2017 18:02,2074,-48.14
14/03/2017 19:10,2058,-48.09
14/03/2017 19:44,1982,-48.05
14/03/2017 20:52,2037,-48
14/03/2017 21:26,2051,-48.02
14/03/2017 22:33,2092,-48.26
14/03/2017 23:07,2031,-48.26
15/03/2017 00:15,2050,-48.18
15/03/2017 00:49,2005,-48.17
15/03/2017 01:57,1964,-47.84
15/03/2017 02:30,1965,-47.95
15/03/2017 03:38,1923,-47.59
15/03/2017 04:12,1948,-47.55
15/03/2017 05:20,1942,-47.61
15/03/2017 05:54,1911,-47.56
15/03/2017 07:01,1968,-47.72
15/03/2017 07:35,1936,-47.59
15/03/2017 08:43,1942,-47.51
15/03/2017 09:17,1895,-47.6
15/03/2017 10:25,1921,-47.63
15/03/2017 10:58,1973,-47.78
15/03/2017 12:06,1919,-47.74
15/03/2017 12:40,1898,-47.53
15/03/2017 13:48,1953,-47.75
15/03/2017 14:22,1981,-47.69
15/03/2017 15:29,1958,-47.73
15/03/2017 16:03,1981,-47.84
15/03/2017 17:11,1964,-47.54
15/03/2017 17:45,2059,-47.81
19/03/2017 18:43,1956.02554,-47.68
19/03/2017 19:51,1956.02554,-47.62
19/03/2017 20:59,1970.02554,-47.72
19/03/2017 22:07,1945.02554,-47.69
20/03/2017 00:23,1966.02554,-47.71
20/03/2017 01:31,1909.02554,-47.6
20/03/2017 02:39,1933.02554,-47.79
20/03/2017 03:47,1937.02554,-47.72
20/03/2017 06:03,2022.02554,-47.91
20/03/2017 07:11,1971.02554,-47.98
20/03/2017 08:19,1941.02554,-47.77
20/03/2017 09:27,1946.02554,-47.6
20/03/2017 11:43,1981.02554,-47.56
20/03/2017 12:51,1979.02554,-47.78
20/03/2017 13:59,1973.02554,-47.77
20/03/2017 15:07,1986.02554,-47.86
20/03/2017 17:23,1922.02554,-47.34
20/03/2017 18:31,1975.02554,-47.63
20/03/2017 19:39,1964.02554,-47.49
20/03/2017 20:47,1969.02554,-47.68
20/03/2017 23:03,1976.02554,-47.57
21/03/2017 00:11,1989.02554,-47.64
21/03/2017 01:19,1981.02554,-47.75
21/03/2017 02:27,2038.02554,-48.11
21/03/2017 04:43,2003.02554,-48.19
21/03/2017 05:51,2013.02554,-48.13
21/03/2017 06:59,1997.02554,-47.94
21/03/2017 08:07,1973.02554,-47.79
21/03/2017 10:23,1993.02554,-47.65
21/03/2017 11:31,1953.02554,-47.74
21/03/2017 12:39,1955.02554,-47.85
22/03/2017 23:48,2083.183792,-48.2
23/03/2017 00:56,2115.183792,-48.3
23/03/2017 02:04,2083.183792,-48.38
23/03/2017 03:12,2115.183792,-48.54
23/03/2017 05:28,2068.183792,-48.06
23/03/2017 06:36,2076.183792,-48.07
23/03/2017 07:44,2116.183792,-48.13
23/03/2017 08:52,2047.183792,-48.04
23/03/2017 11:08,2027.183792,-48.11
23/03/2017 12:16,2035.183792,-48.01
23/03/2017 13:24,2039.183792,-48.06
23/03/2017 14:32,1968.183792,-47.8
23/03/2017 16:49,1963.183792,-47.75
23/03/2017 17:57,1961.183792,-47.73
23/03/2017 19:05,1977.183792,-47.67
23/03/2017 20:13,1996.183792,-47.85
23/03/2017 22:29,1933.183792,-47.77
23/03/2017 23:37,1941.183792,-47.57
24/03/2017 00:45,1996.183792,-48.24
24/03/2017 01:53,2025.183792,-48.02
24/03/2017 04:09,2030.183792,-48.03
24/03/2017 05:17,2002.183792,-47.87
24/03/2017 06:25,1987.183792,-47.9
24/03/2017 07:33,2029.183792,-48
24/03/2017 09:49,1987.183792,-47.74
24/03/2017 10:57,2022.183792,-47.93
24/03/2017 12:05,2010.183792,-47.62
24/03/2017 13:13,2015.183792,-47.9
24/03/2017 15:29,2029.183792,-47.89
24/03/2017 16:37,1994.183792,-47.92
24/03/2017 17:45,2035.183792,-47.87
24/03/2017 18:53,2022.183792,-47.8
24/03/2017 21:09,2002.183792,-47.9
24/03/2017 22:17,1969.183792,-47.77
24/03/2017 23:25,1957.183792,-47.61
25/03/2017 00:33,1922.183792,-47.56
25/03/2017 02:49,1976.183792,-47.47
25/03/2017 03:57,1964.183792,-47.6
25/03/2017 05:05,1948.183792,-47.67
25/03/2017 06:13,1956.183792,-47.7
25/03/2017 08:29,1942.183792,-47.5
25/03/2017 09:37,1949.183792,-47.56
25/03/2017 10:45,1937.183792,-47.42
25/03/2017 11:53,1976.183792,-47.54
25/03/2017 14:09,1909.183792,-47.38
25/03/2017 17:25,1910.183792,-47.72
25/03/2017 18:33,1898.183792,-47.66
25/03/2017 19:41,1927.183792,-47.85
25/03/2017 20:49,1914.183792,-47.92
25/03/2017 23:05,1882.183792,-47.43
26/03/2017 00:13,1941.183792,-47.54
26/03/2017 01:21,1938.183792,-47.9
26/03/2017 02:29,1944.183792,-47.79
26/03/2017 04:45,1935.183792,-47.61
26/03/2017 05:53,1959.183792,-47.75
26/03/2017 07:01,1959.183792,-47.83
26/03/2017 08:09,1939.183792,-47.61
26/03/2017 10:25,2070.183792,-48.47
26/03/2017 11:33,1983.183792,-47.66
26/03/2017 12:41,1980.183792,-47.82
26/03/2017 13:49,1913.183792,-47.51
26/03/2017 16:05,1968.183792,-47.57
26/03/2017 17:13,1905.183792,-47.44
26/03/2017 18:21,1968.183792,-47.53
26/03/2017 19:29,1963.183792,-47.55
26/03/2017 21:45,1978.183792,-47.75
26/03/2017 22:53,2001.183792,-47.88
27/03/2017 00:01,1991.183792,-47.77
27/03/2017 01:09,1994.183792,-47.71
27/03/2017 03:25,1998.183792,-47.92
27/03/2017 04:33,2108.183792,-48.03
27/03/2017 05:41,2105.183792,-48.71
27/03/2017 06:49,2125.183792,-48.62
27/03/2017 09:05,2251.183792,-49.43
27/03/2017 10:13,2232.183792,-49.33
27/03/2017 11:21,2153.183792,-48.75
27/03/2017 12:29,2099.183792,-48.7
27/03/2017 14:46,2109.183792,-48.47
27/03/2017 15:54,2134.183792,-48.52
27/03/2017 17:02,2164.183792,-48.96
27/03/2017 18:10,2132.183792,-48.75
27/03/2017 20:26,2015.183792,-47.86
27/03/2017 21:34,2015.183792,-47.68
27/03/2017 22:42,2033.183792,-47.86
27/03/2017 23:50,2073.183792,-48.17
28/03/2017 02:06,2172.183792,-48.62
28/03/2017 03:14,2196.183792,-49.03
28/03/2017 04:22,2132.183792,-48.62
28/03/2017 05:30,2218.183792,-49.28
28/03/2017 07:46,2410.183792,-50.07
28/03/2017 08:54,2693.183792,-51.24
28/03/2017 10:02,2594.183792,-50.68
28/03/2017 11:10,2288.183792,-49.62
28/03/2017 13:26,2183.183792,-48.91
28/03/2017 14:34,2228.183792,-48.95
28/03/2017 15:42,2167.183792,-48.86
28/03/2017 16:50,2185.183792,-48.5
28/03/2017 19:06,2048.183792,-48.26
28/03/2017 20:14,2103.183792,-48.52
28/03/2017 22:30,2110.183792,-48.49
28/03/2017 23:38,2047.183792,-48.28
29/03/2017 00:46,2070.183792,-48.33
29/03/2017 01:54,2061.183792,-48.35
29/03/2017 04:10,2001.183792,-47.92
29/03/2017 05:18,2006.183792,-47.96
29/03/2017 06:26,1988.183792,-47.76
29/03/2017 07:34,1997.183792,-47.84
29/03/2017 09:50,2030.183792,-48.21
29/03/2017 10:58,1971.183792,-47.9
29/03/2017 12:06,1973.183792,-47.61
29/03/2017 13:14,2003.183792,-47.8
29/03/2017 15:30,1988.183792,-47.78
29/03/2017 16:38,2000.183792,-47.96
29/03/2017 17:46,2063.183792,-48.06
29/03/2017 18:54,2028.183792,-48.1
29/03/2017 21:10,2037.183792,-48.2
29/03/2017 22:18,2078.183792,-48.17
29/03/2017 23:26,2098.183792,-48.59
30/03/2017 00:34,2096.183792,-48.41
30/03/2017 02:50,2065.183792,-48.28
30/03/2017 03:58,2077.183792,-48.25
30/03/2017 05:06,2106.183792,-48.39
30/03/2017 06:14,2146.183792,-48.48
30/03/2017 08:30,2209.183792,-48.93
30/03/2017 09:38,2141.183792,-48.46
30/03/2017 10:46,2136.183792,-48.43
30/03/2017 11:54,2111.183792,-48.19
30/03/2017 14:10,2009.183792,-47.98
30/03/2017 15:18,1970.183792,-47.85
30/03/2017 16:26,1965.183792,-47.97
30/03/2017 17:34,2000.183792,-48.03
30/03/2017 19:50,2098.183792,-48.55
30/03/2017 20:58,2141.183792,-48.69
30/03/2017 22:06,2122.183792,-48.52
30/03/2017 23:14,2155.183792,-49.13
31/03/2017 01:30,2210.183792,-49.4
31/03/2017 02:38,2204.183792,-49.4
31/03/2017 03:46,2153.183792,-48.92
31/03/2017 04:54,2191.183792,-49.05
31/03/2017 07:10,2199.183792,-49.13
31/03/2017 08:18,2206.183792,-49.27
31/03/2017 09:26,2136.183792,-48.85
31/03/2017 10:34,2119.183792,-48.76
31/03/2017 12:50,2082.183792,-48.79
31/03/2017 13:58,2054.183792,-48.38
31/03/2017 15:06,2073.183792,-48.51
31/03/2017 16:14,2069.183792,-48.27
31/03/2017 18:30,2007.183792,-48.06
31/03/2017 19:38,2040.183792,-48.29
31/03/2017 20:46,2053.183792,-48.28
31/03/2017 21:54,2056.183792,-48.37